No,AC_YEAR,ENT_NAME,IN_SA_YEO,IN_SA_IJA,IN_SA_TAH,IN_SA_GI,IN_SA_SI,IN_SA_SUM,IN_SA_IW,OUT_SA_IN,OUT_SA_GI,OUT_SA_IJA,OUT_SA_GI2,OUT_SA_TUK,OUT_SA_SUM,OUT_JA_IW,IN_JA_JA,IN_JA_GO,IN_JA_ING,IN_JA_GI,IN_JA_SUM,IN_IW,OUT_JA_YU,OUT_JA_MU,OUT_JA_GO,OUT_JA_GI,OUT_JA_SUM,OUT_IW
1,2020,예산군하수도,946.0,8.0,6278.0,0.0,0.0,7232.0,0.0,0.0,6597.0,0.0,0.0,0.0,6597.0,0.0,0.0,0.0,810.0,95.0,905.0,0.0,244.0,0.0,0.0,0.0,244.0,0.0
2,2020,경기교통공사,66129.0,0.0,0.0,0.0,0.0,66129.0,0.0,17.0,1087.0,0.0,0.0,0.0,1104.0,64794.0,0.0,0.0,6446.0,0.0,6446.0,0.0,0.0,500.0,0.0,0.0,500.0,441.0
3,2020,원주시시설관리공단,11525.0,0.0,0.0,0.0,0.0,11525.0,0.0,6910.0,4596.0,0.0,0.0,0.0,11506.0,0.0,0.0,0.0,0.0,394.0,394.0,0.0,0.0,0.0,0.0,94.0,94.0,0.0
4,2020,김포도시공사,6476.0,294.0,0.0,412.0,0.0,7182.0,330.0,5890.0,9593.0,0.0,6.0,127.0,15616.0,330.0,20.0,0.0,0.0,1012.0,1032.0,53662.0,131.0,0.0,0.0,15397.0,15528.0,72.0
5,2020,파주도시공사,24764.0,0.0,0.0,246.0,0.0,25010.0,0.0,9409.0,15455.0,0.0,4.0,0.0,24868.0,0.0,0.0,0.0,0.0,4028.0,4028.0,0.0,0.0,0.0,0.0,915.0,915.0,0.0
6,2020,영천시시설관리공단,2370.0,0.0,0.0,0.0,0.0,2370.0,0.0,873.0,829.0,0.0,0.0,0.0,1702.0,0.0,0.0,0.0,0.0,0.0,0.0,0.0,0.0,0.0,0.0,0.0,0.0,0.0
7,2020,과천도시공사,22534.0,0.0,0.0,0.0,0.0,22534.0,5.0,13551.0,7976.0,0.0,0.0,0.0,21527.0,5.0,0.0,0.0,0.0,69446.0,69446.0,35.0,0.0,0.0,0.0,1126.0,1126.0,35.0
8,2020,울산광역시북구시설관리공단,5471.0,0.0,0.0,0.0,0.0,5471.0,0.0,2787.0,2684.0,0.0,0.0,0.0,5471.0,0.0,0.0,0.0,0.0,56.0,56.0,0.0,56.0,0.0,0.0,0.0,56.0,0.0
9,2020,포천도시공사,9467.0,16.0,0.0,0.0,0.0,9483.0,6.0,5426.0,4478.0,0.0,0.0,0.0,9904.0,6.0,0.0,0.0,0.0,30723.0,30723.0,0.0,459.0,64.0,0.0,1696.0,2219.0,0.0
10,2020,안양도시공사,25264.0,13.0,0.0,3.0,0.0,25280.0,0.0,12618.0,11916.0,0.0,3.0,0.0,24537.0,0.0,0.0,0.0,2582.0,0.0,2582.0,0.0,1015.0,16.0,0.0,0.0,1031.0,0.0
11,2020,예천군하수도,984.0,13.0,4125.0,0.0,0.0,5122.0,0.0,0.0,4321.0,0.0,0.0,0.0,4321.0,0.0,0.0,0.0,3286.0,266.0,3552.0,0.0,148.4,0.0,3537.0,0.6,3686.0,0.0
12,2020,예천군상수도,4079.0,28.0,4311.0,1.0,0.0,8419.0,0.0,0.0,8222.0,0.0,162.0,0.0,8384.0,0.0,0.0,398.0,18760.0,707.0,19865.0,0.0,15812.0,3596.0,398.0,94.0,19900.0,0.0
13,2020,고성군하수도,990.0,38.0,1373.0,1.0,0.0,2402.0,0.0,1.0,3204.0,0.0,0.0,0.0,3205.0,39.0,0.0,0.0,3250.0,1888.0,5138.0,591.0,838.0,0.0,0.0,0.0,838.0,542.0
14,2020,고성군상수도,5798.0,9.0,1114.0,60.0,0.0,6981.0,0.0,51.0,8114.0,0.0,0.0,0.0,8165.0,0.0,0.0,0.0,0.0,3228.0,3228.0,31.0,577.0,0.0,0.0,0.0,577.0,31.0
15,2020,세종도시교통공사,41554.0,43.0,0.0,2571.0,0.0,44168.0,3457.0,19397.0,20369.0,0.0,0.0,0.0,39766.0,3457.0,0.0,0.0,15521.0,667.0,16188.0,241.0,10434.0,0.0,0.0,12.0,10446.0,241.0
16,2020,사천시시설관리공단,10613.0,0.0,0.0,0.0,0.0,10613.0,0.0,4994.0,5619.0,0.0,0.0,0.0,10613.0,0.0,0.0,0.0,300.0,366.0,666.0,0.0,366.0,0.0,0.0,0.0,366.0,0.0
17,2020,제주특별자치도공영버스,1008.0,68.0,15375.0,33.0,0.0,16484.0,12.0,11326.0,5664.0,0.0,0.0,0.0,16990.0,12.0,39.0,0.0,3932.0,0.0,3971.0,0.0,443.0,0.0,0.0,0.0,443.0,0.0
18,2020,서울특별시하수도,751564.0,6410.0,22648.0,3110.0,0.0,783732.0,27364.0,25134.0,409670.0,0.0,0.0,0.0,434804.0,26925.0,0.0,0.0,67817.0,158207.0,226024.0,206482.0,185403.0,0.0,0.0,267868.0,453271.0,168937.0
19,2020,경주시시설관리공단,10174.0,0.7,0.0,0.0,0.0,10174.7,1024.0,5611.0,3825.0,0.0,0.0,0.0,9436.0,1024.0,0.0,0.0,128.0,121.0,249.0,0.0,116.0,5.0,0.0,0.0,121.0,0.0
20,2020,인천광역시연수구시설안전관리공단,11302.0,0.0,0.0,2.0,0.0,11304.0,0.0,6553.0,4749.0,0.0,2.0,0.0,11304.0,0.0,0.0,0.0,0.0,769.0,769.0,0.0,134.0,61.0,0.0,574.0,769.0,0.0
21,2020,서울교통공사,1529758.0,1370.0,0.0,63545.0,0.0,1594673.0,279335.0,1097172.0,1021204.0,26040.0,2329.0,0.0,2146745.0,216758.0,11358.0,1008000.0,444391.0,0.0,1463749.0,-349391.0,507976.0,14389.0,192563.0,52241.0,767169.0,133392.0
22,2020,태안군하수도,1080.0,91.0,5310.0,5.0,0.0,6486.0,0.0,253.0,7833.0,0.0,0.0,0.0,8086.0,0.0,0.0,0.0,14844.0,1717.0,16561.0,0.0,1748.0,0.0,0.0,8003.0,9751.0,0.0
23,2020,태안군상수도,7654.0,37.0,5520.0,3.0,0.0,13214.0,0.0,1283.0,7801.0,0.0,173.0,0.0,9257.0,0.0,0.0,0.0,0.0,13251.0,13251.0,0.0,3842.0,0.0,0.0,10486.0,14328.0,0.0
24,2020,김제시하수도,1123.0,128.0,11361.0,22.0,0.0,12634.0,0.0,763.0,11533.0,0.0,133.0,0.0,12429.0,0.0,0.0,0.0,0.0,29158.0,29158.0,0.0,9918.0,0.0,0.0,8311.0,18229.0,0.0
25,2020,부여군하수도,1543.0,39.0,8490.0,18.0,0.0,10090.0,0.0,267.0,5480.0,0.0,0.0,0.0,5747.0,0.0,0.0,0.0,19025.0,40495.0,59520.0,8746.0,1316.0,0.0,0.0,18948.0,20264.0,48579.0
26,2020,하남시하수도,13527.0,821.0,3709.0,579.0,0.0,18636.0,0.0,945.0,16079.0,0.0,0.0,0.0,17024.0,0.0,3.7,0.0,3714.6,50915.0,54633.3,0.0,1999.5,0.0,0.0,5000.0,6999.5,0.0
27,2020,서울에너지공사,177534.0,250.0,0.0,4644.0,0.0,182428.0,7258.0,20209.0,147246.0,1924.0,1319.0,0.0,170698.0,8338.0,128.0,3399.0,80448.0,11679.0,95654.0,7258.0,46687.0,280.0,44572.0,317.0,91856.0,8338.0
28,2020,충주시시설관리공단,17605.0,88.0,0.0,35.0,0.0,17728.0,0.0,7878.0,9099.0,0.0,35.0,0.0,17012.0,0.0,0.0,0.0,823.0,0.0,823.0,0.0,815.0,0.0,0.0,0.0,815.0,0.0
29,2020,세종특별자치시시설관리공단,22324.0,94.0,0.0,13.0,0.0,22431.0,0.0,7176.0,13872.0,0.0,1.0,0.0,21049.0,0.0,0.0,0.0,0.0,2544.0,2544.0,3123.0,2401.0,0.0,0.0,0.0,2401.0,2123.0
30,2020,밀양시시설관리공단,12275.0,0.0,0.0,61.0,0.0,12336.0,0.0,4678.0,7654.0,0.0,4.0,0.0,12336.0,0.0,0.0,0.0,0.0,1213.0,1213.0,0.0,1213.0,0.0,0.0,0.0,1213.0,0.0
31,2020,군산시하수도,33439.0,173.0,0.0,8087.0,0.0,41699.0,0.0,1885.0,19796.0,115.0,0.0,0.0,21796.0,0.0,0.0,0.0,25746.0,8670.0,34416.0,8325.0,26293.0,0.0,500.0,9387.0,36180.0,7247.0
32,2020,홍성군하수도,1956.0,10.0,3270.0,0.0,0.0,5236.0,46.0,165.0,5133.0,0.0,3.0,5.0,5306.0,46.0,0.0,0.0,2394.0,0.0,2394.0,46.0,1160.0,0.0,0.0,0.0,1160.0,56.0
33,2020,동해시하수도,9466.0,49.0,30.0,88.0,0.0,9633.0,250.0,380.0,4704.0,0.0,0.0,0.0,5084.0,250.0,0.0,0.0,8034.0,179.0,8213.0,2888.0,7322.0,0.0,0.0,190.0,7512.0,2086.0
34,2020,원주시하수도,20339.0,736.0,11582.0,58.0,0.0,32715.0,14960.0,2101.0,23750.0,0.0,0.0,0.0,25851.0,12653.0,0.0,0.0,15910.0,38076.0,53986.0,0.0,4515.0,0.0,9592.0,6773.0,20880.0,0.0
35,2020,양주시하수도,17702.0,310.0,2002.0,78.0,2.0,20094.0,2696.0,893.0,18114.0,0.0,0.0,20.0,19027.0,1556.0,0.0,0.0,68913.0,649.0,69562.0,19904.0,4246.0,0.0,0.0,37574.0,41820.0,14535.0
36,2020,서천군상수도,5107.0,18.0,597.0,16.0,3.0,5741.0,387.0,738.0,3594.0,0.0,10.0,0.0,4342.0,387.0,0.0,0.0,9207.0,1337.0,10544.0,9207.0,9255.0,0.0,0.0,0.0,9255.0,371.0
37,2020,부여군상수도,4611.0,26.0,2299.0,51.0,0.0,6987.0,0.0,1400.0,6395.0,0.0,0.0,0.0,7795.0,0.0,0.0,0.0,19444.0,3459.0,22903.0,3728.0,3010.0,0.0,0.0,8426.0,11436.0,4586.0
38,2020,금산군상수도,4537.0,13.0,4723.0,10.0,0.0,9283.0,0.0,71.0,6944.0,0.0,0.0,0.0,7015.0,0.0,0.0,0.0,7915.0,1699.0,9614.0,0.0,1814.0,0.0,0.0,6358.0,8172.0,1589.0
39,2020,인천관광공사,43808.0,96.0,0.0,10169.0,769.0,54842.0,6438.0,8076.0,36507.0,0.0,773.0,0.0,45356.0,6438.0,0.0,0.0,0.0,7968.0,7968.0,0.0,501.0,165.0,0.0,0.0,666.0,0.0
40,2020,광명도시공사,21793.0,0.0,0.0,4.0,0.0,21797.0,82.0,14010.0,6796.0,0.0,4.0,0.0,20810.0,19.0,0.0,0.0,23142.0,2455.0,25597.0,0.0,556.0,142.0,0.0,2455.0,3153.0,0.0
41,2020,영덕군하수도,1293.0,13.0,3444.0,0.0,0.0,4750.0,0.0,284.0,4745.0,0.0,0.0,0.0,5029.0,102.0,0.0,0.0,5409.0,0.0,5409.0,5409.0,3926.0,0.0,0.0,0.0,3926.0,435.0
42,2020,문경시하수도,2197.0,114.0,9110.0,3.0,0.0,11424.0,10203.0,2535.0,9244.0,0.0,0.0,0.0,11779.0,0.0,0.0,0.0,23987.0,0.0,23987.0,0.0,11505.0,9689.0,0.0,556.0,21750.0,0.0
43,2020,논산시하수도,4792.0,597.0,3945.0,9.0,0.0,9343.0,0.0,710.0,6222.0,0.0,2.0,8.0,6942.0,0.0,0.0,0.0,27623.0,14473.0,42096.0,26304.0,23780.0,0.0,2818.0,946.0,27544.0,20593.0
44,2020,과천시지식정보타운조성사업,558065.0,1725.0,0.0,1091.0,0.0,560881.0,0.0,0.0,384410.0,0.0,0.0,0.0,384410.0,0.0,0.0,0.0,82493.0,0.0,82493.0,7.0,0.0,0.0,0.0,0.0,0.0,7.0
45,2020,아산시시설관리공단,24473.0,0.0,0.0,0.0,0.0,24473.0,0.0,9623.0,14845.0,0.0,5.0,0.0,24473.0,0.0,0.0,0.0,0.0,1217.0,1217.0,0.0,0.0,0.0,0.0,417.0,417.0,0.0
46,2020,장수한우지방공사,5420.0,5.0,321.0,0.0,0.0,5746.0,0.0,836.0,6133.0,0.0,65.0,0.0,7034.0,0.0,1.0,0.0,0.0,1509.0,1510.0,0.0,99.0,401.0,0.0,136.0,636.0,0.0
47,2020,광주광역시광산구시설관리공단,20098.0,108.0,0.0,219.0,0.0,20425.0,51.0,15210.0,4450.0,108.0,657.0,0.0,20425.0,51.0,0.0,0.0,0.0,1840.0,1840.0,0.0,1436.0,0.0,0.0,404.0,1840.0,0.0
48,2020,대구광역시달성군시설관리공단,19265.0,0.0,0.0,0.0,0.0,19265.0,0.0,10077.0,9188.0,0.0,0.0,0.0,19265.0,0.0,0.0,0.0,300.0,933.0,1233.0,0.0,724.0,209.0,0.0,0.0,933.0,0.0
49,2020,김해시도시개발공사,50201.0,137.0,0.0,612.0,0.0,50950.0,4175.0,13075.0,27867.0,0.0,341.0,0.0,41283.0,2604.0,0.0,0.0,1988.0,21570.0,23558.0,321.0,593.0,0.0,0.0,15531.0,16124.0,296.0
50,2020,합천군상수도,2421.0,10.0,1885.0,0.0,0.0,4316.0,0.0,1779.0,2575.0,0.0,0.0,0.0,4354.0,0.0,0.0,0.0,6677.0,0.0,6677.0,0.0,6639.0,0.0,0.0,0.0,6639.0,0.0
51,2020,성남도시개발공사,118920.0,2213.0,0.0,74.0,0.0,121207.0,13535.0,43521.0,43414.0,0.0,43640.0,0.0,130575.0,11089.0,0.0,0.0,0.0,227222.0,227222.0,660.0,3664.0,268.0,0.0,100000.0,103932.0,660.0
52,2020,부여군시설관리공단,4924.0,0.0,0.0,0.0,0.0,4924.0,0.0,2693.0,2230.0,0.0,0.0,0.0,4923.0,0.0,0.0,0.0,0.0,392.0,392.0,0.0,92.0,0.0,0.0,0.0,92.0,0.0
53,2020,세종특별자치시하수도,14624.0,287.0,10059.0,404.0,0.0,25374.0,329.0,1540.0,24079.0,0.0,0.0,0.0,25619.0,288.0,0.0,0.0,19319.0,16463.0,35782.0,7326.0,2828.0,18192.0,0.0,4528.0,25548.0,6897.0
54,2020,진천군하수도,1664.0,110.0,5246.0,15.0,0.0,7035.0,12342.0,554.0,9667.0,0.0,0.0,0.7,10221.7,0.0,0.0,0.0,30692.0,0.0,30692.0,12848.0,10654.0,0.0,4434.0,719.0,15807.0,6468.0
55,2020,진천군상수도,16392.0,48.0,0.0,42.0,0.0,16482.0,0.0,1016.0,10909.0,0.0,0.0,0.0,11925.0,0.0,0.0,0.0,4338.0,11122.0,15460.0,556.0,7200.0,0.0,0.0,3015.0,10215.0,0.0
56,2020,울산광역시중구도시관리공단,6000.0,0.0,0.0,0.0,0.0,6000.0,0.0,483.0,5517.0,0.0,0.0,0.0,6000.0,0.0,0.0,0.0,303.0,0.0,303.0,0.0,64.0,39.0,0.0,0.0,103.0,0.0
57,2020,이천시시설관리공단,5088.0,0.0,0.0,0.0,0.0,5088.0,0.0,3317.0,1752.0,0.0,19.0,0.0,5088.0,0.0,0.0,0.0,0.0,487.0,487.0,0.0,170.0,17.0,0.0,0.0,187.0,0.0
58,2020,부산관광공사,7187.0,228.0,0.0,19448.0,0.0,26863.0,1164.0,7870.0,19023.0,0.0,46.0,0.0,26939.0,1153.0,2.0,0.0,16831.0,375.0,17208.0,736.0,2910.0,409.0,0.0,0.0,3319.0,716.0
59,2020,구리도시공사,9159.0,1.0,0.0,285.0,0.0,9445.0,1697.0,5361.0,3976.0,40.0,1433.0,0.0,10810.0,0.0,0.0,0.0,165.0,1185.0,1350.0,0.0,219.0,20.0,0.0,950.0,1189.0,255.0
60,2020,경상북도문화관광공사,83964.0,179.0,0.0,2119.0,0.0,86262.0,8102.0,12825.0,44091.0,1389.0,10828.0,0.0,69133.0,26422.0,13.0,0.0,19482.0,41678.0,61173.0,263.0,1800.0,319.0,3360.0,19482.0,24961.0,561.0
61,2020,제주에너지공사,13505.0,69.0,0.0,1916.0,0.0,15490.0,698.0,1517.0,5980.0,578.0,1541.0,477.0,10093.0,694.0,0.0,0.0,4924.0,13797.0,18721.0,4445.0,194.0,277.0,5312.0,9881.0,15664.0,3919.0
62,2020,광양시하수도,8288.0,56.0,839.0,432.0,0.0,9615.0,0.0,2819.0,8477.0,0.0,0.0,5.0,11301.0,0.0,0.0,0.0,36013.0,4579.0,40592.0,13745.0,21737.0,0.0,0.0,4573.0,26310.0,13028.0
63,2020,세종특별자치시상수도,27934.0,1310.0,392.0,259.0,321.0,30216.0,0.0,1926.0,17727.0,0.0,0.0,0.0,19653.0,0.0,0.0,15055.0,2947.0,83343.0,101345.0,2771.0,344.0,26025.0,0.0,0.0,26369.0,2523.0
64,2020,여수시하수도,17631.0,713.0,0.0,36.0,49.0,18429.0,289.0,1598.0,14949.0,0.0,0.0,1.0,16548.0,288.0,0.0,0.0,15456.0,15593.0,31049.0,32140.0,11750.0,0.0,0.0,3409.0,15159.0,17679.0
65,2020,옥천군하수도,1387.0,47.0,8866.0,1077.0,0.0,11377.0,1543.0,338.0,7791.0,0.0,0.0,14.0,8143.0,0.0,0.0,0.0,26566.0,0.0,26566.0,2258.0,24648.0,0.0,1971.0,1022.0,27641.0,2550.0
66,2020,남원시하수도,2906.0,84.0,446.0,1603.0,0.0,5039.0,0.0,1779.0,6146.0,0.0,0.0,0.0,7925.0,0.0,0.0,0.0,0.0,0.0,0.0,0.0,0.0,0.0,0.0,0.0,0.0,0.0
67,2020,영광군하수도,781.0,24.0,3967.0,28.0,0.0,4800.0,0.0,408.0,4092.0,0.0,0.0,0.0,4500.0,139.0,0.0,0.0,13770.0,0.0,13770.0,13770.0,241.0,0.0,0.0,0.0,241.0,4667.0
68,2020,영광군상수도,4072.0,31.0,1792.0,1.0,0.0,5896.0,0.0,1943.0,2912.0,0.0,0.0,0.0,4855.0,17.0,0.0,0.0,16772.0,0.0,16772.0,16772.0,2141.0,0.0,0.0,0.0,2141.0,1027.0
69,2020,거제해양관광개발공사,21932.0,65.0,0.0,39.0,0.0,22036.0,61.0,10326.0,12420.0,99.0,1.0,0.0,22846.0,56.0,0.0,0.0,150.0,174.0,324.0,9004.0,351.0,0.0,0.0,150.0,501.0,1307.0
70,2020,대전관광공사,32123.0,324.0,0.0,4218.0,0.0,36665.0,1009.0,11509.0,15735.0,0.0,6809.0,0.0,34053.0,826.0,0.0,0.0,708.0,16039.0,16747.0,4449.0,1412.0,0.0,0.0,0.0,1412.0,2745.0
71,2020,양평군하수도,5734.0,445.0,23659.0,368.0,0.0,30206.0,42.0,1367.0,23557.0,0.0,0.0,828.0,25752.0,42.0,0.0,0.0,33302.0,12810.0,46112.0,25066.0,15555.0,0.0,0.0,13392.0,28947.0,13161.0
72,2020,천안시시설관리공단(폐지),32388.0,0.0,0.0,0.0,0.0,32388.0,320.0,16192.0,16191.0,0.0,5.0,0.0,32388.0,320.0,0.0,0.0,0.0,3774.0,3774.0,0.0,3768.0,6.0,0.0,0.0,3774.0,0.0
73,2020,여주도시관리공단(폐지),8875.0,0.0,0.0,22.0,0.0,8897.0,0.0,5230.0,3645.0,0.0,22.0,0.0,8897.0,0.0,0.0,0.0,0.0,307.0,307.0,200.0,282.0,25.0,0.0,0.0,307.0,0.0
74,2020,영월군시설관리공단,5374.0,23.0,0.0,15.0,0.0,5412.0,0.0,2751.0,2623.0,0.0,0.0,0.0,5374.0,0.0,0.0,0.0,0.0,963.0,963.0,0.0,532.0,5.0,0.0,0.0,537.0,0.0
75,2020,계룡시하수도,1134.0,10.0,0.0,2.0,0.0,1146.0,2.0,0.0,3463.0,0.0,0.0,0.0,3463.0,2.0,0.0,0.0,7331.0,1598.0,8929.0,2434.0,1617.0,0.0,2853.0,337.0,4807.0,1813.0
76,2020,의왕도시공사,15860.0,175.0,0.0,594.0,0.0,16629.0,0.0,9757.0,8535.0,0.0,3.0,280.0,18575.0,0.0,0.0,0.0,11718.0,266.0,11984.0,0.0,190.0,112.0,0.0,0.0,302.0,0.0
77,2020,고양도시관리공사,93263.0,664.0,0.0,61.0,0.0,93988.0,14203.0,21705.0,55587.0,0.0,6919.0,144.0,84355.0,8114.0,4.0,0.0,7454.0,60845.0,68303.0,1039.0,7250.0,31.0,0.0,961.0,8242.0,1017.0
78,2020,양양군상수도,6155.0,64.0,0.0,12.0,0.0,6231.0,0.0,1934.0,2306.0,0.0,0.0,0.0,4240.0,0.0,0.0,0.0,4592.0,0.0,4592.0,4592.0,3948.0,0.0,0.0,0.0,3948.0,441.0
79,2020,계룡시상수도,4312.0,120.0,121.0,312.0,0.0,4865.0,0.0,0.0,2249.0,0.0,0.0,3.0,2252.0,0.0,0.0,0.0,4949.0,0.0,4949.0,0.0,4212.0,420.0,0.0,3000.0,7632.0,0.0
80,2020,증평군하수도,3349.0,8.0,0.0,188.0,0.0,3545.0,0.0,329.0,3413.0,0.0,0.0,7.0,3749.0,0.0,0.0,0.0,679.0,12345.0,13024.0,201.0,840.0,0.0,1973.0,7462.0,10275.0,201.0
81,2020,고양시하수도,61510.0,732.0,0.0,324.0,0.0,62566.0,0.0,3440.0,41171.0,0.0,0.0,29.0,44640.0,0.0,0.0,0.0,85144.0,0.0,85144.0,24207.0,4111.0,23794.0,0.0,2.0,27907.0,18850.0
82,2020,음성군하수도,1667.0,69.0,3343.0,14.0,0.0,5093.0,44.0,270.0,8784.0,0.0,0.0,2455.0,11509.0,40.0,0.0,2685.0,13990.0,4520.0,21195.0,2016.0,1787.0,10720.0,0.0,0.0,12507.0,1335.0
83,2020,김천시하수도,7022.0,189.0,3335.0,92.0,0.0,10638.0,1234.0,543.0,6031.0,0.0,0.0,3.0,6577.0,750.0,0.0,0.0,5895.0,12222.0,18117.0,2376.0,6262.0,0.0,0.0,0.0,6262.0,1532.0
84,2020,화순군하수도,1473.0,52.0,366.0,15.0,0.0,1906.0,0.0,241.0,6930.0,0.0,0.0,22.0,7193.0,0.0,0.0,0.0,12018.0,3350.0,15368.0,4856.0,6617.0,213.0,0.0,0.0,6830.0,4589.0
85,2020,화순군상수도,6834.0,75.0,4240.0,33.0,0.0,11182.0,0.0,1321.0,6516.0,0.0,0.0,0.0,7837.0,0.0,0.0,0.0,30246.0,1109.0,31355.0,7258.0,24552.0,0.0,0.0,905.0,25457.0,6102.0
86,2020,영동군상수도,4266.0,177.0,24898.0,20.0,0.0,29361.0,11114.0,1959.0,2395.0,0.0,0.0,0.0,4354.0,9.0,39.0,0.0,140.0,2066.0,2245.0,0.0,7670.0,0.0,0.0,11925.0,19595.0,10695.0
87,2020,포항시시설관리공단,21137.0,0.0,0.0,169.0,0.0,21306.0,0.0,12933.0,8204.0,0.0,169.0,0.0,21306.0,0.0,0.0,0.0,0.0,2335.0,2335.0,0.0,2135.0,0.0,0.0,0.0,2135.0,0.0
88,2020,춘천도시공사,29477.0,99.0,0.0,261.0,0.0,29837.0,0.0,11393.0,18069.0,0.0,0.0,3036.0,32498.0,0.0,0.0,0.0,3180.0,12325.0,15505.0,0.0,3180.0,0.0,0.0,0.0,3180.0,0.0
89,2020,이천시하수도,17349.0,1046.0,0.0,0.0,0.0,18395.0,0.0,1018.0,1810.0,0.0,8.0,0.0,2836.0,0.0,0.0,0.0,3287.0,62060.0,65347.0,0.0,162.0,0.0,0.0,7500.0,7662.0,0.0
90,2020,강릉관광개발공사,10250.0,31.0,0.0,2.0,0.0,10283.0,0.0,3842.0,5053.0,0.0,110.0,0.0,9005.0,0.0,0.0,0.0,2674.0,0.0,2674.0,0.0,355.0,0.0,0.0,0.0,355.0,0.0
91,2020,보령시시설관리공단,13593.0,0.0,0.0,158.0,0.0,13751.0,0.0,5587.0,7260.0,0.0,157.0,0.0,13004.0,0.0,0.0,0.0,300.0,151.0,451.0,0.0,139.0,12.0,0.0,0.0,151.0,0.0
92,2020,당진도시공사,346.0,25.0,0.0,1691.0,0.0,2062.0,0.0,539.0,719.0,0.0,0.0,0.0,1258.0,0.0,0.0,0.0,0.0,0.0,0.0,0.0,215.0,0.0,0.0,0.0,215.0,0.0
93,2020,연천군하수도,3676.0,436.0,8601.0,958.0,0.0,13671.0,1159.0,654.0,8827.0,0.0,0.0,0.0,9481.0,1095.0,0.0,0.0,25399.0,867.0,26266.0,29230.0,18662.0,0.0,0.0,1339.0,20001.0,15476.0
94,2020,칠곡군하수도,6472.0,131.0,18147.0,0.0,394.0,25144.0,225.0,222.0,37421.0,0.0,0.0,6.0,37649.0,225.0,0.0,0.0,9815.0,1250.0,11065.0,16848.0,960.0,0.0,0.0,9944.0,10904.0,13577.0
95,2020,의령친환경골프장관리사업소,1900.0,17.0,0.0,14.0,0.0,1931.0,146.0,408.0,776.0,0.0,0.0,0.0,1184.0,0.0,0.0,0.0,1396.0,0.0,1396.0,0.0,177.0,0.0,0.0,700.0,877.0,0.0
96,2020,경기도고덕국제화계획지구조성사업,24084.0,39.0,0.0,11.0,0.0,24134.0,0.0,0.0,8247.0,1146.0,0.0,0.0,9393.0,0.0,0.0,4000.0,3715.0,0.0,7715.0,0.0,0.0,0.0,16150.0,0.0,16150.0,0.0
97,2020,인천광역시제물포구시설관리공단,9209.0,0.0,0.0,0.0,0.0,9209.0,0.0,5542.0,3665.0,0.0,2.0,0.0,9209.0,0.0,0.0,0.0,0.0,686.0,686.0,0.0,0.0,0.0,0.0,686.0,686.0,0.0
98,2020,여수시도시관리공단,33545.0,0.0,0.0,0.0,0.0,33545.0,119.0,23855.0,9672.0,0.0,0.0,0.0,33527.0,119.0,0.0,0.0,0.0,5706.0,5706.0,119.0,4642.0,0.0,0.0,0.0,4642.0,119.0
99,2020,단양군상수도,5436.0,40.0,40.0,66.0,1.0,5583.0,0.0,36.0,4992.0,0.0,0.0,0.0,5028.0,0.0,0.0,0.0,5389.0,0.0,5389.0,0.0,1326.0,0.0,0.0,0.0,1326.0,0.0
100,2020,영덕군상수도,4484.0,23.0,3527.0,3.0,0.0,8037.0,814.0,571.0,2793.0,0.0,0.0,0.0,3364.0,80.0,0.0,0.0,250.0,0.0,250.0,814.0,3407.0,0.0,0.0,1092.0,4499.0,772.0
101,2020,양산시시설관리공단,15600.0,0.0,0.0,0.0,0.0,15600.0,0.0,8288.0,7310.0,0.0,2.0,0.0,15600.0,0.0,0.0,0.0,268.0,200.0,468.0,0.0,268.0,0.0,0.0,0.0,268.0,0.0
102,2020,단양관광관리공단(폐지),5906.0,0.0,0.0,0.0,0.0,5906.0,0.0,3339.0,2561.0,0.0,6.0,0.0,5906.0,0.0,0.0,0.0,0.0,90.0,90.0,0.0,63.0,27.0,0.0,0.0,90.0,0.0
103,2020,동두천시하수도,10375.0,218.0,4000.0,60.0,0.0,14653.0,19.0,2004.0,7195.0,0.0,0.0,2.0,9201.0,19.0,0.0,0.0,0.0,10583.0,10583.0,11828.0,3587.0,0.0,0.0,350.0,3937.0,6522.0
104,2020,부산광역시기장군도시관리공단,17618.0,0.0,0.0,6379.0,0.0,23997.0,25.0,8695.0,7872.0,0.0,5307.0,0.0,21874.0,0.0,0.0,0.0,0.0,1120.0,1120.0,0.0,985.0,129.0,0.0,0.0,1114.0,0.0
105,2020,함안지방공사,15423.0,153.0,0.0,62.0,0.0,15638.0,0.0,5211.0,6295.0,0.0,1234.0,0.0,12740.0,0.0,0.0,0.0,540.0,0.0,540.0,7531.0,557.0,96.0,0.0,655.0,1308.0,0.0
106,2020,의성군상수도,4694.0,97.0,5460.0,190.0,0.0,10441.0,95.0,1218.0,8575.0,0.0,0.0,0.0,9793.0,95.0,3.0,0.0,19795.0,1293.0,21091.0,4458.0,8026.0,0.0,0.0,10459.0,18485.0,4074.0
107,2020,안산도시공사,58505.0,393.0,0.0,1042.0,0.0,59940.0,6122.0,31625.0,32067.0,220.0,519.0,0.0,64431.0,3539.0,0.0,0.0,0.0,56784.0,56784.0,6810.0,15166.0,1451.0,0.0,800.0,17417.0,6494.0
108,2020,파주시하수도,35325.0,210.0,1670.0,423.0,0.0,37628.0,0.0,1288.0,29179.0,0.0,0.0,0.0,30467.0,0.0,0.0,0.0,42704.0,35069.0,77773.0,1280.0,7188.0,0.0,0.0,32192.0,39380.0,920.0
109,2020,포항시하수도,21030.0,455.0,37108.0,10.0,0.0,58603.0,24717.0,4565.0,37487.0,12717.0,0.0,0.0,54769.0,0.0,0.0,0.0,44383.0,0.0,44383.0,23877.0,53376.0,0.0,0.0,2537.0,55913.0,19190.0
110,2020,보령시하수도,4508.0,460.0,7.0,368.0,0.0,5343.0,18216.0,338.0,381.0,0.0,1.0,0.0,720.0,0.0,485.0,1105.0,22147.0,10056.0,33793.0,0.0,8611.0,9974.0,0.0,0.0,18585.0,10755.0
111,2020,제주관광공사,32277.0,141.0,0.0,11448.0,0.0,43866.0,0.0,3634.0,25378.0,525.0,8629.0,0.0,38166.0,0.0,0.0,0.0,5100.0,6114.0,11214.0,4286.0,415.0,354.0,5000.0,11145.0,16914.0,4286.0
112,2020,울주군시설관리공단,15873.0,0.0,0.0,0.0,0.0,15873.0,0.0,9080.0,6791.0,0.0,2.0,0.0,15873.0,0.0,0.0,0.0,0.0,1744.0,1744.0,0.0,1690.0,54.0,0.0,0.0,1744.0,0.0
113,2020,양평공사,25304.0,3.0,1373.0,202.0,0.0,26882.0,133.0,7908.0,15040.0,413.0,209.0,45.0,23615.0,107.0,0.0,0.0,0.0,2183.0,2183.0,121.0,113.0,0.0,0.0,2704.0,2817.0,121.0
114,2020,당진시하수도,8422.0,281.0,10089.0,9.0,0.0,18801.0,0.0,539.0,13341.0,0.0,0.0,0.0,13880.0,0.0,0.0,0.0,32941.0,13696.0,46637.0,11557.0,256.0,0.0,4082.0,18136.0,22474.0,9102.0
115,2020,평택도시공사,109136.0,450.0,0.0,1101.0,0.0,110687.0,9499.0,7079.0,10628.0,93.0,781.0,0.0,18581.0,9366.0,0.0,90000.0,76.0,0.0,90076.0,43758.0,117.0,946.0,90000.0,52457.0,143520.0,28945.0
116,2020,강화군시설관리공단,9192.0,0.0,0.0,0.0,0.0,9192.0,11.0,6032.0,3160.0,0.0,0.0,0.0,9192.0,11.0,0.0,0.0,0.0,1627.0,1627.0,968.0,986.0,43.0,0.0,598.0,1627.0,0.0
117,2020,군포도시공사,29060.0,369.0,0.0,152.0,0.0,29581.0,0.0,10842.0,18450.0,0.0,152.0,0.0,29444.0,0.0,0.0,0.0,30920.0,1448.0,32368.0,0.0,1451.0,0.0,0.0,0.0,1451.0,0.0
118,2020,전주시시설관리공단,30563.0,134.0,0.0,0.0,0.0,30697.0,0.0,16711.0,13783.0,135.0,68.0,0.0,30697.0,0.0,0.0,0.0,1004.0,0.0,1004.0,0.0,976.0,28.0,0.0,0.0,1004.0,0.0
119,2020,화성도시공사,95947.0,1819.0,0.0,1412.0,0.0,99178.0,165408.0,17769.0,57515.0,0.0,843.0,0.0,76127.0,24499.0,0.0,0.0,7534.0,100.0,7634.0,0.0,6038.0,1221.0,0.0,3458.0,10717.0,228.0
120,2020,화성시하수도,52489.0,1056.0,0.0,290.0,49.0,53884.0,18104.0,1315.0,52376.0,0.0,0.0,129.0,53820.0,15234.0,0.0,0.0,85457.0,242.0,85699.0,0.0,24260.0,0.0,0.0,1.0,24261.0,0.0
121,2020,울산광역시남구도시관리공단,14622.0,88.0,0.0,32.0,0.0,14742.0,0.0,3583.0,10919.0,88.0,32.0,0.0,14622.0,0.0,0.0,0.0,0.0,941.0,941.0,0.0,876.0,65.0,0.0,0.0,941.0,0.0
122,2020,강릉시하수도,16040.0,255.0,4103.0,185.0,0.0,20583.0,19.0,559.0,17957.0,0.0,0.0,16.0,18532.0,19.0,0.0,0.0,23788.0,4.0,23792.0,25366.0,14404.0,0.0,0.0,0.0,14404.0,16854.0
123,2020,인천경제자유구역청,535794.0,3630.0,5772.0,31569.0,17497.0,594262.0,759.0,1391.0,191638.0,0.0,0.0,475.0,193504.0,730.0,246.0,0.0,6215.0,311650.0,318111.0,147058.0,274577.0,34.0,0.0,39180.0,313791.0,81673.0
124,2020,거제시하수도,5648.0,116.0,7043.0,13654.0,0.0,26461.0,5337.0,691.0,12754.0,0.0,0.0,6.0,13451.0,0.0,0.0,0.0,36464.0,2228.0,38692.0,0.0,4991.0,0.0,0.0,35296.0,40287.0,4899.0
125,2020,노원구시설관리공단,18312.0,0.0,0.0,0.0,0.0,18312.0,14.0,10874.0,7438.0,0.0,0.0,0.0,18312.0,14.0,0.0,0.0,0.0,131.0,131.0,0.0,131.0,0.0,0.0,0.0,131.0,0.0
126,2020,남양주도시공사,75545.0,1043.0,0.0,355.0,0.0,76943.0,124178.0,15744.0,20819.0,0.0,92.0,0.0,36655.0,68784.0,0.0,0.0,0.0,10891.0,10891.0,0.0,4678.0,0.0,0.0,965.0,5643.0,7467.0
127,2020,중구시설관리공단,18005.0,0.0,0.0,114.0,0.0,18119.0,0.0,8759.0,9246.0,0.0,114.0,0.0,18119.0,0.0,0.0,0.0,0.0,858.0,858.0,0.0,0.0,0.0,0.0,858.0,858.0,0.0
128,2020,함안군상수도,7768.0,53.0,0.0,25.0,1800.0,9646.0,0.0,212.0,4546.0,0.0,0.0,0.0,4758.0,0.0,0.0,0.0,11113.0,0.0,11113.0,641.0,4804.0,0.0,0.0,0.0,4804.0,641.0
129,2020,양주시시설관리공단(폐지),15702.0,0.0,0.0,340.0,0.0,16042.0,0.0,8059.0,7643.0,0.0,340.0,0.0,16042.0,0.0,0.0,0.0,0.0,1561.0,1561.0,0.0,194.0,0.0,0.0,1067.0,1261.0,0.0
130,2020,통영관광개발공사,8471.0,137.0,160.0,147.0,0.0,8915.0,0.0,4763.0,4603.0,0.0,441.0,0.0,9807.0,0.0,0.0,0.0,0.0,13435.0,13435.0,0.0,151.0,0.0,0.0,1802.0,1953.0,0.0
131,2020,영양고추유통공사,17331.0,16.0,0.0,537.0,0.0,17884.0,0.0,2468.0,24303.0,191.0,12.0,0.0,26974.0,0.0,0.0,21500.0,493.0,153.0,22146.0,0.0,442.0,0.0,14800.0,222.0,15464.0,0.0
132,2020,음성군상수도,16133.0,10.0,3899.0,11.0,0.0,20053.0,10.0,944.0,11543.0,0.0,0.0,7.0,12494.0,10.0,6.0,0.0,4990.0,674.0,5670.0,1343.0,5118.0,0.0,0.0,3473.0,8591.0,1177.0
133,2020,울산광역시도시공사,59911.0,2878.0,0.0,6371.0,0.0,69160.0,0.0,3933.0,75089.0,1023.0,395.0,10038.0,90478.0,819.0,0.0,52138.0,253432.0,16105.0,321675.0,9064.0,9596.0,0.0,71038.0,108411.0,189045.0,6713.0
134,2020,문경관광진흥공단(폐지),8041.0,92.0,0.0,-92.0,0.0,8041.0,0.0,4135.0,3906.0,0.0,0.0,0.0,8041.0,0.0,0.0,0.0,138.0,100.0,238.0,0.0,86.0,52.0,0.0,0.0,138.0,0.0
135,2020,부안군상수도,8974.0,22.0,3666.0,15.0,0.0,12677.0,34.0,8576.0,1517.0,0.0,0.0,0.0,10093.0,34.0,0.0,0.0,951.0,3136.0,4087.0,990.0,2773.0,314.0,0.0,0.0,3087.0,898.0
136,2020,관악구시설관리공단,10607.0,70.0,0.0,57.0,0.0,10734.0,0.0,6924.0,3683.0,70.0,57.0,0.0,10734.0,0.0,0.0,0.0,0.0,442.0,442.0,0.0,305.0,137.0,0.0,0.0,442.0,0.0
137,2020,안동시시설관리공단,22645.0,0.0,0.0,3.0,0.0,22648.0,0.0,10550.0,12095.0,0.0,3.0,0.0,22648.0,0.0,0.0,0.0,0.0,744.0,744.0,0.0,544.0,0.0,0.0,0.0,544.0,0.0
138,2020,인천환경공단,117786.0,0.0,0.0,761.0,0.0,118547.0,0.0,35363.0,80787.0,0.0,673.0,0.0,116823.0,0.0,0.0,0.0,2118.0,30502.0,32620.0,272.0,30249.0,19.0,0.0,2162.0,32430.0,272.0
139,2020,제천시하수도,7119.0,231.0,8084.0,39.0,0.0,15473.0,251.0,2694.0,9534.0,0.0,0.0,0.0,12228.0,251.0,0.0,0.0,20833.0,6219.0,27052.0,21909.0,5099.0,0.0,0.0,17971.0,23070.0,13247.0
140,2020,은평구시설관리공단,8300.0,0.0,0.0,64.0,0.0,8364.0,0.0,4936.0,3364.0,0.0,64.0,0.0,8364.0,0.0,0.0,0.0,0.0,145.0,145.0,0.0,129.0,16.0,0.0,0.0,145.0,0.0
141,2020,충주시하수도,17644.0,332.0,15951.0,123.0,0.0,34050.0,0.0,3695.0,12518.0,0.0,0.0,0.0,16213.0,71.0,0.0,0.0,26332.0,0.0,26332.0,26332.0,26848.0,0.0,0.0,0.0,26848.0,4995.0
142,2020,충청남도개발공사,227716.0,560.0,0.0,25972.0,0.0,254248.0,666.0,4085.0,75432.0,0.0,23179.0,0.0,102696.0,529.0,0.0,2317.0,83844.0,45160.0,131321.0,2763.0,5396.0,524.0,28390.0,70696.0,105006.0,2603.0
143,2020,창원레포츠파크,22165.0,0.0,271.0,0.0,0.0,22436.0,0.0,9560.0,12538.0,0.0,338.0,0.0,22436.0,0.0,0.0,0.0,0.0,1390.0,1390.0,0.0,1158.0,232.0,0.0,0.0,1390.0,0.0
144,2020,부산지방공단스포원(부산시설공단 통합),15597.0,0.0,1207.0,0.0,0.0,16804.0,0.0,8556.0,6870.0,0.0,1105.0,0.0,16531.0,0.0,0.0,0.0,4651.0,0.0,4651.0,2019.0,3225.0,0.0,0.0,0.0,3225.0,1736.0
145,2020,광주환경공단,64554.0,181.0,0.0,306.0,0.0,65041.0,13.0,18769.0,41524.0,0.0,0.0,0.0,60293.0,13.0,0.0,0.0,12388.0,21.0,12409.0,2997.0,10969.0,41.0,0.0,22.0,11032.0,2506.0
146,2020,대구공공시설관리공단,108724.0,330.0,0.0,0.0,0.0,109054.0,115.0,30352.0,68604.0,0.0,0.0,0.0,98956.0,115.0,0.0,0.0,0.0,17259.0,17259.0,5062.0,17236.0,0.0,0.0,438.0,17674.0,4979.0
147,2020,부산환경공단,169945.0,0.0,0.0,0.0,0.0,169945.0,7093.0,38981.0,123321.0,0.0,863.0,0.0,163165.0,7023.0,0.0,0.0,0.0,16400.0,16400.0,2113.0,14980.0,0.0,0.0,129.0,15109.0,2113.0
148,2020,창원시설공단,69403.0,0.0,0.0,2.0,0.0,69405.0,0.0,35813.0,33590.0,0.0,2.0,0.0,69405.0,0.0,0.0,0.0,1227.0,2000.0,3227.0,0.0,1218.0,9.0,0.0,0.0,1227.0,0.0
149,2020,구미시설공단(폐지),40653.0,144.0,0.0,1.0,0.0,40798.0,0.0,15362.0,0.0,0.0,0.0,0.0,15362.0,0.0,0.0,0.0,0.0,2877.0,2877.0,0.0,1187.0,82.0,0.0,1608.0,2877.0,0.0
150,2020,청주시시설관리공단,35502.0,132.0,0.0,20.0,0.0,35654.0,0.0,16432.0,19060.0,0.0,9.0,0.0,35501.0,0.0,0.0,0.0,2205.0,433.0,2638.0,326.0,1702.0,227.0,0.0,5.0,1934.0,147.0
151,2020,정선군시설관리공단,11160.0,0.0,0.0,0.0,0.0,11160.0,0.0,5927.0,5233.0,0.0,0.0,0.0,11160.0,0.0,0.0,0.0,0.0,267.0,267.0,0.0,222.0,40.0,0.0,5.0,267.0,0.0
152,2020,동해시시설관리공단,8628.0,0.0,0.0,0.0,0.0,8628.0,0.0,4829.0,3797.0,0.0,2.0,0.0,8628.0,0.0,0.0,0.0,0.0,520.0,520.0,0.0,62.0,0.0,0.0,0.0,62.0,458.0
153,2020,속초시시설관리공단,16399.0,0.0,0.0,0.0,0.0,16399.0,0.0,11365.0,5034.0,0.0,0.0,0.0,16399.0,0.0,0.0,0.0,0.0,524.0,524.0,0.0,0.0,0.0,0.0,524.0,524.0,0.0
154,2020,연천군시설관리공단,9107.0,0.0,0.0,0.0,0.0,9107.0,0.0,4534.0,4060.0,0.0,3.0,0.0,8597.0,0.0,0.0,0.0,0.0,253.0,253.0,0.0,180.0,73.0,0.0,0.0,253.0,0.0
155,2020,가평군시설관리공단,9972.0,0.0,0.0,118.0,0.0,10090.0,0.0,5225.0,4747.0,0.0,118.0,0.0,10090.0,0.0,0.0,0.0,733.0,0.0,733.0,200.0,426.0,307.0,0.0,0.0,733.0,0.0
156,2020,의정부시시설관리공단(폐지),34093.0,174.0,0.0,33.0,0.0,34300.0,0.0,18671.0,12204.0,0.0,147.0,0.0,31022.0,0.0,0.0,0.0,0.0,277.0,277.0,0.0,269.0,0.0,0.0,0.0,269.0,0.0
157,2020,오산시시설관리공단(폐지),13888.0,0.0,0.0,0.0,0.0,13888.0,8.0,6084.0,6975.0,0.0,5.0,0.0,13064.0,8.0,0.0,0.0,0.0,686.0,686.0,0.0,320.0,141.0,0.0,0.0,461.0,0.0
158,2020,안성시시설관리공단,22055.0,0.0,0.0,1.0,0.0,22056.0,0.0,11503.0,8517.0,0.0,1512.0,0.0,21532.0,0.0,0.0,0.0,288.0,0.0,288.0,0.0,230.0,58.0,0.0,0.0,288.0,0.0
159,2020,시흥도시공사,40466.0,163.0,0.0,3.0,0.0,40632.0,0.0,12665.0,27801.0,111.0,3.0,0.0,40580.0,0.0,0.0,7000.0,4050.0,3892.0,14942.0,5200.0,486.0,100.0,0.0,11409.0,11995.0,382.0
160,2020,부천도시공사,75481.0,626.0,0.0,118.0,0.0,76225.0,0.0,21414.0,29471.0,0.0,3073.0,0.0,53958.0,3601.0,0.0,0.0,0.0,33036.0,33036.0,0.0,2251.0,0.0,0.0,0.0,2251.0,0.0
161,2020,수원도시공사,78845.0,63.0,0.0,2296.0,0.0,81204.0,0.0,33377.0,37018.0,0.0,2296.0,0.0,72691.0,3010.0,0.0,0.0,4314.0,522.0,4836.0,3935.0,618.0,0.0,0.0,0.0,618.0,68.0
162,2020,울산시설공단,57633.0,0.0,0.0,2.0,0.0,57635.0,0.0,27783.0,26957.0,0.0,2.0,0.0,54742.0,0.0,0.0,0.0,0.0,4050.0,4050.0,0.0,3776.0,243.0,0.0,27.0,4046.0,0.0
163,2020,대전광역시시설관리공단,81030.0,208.0,0.0,348.0,0.0,81586.0,231.0,29703.0,47016.0,0.0,1383.0,0.0,78102.0,148.0,0.0,0.0,14958.0,0.0,14958.0,2966.0,10551.0,267.0,237.0,76.0,11131.0,1970.0
164,2020,인천광역시서구시설관리공단,30953.0,0.0,0.0,0.0,0.0,30953.0,0.0,16785.0,14168.0,0.0,0.0,0.0,30953.0,0.0,0.0,0.0,700.0,5162.0,5862.0,0.0,1083.0,422.0,0.0,3657.0,5162.0,0.0
165,2020,인천광역시계양구시설관리공단,7582.0,0.0,0.0,0.0,0.0,7582.0,0.0,5314.0,2268.0,0.0,0.0,0.0,7582.0,0.0,0.0,0.0,0.0,0.0,0.0,0.0,0.0,0.0,0.0,0.0,0.0,0.0
166,2020,인천광역시부평구시설관리공단,16152.0,0.0,0.0,0.0,0.0,16152.0,0.0,9378.0,6771.0,0.0,3.0,0.0,16152.0,0.0,0.0,0.0,0.0,2234.0,2234.0,0.0,596.0,65.0,0.0,1573.0,2234.0,0.0
167,2020,남동구도시관리공단,11968.0,0.0,0.0,3.0,0.0,11971.0,0.0,5750.0,6218.0,0.0,3.0,0.0,11971.0,0.0,0.0,0.0,0.0,1608.0,1608.0,0.0,649.0,0.0,0.0,562.0,1211.0,0.0
168,2020,인천광역시미추홀구시설관리공단,12646.0,0.0,0.0,0.0,0.0,12646.0,0.0,7078.0,5568.0,0.0,0.0,0.0,12646.0,0.0,0.0,0.0,492.0,1020.0,1512.0,0.0,43.0,33.0,0.0,944.0,1020.0,0.0
169,2020,인천시설공단,114861.0,620.0,0.0,208.0,0.0,115689.0,112.0,56353.0,50762.0,0.0,0.0,0.0,107115.0,112.0,0.0,0.0,9599.0,6810.0,16409.0,0.0,9095.0,328.0,6811.0,0.0,16234.0,0.0
170,2020,대구시설공단(대구공공시설관리공단 통합),88722.0,0.0,0.0,0.0,0.0,88722.0,403.0,88672.0,0.0,0.0,0.0,0.0,88672.0,402.0,0.0,0.0,15615.0,0.0,15615.0,3045.0,13788.0,0.0,0.0,0.0,13788.0,2330.0
171,2020,부산시설공단,127685.0,406.0,0.0,1706.0,0.0,129797.0,195.0,46968.0,62377.0,0.0,9173.0,2.0,118520.0,185.0,0.0,0.0,10552.0,0.0,10552.0,15901.0,17063.0,392.0,0.0,108.0,17563.0,4506.0
172,2020,중랑구시설관리공단,14433.0,0.0,0.0,769.0,0.0,15202.0,0.0,7406.0,7027.0,0.0,769.0,0.0,15202.0,0.0,0.0,0.0,1027.0,0.0,1027.0,0.0,1027.0,0.0,0.0,0.0,1027.0,0.0
173,2020,종로구시설관리공단,11908.0,0.0,0.0,4.0,0.0,11912.0,0.0,6938.0,4441.0,0.0,0.0,0.0,11379.0,0.0,0.0,0.0,0.0,1527.0,1527.0,0.0,765.0,21.0,0.0,0.0,786.0,0.0
174,2020,용산구시설관리공단,16134.0,0.0,0.0,345.0,0.0,16479.0,0.0,9903.0,6231.0,0.0,345.0,0.0,16479.0,0.0,0.0,0.0,0.0,174.0,174.0,0.0,174.0,0.0,0.0,0.0,174.0,0.0
175,2020,영등포구시설관리공단,15396.0,0.0,0.0,0.0,0.0,15396.0,0.0,8813.0,6582.0,0.0,1.0,0.0,15396.0,0.0,0.0,0.0,0.0,325.0,325.0,0.0,277.0,48.0,0.0,0.0,325.0,0.0
176,2020,양천구시설관리공단,12338.0,0.0,0.0,51.0,0.0,12389.0,0.0,7478.0,4860.0,0.0,51.0,0.0,12389.0,0.0,0.0,0.0,0.0,41.0,41.0,0.0,41.0,0.0,0.0,0.0,41.0,0.0
177,2020,송파구시설관리공단,17735.0,0.0,0.0,20.0,0.0,17755.0,0.0,11393.0,6342.0,0.0,20.0,0.0,17755.0,0.0,0.0,0.0,0.0,327.0,327.0,0.0,0.0,0.0,0.0,327.0,327.0,0.0
178,2020,성북구도시관리공단,16400.0,132.0,363.0,-132.0,0.0,16763.0,12.0,9453.0,6947.0,0.0,363.0,0.0,16763.0,12.0,0.0,0.0,3014.0,0.0,3014.0,228.0,3014.0,0.0,0.0,0.0,3014.0,228.0
179,2020,성동구도시관리공단,19979.0,0.0,0.0,10.0,0.0,19989.0,0.0,11407.0,8572.0,0.0,10.0,0.0,19989.0,0.0,0.0,0.0,900.0,0.0,900.0,0.0,900.0,0.0,0.0,0.0,900.0,0.0
180,2020,서대문구도시관리공단,11985.0,0.0,0.0,0.0,0.0,11985.0,0.0,5792.0,6193.0,0.0,0.0,0.0,11985.0,0.0,0.0,0.0,458.0,137.0,595.0,0.0,574.0,21.0,0.0,0.0,595.0,0.0
181,2020,마포구시설관리공단,17430.0,0.0,0.0,0.0,0.0,17430.0,0.0,9054.0,7152.0,0.0,1224.0,0.0,17430.0,0.0,0.0,0.0,0.0,155.0,155.0,0.0,0.0,0.0,0.0,155.0,155.0,0.0
182,2020,동작구시설관리공단,12688.0,164.0,0.0,24.0,0.0,12876.0,0.0,6645.0,6043.0,0.0,188.0,0.0,12876.0,0.0,0.0,0.0,0.0,253.0,253.0,0.0,211.0,42.0,0.0,0.0,253.0,0.0
183,2020,동대문구시설관리공단,12423.0,0.0,0.0,0.0,0.0,12423.0,0.0,7089.0,5334.0,0.0,0.0,0.0,12423.0,0.0,0.0,0.0,0.0,566.0,566.0,0.0,217.0,149.0,0.0,200.0,566.0,0.0
184,2020,도봉구시설관리공단,13496.0,0.0,0.0,0.0,0.0,13496.0,0.0,7210.0,6286.0,0.0,0.0,0.0,13496.0,0.0,0.0,0.0,491.0,0.0,491.0,0.0,0.0,0.0,0.0,491.0,491.0,0.0
185,2020,금천구시설관리공단,12164.0,0.0,0.0,40.0,0.0,12204.0,0.0,5379.0,6785.0,0.0,40.0,0.0,12204.0,0.0,0.0,0.0,0.0,385.0,385.0,0.0,22.0,4.0,0.0,0.0,26.0,0.0
186,2020,구로구시설관리공단,10192.0,21.0,0.0,-14.0,0.0,10199.0,0.0,5899.0,4293.0,0.0,46.0,0.0,10238.0,10238.0,0.0,0.0,0.0,462.0,462.0,0.0,15.0,0.0,0.0,448.0,463.0,0.0
187,2020,광진구시설관리공단,18299.0,0.0,0.0,0.0,0.0,18299.0,0.0,10613.0,7686.0,0.0,0.0,0.0,18299.0,0.0,0.0,0.0,0.0,1423.0,1423.0,0.0,0.0,0.0,0.0,1423.0,1423.0,0.0
188,2020,강서구시설관리공단,14631.0,155.0,0.0,0.0,0.0,14786.0,140.0,8545.0,6086.0,0.0,0.0,0.0,14631.0,140.0,0.0,0.0,0.0,955.0,955.0,0.0,950.0,0.0,0.0,0.0,950.0,0.0
189,2020,강북구도시관리공단,16129.0,0.0,0.0,0.0,0.0,16129.0,0.0,9712.0,6417.0,0.0,0.0,0.0,16129.0,0.0,0.0,0.0,0.0,2757.0,2757.0,0.0,2307.0,166.0,0.0,0.0,2473.0,0.0
190,2020,강동구도시관리공단,13011.0,0.0,0.0,0.0,0.0,13011.0,0.0,7489.0,5522.0,0.0,0.0,0.0,13011.0,0.0,0.0,0.0,0.0,815.0,815.0,0.0,786.0,29.0,0.0,0.0,815.0,0.0
191,2020,강남구도시관리공단,26047.0,0.0,0.0,0.0,0.0,26047.0,0.0,12964.0,13083.0,0.0,0.0,0.0,26047.0,0.0,0.0,0.0,0.0,4527.0,4527.0,0.0,3722.0,0.0,0.0,0.0,3722.0,0.0
192,2020,서울시설공단,370656.0,1800.0,0.0,2621.0,0.0,375077.0,3144.0,180809.0,181231.0,0.0,1213.0,0.0,363253.0,3086.0,0.0,0.0,0.0,35736.0,35736.0,12847.0,30859.0,231.0,0.0,545.0,31635.0,12722.0
193,2020,창녕군시설관리공단,16012.0,61.0,0.0,38.0,0.0,16111.0,0.0,5642.0,8959.0,0.0,1841.0,0.0,16442.0,0.0,0.0,0.0,0.0,1764.0,1764.0,0.0,400.0,0.0,0.0,0.0,400.0,0.0
194,2020,청도공영사업공사,2581.0,9.0,0.0,5779.0,0.0,8369.0,0.0,1125.0,6314.0,0.0,0.0,0.0,7439.0,0.0,0.0,0.0,0.0,200.0,200.0,972.0,103.0,0.0,0.0,200.0,303.0,0.0
195,2020,하남도시공사,161183.0,659.0,0.0,10250.0,0.0,172092.0,134.0,5968.0,16149.0,165.0,406.0,4114.0,26802.0,134.0,2037.0,24866.0,174.0,58437.0,85514.0,5482.0,99149.0,156.0,25785.0,5000.0,130090.0,990.0
196,2020,용인도시공사,143908.0,3624.0,0.0,1063.0,0.0,148595.0,64461.0,19912.0,91208.0,118.0,58601.0,0.0,169839.0,40761.0,0.0,773.0,2803.0,322963.0,326539.0,10409.0,2812.0,41.0,0.0,1294.0,4147.0,2234.0
197,2020,경기평택항만공사,16048.0,130.0,0.0,37.0,0.0,16215.0,0.0,1354.0,11983.0,0.0,392.0,0.0,13729.0,0.0,0.0,0.0,0.0,1043.0,1043.0,14754.0,1607.0,411.0,666.0,218.0,2902.0,150.0
198,2020,광주도시관리공사,45891.0,192.0,0.0,7012.0,0.0,53095.0,10822.0,15418.0,31037.0,0.0,22.0,0.0,46477.0,9068.0,0.0,0.0,25114.0,4001.0,29115.0,0.0,918.0,71.0,0.0,709.0,1698.0,0.0
199,2020,경기관광공사,38296.0,134.0,0.0,596.0,0.0,39026.0,15754.0,5056.0,25818.0,0.0,20.0,0.0,30894.0,6696.0,7.0,0.0,0.0,273.0,280.0,12919.0,104.0,0.0,0.0,1169.0,1273.0,0.0
200,2020,구리농수산물공사,13296.0,317.0,0.0,9771.0,0.0,23384.0,0.0,3976.0,4810.0,0.0,9647.0,0.0,18433.0,0.0,0.0,0.0,0.0,34766.0,34766.0,317.0,1639.0,0.0,0.0,1075.0,2714.0,306.0
201,2020,광주광역시 관광공사,8058.0,142.0,1109.0,39.0,0.0,9348.0,272.0,5148.0,8626.0,0.0,0.0,0.0,13774.0,272.0,200.0,0.0,0.0,0.0,200.0,6324.0,959.0,485.0,0.0,0.0,1444.0,0.0
202,2020,서울특별시농수산식품공사,79040.0,2785.0,0.0,40711.0,0.0,122536.0,754.0,20897.0,50537.0,3428.0,34435.0,0.0,109297.0,491.0,66.0,2306.0,1052.0,79111.0,82535.0,628.0,6978.0,222.0,77976.0,1560.0,86736.0,553.0
203,2020,제주특별자치도개발공사,336137.0,4674.0,0.0,4735.0,0.0,345546.0,36701.0,39009.0,213807.0,0.0,24138.0,0.0,276954.0,2391.0,110.0,11660.0,23552.0,116849.0,152171.0,0.0,37648.0,354.0,225.0,36745.0,74972.0,18943.0
204,2020,경남개발공사,203589.0,1931.0,0.0,1092.0,0.0,206612.0,24481.0,5061.0,74095.0,799.0,2088.0,2863.0,84906.0,1111.0,52.0,177276.0,9024.0,106153.0,292505.0,132687.0,11853.0,0.0,0.0,205666.0,217519.0,23216.0
205,2020,경상북도개발공사,172228.0,962.0,0.0,9294.0,0.0,182484.0,0.0,6885.0,80958.0,0.0,7689.0,4707.0,100239.0,2260.0,0.0,116561.0,0.0,177703.0,294264.0,9942.0,139090.0,157.0,61531.0,0.0,200778.0,5494.0
206,2020,전남개발공사,13797.0,4209.0,0.0,4161.0,0.0,22167.0,0.0,7544.0,16928.0,1713.0,3103.0,10976.0,40264.0,0.0,292426.0,145962.0,213542.0,167703.0,819633.0,0.0,3598.0,445.0,144900.0,358314.0,507257.0,0.0
207,2020,전북개발공사,269944.0,1752.0,0.0,2231.0,0.0,273927.0,958.0,4046.0,14646.0,5249.0,669.0,1280.0,25890.0,795.0,0.0,33450.0,1656.0,134851.0,169957.0,8619.0,34021.0,103.0,210315.0,23340.0,267779.0,8501.0
208,2020,충북개발공사,142092.0,1169.0,26.0,2894.0,0.0,146181.0,31.0,4091.0,140940.0,116.0,628.0,0.0,145775.0,11.0,340.0,75000.0,18242.0,296113.0,389695.0,175.0,17.0,7.0,0.0,156656.0,156680.0,172.0
209,2020,강원개발공사,199765.0,839.0,0.0,1599.0,0.0,202203.0,0.0,6458.0,199636.0,16728.0,5270.0,0.0,228092.0,0.0,23751.0,188000.0,148200.0,105935.0,465886.0,0.0,33285.0,106.0,188717.0,31517.0,253625.0,0.0
210,2020,경기주택도시공사,1588868.0,34376.0,0.0,78059.0,0.0,1701303.0,9861.0,34288.0,1486201.0,3039.0,43617.0,144753.0,1711898.0,5124.0,0.0,283264.0,154783.0,34084.0,472131.0,2653643.0,491739.0,16067.0,191260.0,42546.0,741612.0,72.0
211,2020,대전도시공사,126380.0,849.0,18966.0,8649.0,0.0,154844.0,41001.0,50350.0,74183.0,7019.0,561.0,12681.0,144794.0,18414.0,16.0,509834.0,7845.0,129626.0,647321.0,0.0,8321.0,1809.0,193572.0,278517.0,482219.0,6736.0
212,2020,광주광역시도시공사,83812.0,1831.0,0.0,1252.0,0.0,86895.0,0.0,18843.0,75036.0,2769.0,7867.0,0.0,104515.0,6722.0,43092.0,13287.0,216402.0,0.0,272781.0,8555.0,58636.0,165.0,42605.0,100.0,101506.0,1082.0
213,2020,인천도시공사,1333419.0,2858.0,0.0,60598.0,0.0,1396875.0,13253.0,23365.0,861575.0,10361.0,66399.0,0.0,961700.0,12437.0,921.0,1099873.0,63071.0,261935.0,1425800.0,24749.0,101071.0,2555.0,1188696.0,15856.0,1308178.0,24740.0
214,2020,대구도시개발공사,8431.0,1977.0,0.0,5649.0,0.0,16057.0,3508.0,10561.0,30275.0,791.0,827.0,0.0,42454.0,3508.0,0.0,16854.0,21421.0,515449.0,553724.0,35373.0,14430.0,0.0,6070.0,355763.0,376263.0,34379.0
215,2020,부산도시공사,319036.0,9350.0,247.0,32031.0,0.0,360664.0,3037.0,15896.0,40327.0,6536.0,11551.0,61418.0,135728.0,488.0,14333.0,426589.0,32707.0,863474.0,1337103.0,11302.0,82064.0,0.0,711801.0,280324.0,1074189.0,10416.0
216,2020,서울주택도시개발공사,2963569.0,43474.0,0.0,43163.0,0.0,3050206.0,0.0,69089.0,2069836.0,1564.0,42966.0,227474.0,2410929.0,0.0,64098.0,2044550.0,1111797.0,4174.0,3224619.0,1973609.0,1685307.0,12287.0,1645803.0,32653.0,3376050.0,0.0
217,2020,대전교통공사,43625.0,112.0,0.0,29694.0,0.0,73431.0,2034.0,43827.0,29089.0,0.0,0.0,0.0,72916.0,2034.0,151.0,0.0,5944.0,0.0,6095.0,4940.0,3563.0,9.0,0.0,1457.0,5029.0,3766.0
218,2020,광주교통공사,25243.0,179.0,0.0,47693.0,0.0,73115.0,1077.0,41217.0,25615.0,1.0,640.0,0.0,67473.0,1076.0,280.0,0.0,0.0,2255.0,2535.0,8578.0,1759.0,95.0,0.0,1094.0,2948.0,3005.0
219,2020,인천교통공사,156721.0,815.0,58833.0,4444.0,0.0,220813.0,1756.0,131795.0,115587.0,0.0,5008.0,0.0,252390.0,1755.0,0.0,57900.0,70897.0,4167.0,132964.0,36558.0,23346.0,3.0,1666.0,6835.0,31850.0,29942.0
220,2020,대구교통공사,141363.0,447.0,135478.0,6249.0,0.0,283537.0,5599.0,171180.0,140507.0,4780.0,197.0,0.0,316664.0,5591.0,0.0,176400.0,41327.0,38117.0,255844.0,28761.0,23966.0,224.0,0.0,143441.0,167631.0,17881.0
221,2020,부산교통공사,225644.0,762.0,240265.0,7385.0,0.0,474056.0,20972.0,273207.0,246586.0,1551.0,3201.0,0.0,524545.0,11586.0,108.0,268700.0,161009.0,92139.0,521956.0,115933.0,157466.0,0.0,160918.0,36550.0,354934.0,73644.0
222,2020,진주시공영개발,136401.0,360.0,0.0,149.0,0.0,136910.0,0.0,0.0,38.0,0.0,0.0,0.0,38.0,0.0,0.0,0.0,0.0,7687.0,7687.0,32043.0,23894.0,0.0,0.0,0.0,23894.0,24984.0
223,2020,창원시주택건설사업,1848.0,128.0,0.0,0.0,0.0,1976.0,0.0,253.0,607.0,0.0,0.0,0.0,860.0,0.0,0.0,1225.0,500.0,6788.0,8513.0,0.0,1009.0,0.0,1376.0,5209.0,7594.0,1576.0
224,2020,광양시공영개발,0.0,100.0,0.0,0.0,0.0,100.0,0.0,138.0,42.0,0.0,0.0,0.0,180.0,0.0,0.0,0.0,0.0,56381.0,56381.0,0.0,0.0,0.0,0.0,56000.0,56000.0,0.0
225,2020,순천시공영개발,0.0,982.0,0.0,4.0,0.0,986.0,0.0,217.0,111.0,0.0,0.0,0.0,328.0,0.0,0.0,0.0,0.0,0.0,0.0,0.0,0.0,0.0,0.0,0.0,0.0,0.0
226,2020,목포시공영개발,146.0,2.0,0.0,1.0,0.0,149.0,0.0,220.0,132.0,0.0,0.0,0.0,352.0,0.0,0.0,0.0,3296.0,0.0,3296.0,0.0,30.0,0.0,0.0,3063.0,3093.0,0.0
227,2020,익산시공영개발,31713.0,212.0,10000.0,48.0,0.0,41973.0,0.0,228.0,108.0,0.0,0.0,0.0,336.0,0.0,0.0,0.0,0.0,2941.0,2941.0,12192.0,15771.0,0.0,0.0,0.0,15771.0,12031.0
228,2020,계룡시공영개발,17550.0,340.0,0.0,0.0,0.0,17890.0,0.0,0.0,33.0,0.0,0.0,0.0,33.0,0.0,0.0,0.0,0.0,0.0,0.0,0.0,0.0,0.0,0.0,0.0,0.0,0.0
229,2020,세종특별자치시공영개발,80.0,428.0,0.0,2421.0,0.0,2929.0,0.0,0.0,416.0,0.0,0.0,0.0,416.0,0.0,0.0,0.0,1000.0,692.0,1692.0,22264.0,0.0,0.0,0.0,0.0,0.0,18812.0
230,2020,아산시공영개발,34.0,11.0,185.0,0.0,0.0,230.0,0.0,0.0,205.0,0.0,0.0,0.0,205.0,0.0,0.0,0.0,250.0,825.0,1075.0,0.0,398.0,0.0,0.0,625.0,1023.0,0.0
231,2020,천안시공영개발,3086.0,659.0,0.0,0.0,0.0,3745.0,0.0,58.0,0.0,0.0,0.0,0.0,58.0,0.0,0.0,0.0,47854.0,0.0,47854.0,0.0,0.0,0.0,0.0,51541.0,51541.0,0.0
232,2020,음성군공영개발,54.0,25.0,0.0,1.0,0.0,80.0,8.0,201.0,56.0,0.0,0.0,0.0,257.0,8.0,0.0,0.0,1111.0,0.0,1111.0,705.0,5.0,0.0,0.0,1.0,6.0,680.0
233,2020,충주시공영개발,36273.0,162.0,530.0,0.0,0.0,36965.0,14.0,311.0,143.0,0.0,0.0,0.0,454.0,11.0,0.0,0.0,9861.0,6.0,9867.0,628.0,19546.0,0.0,0.0,0.0,19546.0,317.0
234,2020,강릉시공영개발,8945.0,72.0,134.0,9.0,0.0,9160.0,7.0,145.0,427.0,0.0,0.0,0.0,572.0,7.0,0.0,0.0,8851.0,0.0,8851.0,0.0,0.0,0.0,0.0,510.0,510.0,0.0
235,2020,원주시공영개발,2599.0,1138.0,0.0,9.0,0.0,3746.0,0.0,205.0,0.0,0.0,0.0,0.0,205.0,0.0,0.0,0.0,0.0,4.0,4.0,82981.0,92.0,0.0,0.0,20000.0,20092.0,0.0
236,2020,춘천시공영개발,98.0,1603.0,0.0,387.0,0.0,2088.0,0.0,0.0,27.0,0.0,0.0,0.0,27.0,0.0,0.0,0.0,81326.0,0.0,81326.0,7734.0,3026.0,0.0,0.0,22400.0,25426.0,6177.0
237,2020,경기도판교테크노밸리조성사업,2061.0,2795.0,0.0,10158.0,0.0,15014.0,0.0,0.0,11176.0,0.0,0.0,0.0,11176.0,0.0,0.0,0.0,0.0,0.0,0.0,159206.0,0.0,0.0,0.0,2848.0,2848.0,0.0
238,2020,안성시공영개발,9389.0,976.0,0.0,7.0,1.0,10373.0,0.0,183.0,29.0,0.0,0.0,0.0,212.0,0.0,0.0,0.0,0.0,0.0,0.0,51703.0,0.0,0.0,0.0,20.0,20.0,0.0
239,2020,의왕시공영개발,0.0,112.0,4800.0,0.7,0.0,4912.7,0.0,594.0,233.0,0.0,0.0,0.0,827.0,0.0,0.0,0.0,0.0,0.0,0.0,0.0,0.0,0.0,0.0,0.0,0.0,0.0
240,2020,시흥시공영개발,23222.0,7216.0,0.0,55.0,0.0,30493.0,78.0,919.0,770.0,0.0,0.0,144.0,1833.0,78.0,0.0,0.0,12463.0,408975.0,421438.0,28985.0,1.0,0.0,0.0,167005.0,167006.0,24788.0
241,2020,의정부시공영개발,498.0,679.0,0.0,0.0,164.0,1341.0,0.0,349.0,0.0,0.0,0.0,0.0,349.0,0.0,0.0,0.0,60751.0,0.0,60751.0,0.0,1991.0,3900.0,0.0,15300.0,21191.0,0.0
242,2020,성남시공영개발,442.0,1521.0,0.0,2.0,0.0,1965.0,11.0,1277.0,571.0,0.0,0.0,0.0,1848.0,11.0,0.0,188.0,80594.0,0.0,80782.0,8147.0,140.0,0.0,0.0,192.0,332.0,6094.0
243,2020,제주특별자치도하수도,48677.0,684.0,27605.0,2075.0,13.0,79054.0,1108.0,9830.0,53866.0,3771.0,0.0,463.0,67930.0,1050.0,0.0,30500.0,116271.0,77624.0,224395.0,54936.0,87348.0,112.0,42337.0,5457.0,135254.0,39405.0
244,2020,창녕군하수도,1165.0,172.0,4398.0,310.0,0.0,6045.0,5375.0,0.0,5040.0,0.0,0.0,0.0,5040.0,0.0,0.0,0.0,0.0,0.0,0.0,0.0,0.0,0.0,0.0,0.0,0.0,0.0
245,2020,양산시하수도,24826.0,690.0,2966.0,84.0,0.0,28566.0,0.0,1022.0,19819.0,0.0,0.0,198.0,21039.0,0.0,0.0,0.0,738.0,41829.0,42567.0,467.0,5617.0,0.0,0.0,11000.0,16617.0,299.0
246,2020,밀양시하수도,5294.0,251.0,5588.0,82.0,0.0,11215.0,0.0,588.0,6421.0,0.0,0.0,0.0,7009.0,0.0,0.0,0.0,24451.0,13.0,24464.0,16602.0,12393.0,0.0,0.0,6107.0,18500.0,13910.0
247,2020,통영시하수도,2412.0,90.0,0.0,0.0,0.0,2502.0,0.0,0.0,2402.0,0.0,0.0,0.0,2402.0,0.0,0.0,0.0,5060.0,0.0,5060.0,456.0,4516.0,0.0,0.0,644.0,5160.0,456.0
248,2020,거창군하수도,1115.0,144.0,10081.0,0.0,0.0,11340.0,0.0,321.0,9747.0,0.0,0.0,319.0,10387.0,0.0,0.0,0.0,4419.0,7837.0,12256.0,1775.0,6192.0,0.0,0.0,0.0,6192.0,1358.0
249,2020,사천시하수도,9864.0,71.0,3112.0,20.0,0.0,13067.0,0.0,666.0,7690.0,0.0,0.0,33.0,8389.0,0.0,0.0,0.0,5074.0,0.0,5074.0,1044.0,3125.0,0.0,0.0,0.0,3125.0,328.0
250,2020,김해시하수도,39987.0,1001.0,6236.0,171.0,0.0,47395.0,67.0,1941.0,27676.0,0.0,0.0,0.0,29617.0,65.0,521.0,0.0,47636.0,62002.0,110159.0,20717.0,9738.0,0.0,0.0,35053.0,44791.0,14091.0
251,2020,진주시하수도,18374.0,382.0,17172.0,54.0,0.0,35982.0,0.0,4375.0,32906.0,0.0,0.0,10.0,37291.0,107.0,4.0,0.0,14460.0,3445.0,17909.0,14460.0,3573.0,0.0,0.0,0.0,3573.0,12873.0
252,2020,창원시하수도,65359.0,1567.0,968.0,651.0,0.0,68545.0,0.0,9120.0,60532.0,0.0,0.0,1768.0,71420.0,0.0,0.0,0.0,58182.0,52160.0,110342.0,0.0,26693.0,0.0,0.0,10279.0,36972.0,0.0
253,2020,영주시하수도,2612.0,81.0,7311.0,0.0,0.0,10004.0,0.0,12507.0,5629.0,0.0,0.0,0.0,18136.0,0.0,0.0,0.0,14110.0,1853.0,15963.0,2680.0,5860.0,0.0,0.0,366.0,6226.0,1613.0
254,2020,상주시하수도,1765.0,37.0,1452.0,0.0,33.0,3287.0,326.0,322.0,10143.0,0.0,0.0,0.0,10465.0,299.0,0.0,0.0,21419.0,4864.0,26283.0,584.0,1553.0,0.0,10874.0,121.0,12548.0,507.0
255,2020,경산시하수도,12289.0,187.0,4886.0,38.0,199.0,17599.0,407.0,642.0,17718.0,0.0,0.0,0.0,18360.0,36.0,0.0,0.0,37285.0,0.0,37285.0,18059.0,13898.0,0.0,0.0,5436.0,19334.0,4248.0
256,2020,영천시하수도,4494.0,127.0,5392.0,8.0,0.0,10021.0,0.0,2365.0,5854.0,0.0,0.0,0.0,8219.0,0.0,0.0,0.0,15296.0,7556.0,22852.0,17316.0,10508.0,0.0,0.0,341.0,10849.0,12317.0
257,2020,안동시하수도,7858.0,201.0,4005.0,56.0,8.0,12128.0,13.0,688.0,11298.0,0.0,0.0,0.2,11986.2,13.0,0.0,0.0,0.0,0.0,0.0,4396.0,3403.0,0.0,0.0,8768.0,12171.0,3299.0
258,2020,구미시하수도,50704.0,457.0,7456.0,291.0,12.0,58920.0,77.0,1170.0,37091.0,0.0,0.0,1.0,38262.0,77.0,37.0,0.0,15519.0,56480.0,72036.0,18585.0,16878.0,0.0,0.0,0.0,16878.0,16980.0
259,2020,경주시하수도,12719.0,163.0,13244.0,26.0,31.0,26183.0,9936.0,2549.0,24038.0,0.0,0.0,0.0,26587.0,755.0,0.0,0.0,23614.0,5810.0,29424.0,8923.0,6767.0,0.0,13844.0,0.0,20611.0,5496.0
260,2020,영암군하수도,4056.0,107.0,4491.0,176.0,0.0,8830.0,0.0,1448.0,5291.0,0.0,0.0,3.0,6742.0,0.0,0.0,0.0,16212.0,0.0,16212.0,9717.0,11459.0,0.0,0.0,5.0,11464.0,7695.0
261,2020,나주시하수도,2187.0,195.0,5120.0,441.0,0.0,7943.0,0.0,1170.0,9376.0,0.0,0.0,108.0,10654.0,0.0,0.0,0.0,12608.0,4308.0,16916.0,10180.0,1381.0,0.0,0.0,8403.0,9784.0,8770.0
262,2020,순천시하수도,21946.0,486.0,2146.0,1047.0,0.0,25625.0,0.0,2754.0,8836.0,0.0,0.0,5.0,11595.0,0.0,0.0,0.0,29306.0,29680.0,58986.0,14170.0,20044.0,5088.0,0.0,1075.0,26207.0,13099.0
263,2020,목포시하수도,19512.0,59.0,1852.0,76.0,0.69,21499.69,0.0,5287.0,9113.0,0.0,0.0,83.0,14483.0,0.0,0.0,0.0,18675.0,29637.0,48312.0,10619.0,23022.0,0.0,0.0,123.0,23145.0,9100.0
264,2020,정읍시하수도,11191.0,94.0,4439.0,33.0,1.0,15758.0,0.0,796.0,14586.0,0.0,0.0,61.0,15443.0,35.0,41.0,0.0,4597.0,1685.0,6323.0,15270.0,7010.0,0.0,0.0,1.0,7011.0,4856.0
265,2020,익산시하수도,24104.0,328.0,16758.0,46.0,0.0,41236.0,0.0,2363.0,34721.0,0.0,0.0,0.0,37084.0,0.0,66.0,0.0,17279.0,12193.0,29538.0,14455.0,19237.0,0.0,0.0,2.0,19239.0,11281.0
266,2020,완주군하수도,3704.0,142.0,0.0,0.0,0.0,3846.0,50.0,684.0,2798.0,0.0,0.0,0.0,3482.0,0.0,0.0,0.0,0.0,0.0,0.0,8413.0,359.0,0.0,0.0,0.0,359.0,0.0
267,2020,전주시하수도,60784.0,619.0,0.0,124.0,0.0,61527.0,0.0,2592.0,29266.0,0.0,200.0,10.0,32068.0,0.0,0.0,0.0,30684.0,0.0,30684.0,77505.0,19382.0,0.0,0.0,10011.0,29393.0,29133.0
268,2020,서산시하수도,9026.0,244.0,1938.0,5.0,0.0,11213.0,0.0,260.0,13127.0,0.0,23.0,0.0,13410.0,456.0,0.0,0.0,28046.0,14397.0,42443.0,13831.0,169.0,0.0,0.0,29592.0,29761.0,8551.0
269,2020,아산시하수도,15003.0,970.0,245.0,21.0,0.0,16239.0,0.0,1102.0,2711.0,0.0,0.0,29.0,3842.0,0.0,0.0,0.0,0.0,65286.0,65286.0,761.0,1848.0,0.6,0.0,67048.9,68897.5,296.0
270,2020,천안시하수도,49750.0,1181.0,798.0,23.0,0.0,51752.0,0.0,4267.0,27320.0,0.0,0.0,0.0,31587.0,571.0,0.0,0.0,117761.0,0.0,117761.0,24254.0,2809.0,367.0,14653.0,15540.0,33369.0,14366.0
271,2020,공주시하수도,2020.0,358.0,4738.0,0.0,0.0,7116.0,1380.0,472.0,9315.0,0.0,0.0,0.0,9787.0,1284.0,0.0,0.0,15606.0,10626.0,26232.0,17784.0,11033.0,0.0,0.0,3142.0,14175.0,12595.0
272,2020,청주시하수도,74737.0,942.0,11420.0,47.0,0.0,87146.0,93.0,7599.0,49676.0,0.0,0.0,95.0,57370.0,67.0,70.0,0.0,28263.0,50977.0,79310.0,46665.0,9220.0,0.0,2285.0,29343.0,40848.0,8894.0
273,2020,속초시하수도,7776.0,121.0,0.0,80.0,0.0,7977.0,0.0,1704.0,5234.0,0.0,0.0,5.0,6943.0,0.0,0.0,3000.0,9810.0,0.0,12810.0,8500.0,9795.0,0.0,0.0,0.0,9795.0,8500.0
274,2020,춘천시하수도,14424.0,413.0,7554.0,578.0,0.0,22969.0,14.0,4811.0,15618.0,0.0,0.0,0.0,20429.0,14.0,0.0,0.0,37852.0,0.0,37852.0,15531.0,12042.0,0.0,8327.0,2651.0,23020.0,7165.0
275,2020,가평군하수도,5390.0,97.0,9253.0,316.0,0.0,15056.0,948.0,1479.0,11196.0,0.0,0.0,37.0,12712.0,856.0,0.0,0.0,18177.0,3879.0,22056.0,1412.0,3855.0,15.0,0.0,12658.0,16528.0,906.0
276,2020,김포시하수도,21238.0,190.0,3675.0,8.0,321.0,25432.0,0.0,744.0,26125.0,0.0,10.0,5.0,26884.0,0.0,0.0,0.0,13689.0,13195.0,26884.0,2506.0,3831.0,0.0,0.0,10510.0,14341.0,1897.0
277,2020,안양시하수도,50195.0,1458.0,2.0,58.0,0.0,51713.0,0.0,2309.0,36711.0,0.0,575.0,0.0,39595.0,95.0,1000.0,0.0,48924.0,95337.0,145261.0,8146.0,12291.0,0.0,0.0,30000.0,42291.0,6577.0
278,2020,평택시하수도,36032.0,701.0,2320.0,632.0,0.0,39685.0,63.0,1377.0,27742.0,0.0,0.0,88.0,29207.0,63.0,7.0,0.0,67069.0,26868.0,93944.0,45916.0,49637.0,1.0,0.0,56283.0,105921.0,33939.0
279,2020,광주시하수도,30247.0,1382.0,42055.0,1446.0,2.0,75132.0,0.0,1241.0,45771.0,128.0,0.0,683.0,47823.0,0.0,0.0,0.0,19263.0,46882.0,66145.0,31613.0,3624.0,0.0,6800.0,3439.0,13863.0,28117.0
280,2020,안성시하수도,8806.0,332.0,10646.0,27.0,0.0,19811.0,0.0,869.0,16663.0,0.0,0.0,19.0,17551.0,0.0,0.0,0.0,5782.0,9189.0,14971.0,7705.0,655.0,0.0,0.0,1071.0,1726.0,3220.0
281,2020,남양주시하수도,39485.0,1051.0,17284.0,101.0,0.0,57921.0,170.0,1958.0,49832.0,0.0,0.0,1956.0,53746.0,167.0,0.0,0.0,17411.0,42121.0,59532.0,21556.0,3758.0,0.0,0.0,13217.0,16975.0,14885.0
282,2020,의왕시하수도,13531.0,153.0,50.0,56.0,0.0,13790.0,10.0,655.0,23651.0,0.0,0.0,0.0,24306.0,10.0,0.0,0.0,37957.0,13039.0,50996.0,7544.0,2041.0,0.0,0.0,0.0,2041.0,1161.0
283,2020,용인시하수도,69004.0,1010.0,9260.0,125.0,0.0,79399.0,19.0,4673.0,81542.0,0.0,132.0,23.0,86370.0,19.0,0.0,0.0,54098.0,57262.0,111360.0,30337.0,9616.0,0.0,0.0,17638.0,27254.0,15760.0
284,2020,군포시하수도,14851.0,577.0,0.0,0.0,0.0,15428.0,242.0,17206.0,0.0,0.0,0.0,0.0,17206.0,12.0,0.0,0.0,10456.0,35376.0,45832.0,2225.0,1405.0,0.0,0.0,2.0,1407.0,1260.0
285,2020,여주시하수도,1415.0,85.0,16150.0,45.0,17.0,17712.0,869.0,1000.0,11330.0,0.0,11742.0,0.0,24072.0,869.0,0.0,0.0,2189.0,191.0,2380.0,869.0,6623.0,3245.0,0.0,1054.0,10922.0,818.0
286,2020,오산시하수도,26561.0,933.0,1186.0,72.0,0.0,28752.0,20439.0,2117.0,20182.0,0.0,0.0,0.0,22299.0,13.0,0.0,0.0,1559.0,40762.0,42321.0,0.0,1915.0,1073.0,0.0,225.0,3213.0,10849.0
287,2020,포천시하수도,10684.0,522.0,9811.0,513.0,0.0,21530.0,293.0,521.0,13738.0,0.0,0.0,8.0,14267.0,276.0,29.0,0.0,32438.0,18244.0,50711.0,20110.0,30443.0,0.0,0.0,11068.0,41511.0,18175.0
288,2020,시흥시하수도,32552.0,684.0,500.0,427.0,0.0,34163.0,411.0,1405.0,36066.0,0.0,0.0,354.0,37825.0,322.0,0.0,0.0,12847.0,48182.0,61029.0,7718.0,20.0,12754.0,0.0,1008.0,13782.0,3459.0
289,2020,구리시하수도,19773.0,1592.0,10133.0,7.0,0.0,31505.0,0.0,1604.0,16007.0,0.0,0.0,11.0,17622.0,1387.0,43.0,0.0,14336.0,48634.0,63013.0,20794.0,9253.0,7.0,0.0,10000.0,19260.0,11869.0
290,2020,성남시하수도,33967.0,161.0,5.0,123.0,0.0,34256.0,7438.0,3397.0,36019.0,0.0,0.0,2.0,39418.0,2893.0,1.0,0.0,22307.0,33460.0,55768.0,0.0,3790.0,0.0,3807.0,7016.0,14613.0,2943.0
291,2020,과천시하수도,5139.0,97.0,10.0,2.0,0.0,5248.0,60.0,1110.0,3091.0,0.0,0.0,15.0,4216.0,0.0,0.0,0.0,881.0,6784.0,7665.0,1646.0,1846.0,0.0,0.0,0.0,1846.0,1089.0
292,2020,안산시하수도,48653.0,1157.0,788.0,931.0,0.0,51529.0,0.0,3250.0,34265.0,0.0,0.0,4.0,37519.0,0.0,0.0,0.0,11666.0,0.0,11666.0,34778.0,5916.0,0.0,0.0,129.0,6045.0,14294.0
293,2020,부천시하수도,68150.0,3006.0,40.0,1464.0,0.0,72660.0,0.0,3855.0,32910.0,0.0,0.0,48.0,36813.0,0.0,0.0,0.0,188216.0,0.0,188216.0,12516.0,38693.0,0.0,0.0,89000.0,127693.0,7012.0
294,2020,광명시하수도,15854.7,62.2,68.3,0.1,4.6,15989.900000000001,80.0,1013.0,12510.0,0.0,0.0,1.0,13524.0,80.0,7.9,0.0,2859.6,11917.5,14785.0,260.0,1492.6,0.0,0.0,521.9,2014.5,147.6
295,2020,의정부시하수도,25306.0,281.0,490.0,202.0,193.0,26472.0,226.0,4098.0,16124.0,0.0,0.0,0.0,20222.0,221.0,0.0,0.0,17785.0,15305.0,33090.0,12651.0,16224.0,0.0,0.0,1.0,16225.0,9729.0
296,2020,수원시하수도,75072.0,1099.0,3926.0,1609.0,0.0,81706.0,0.0,3140.0,43244.0,0.0,2236.0,6.0,48626.0,0.0,0.0,0.0,21693.0,44264.0,65957.0,52067.0,11862.0,0.0,0.0,28815.0,40677.0,36514.0
297,2020,울산광역시하수도,129052.0,400.0,638.0,1473.0,0.0,131563.0,2750.0,8377.0,53392.0,0.0,0.0,11.0,61780.0,0.0,0.0,0.0,44967.0,613.0,45580.0,56874.0,129725.0,0.0,0.0,0.0,129725.0,11576.0
298,2020,대전광역시하수도,92760.0,605.0,6347.0,1823.0,0.0,101535.0,11.0,1096.0,76099.0,0.0,0.0,0.0,77195.0,11.0,0.0,0.0,9879.0,62677.0,72556.0,54313.0,22623.0,0.0,0.0,500.0,23123.0,21321.0
299,2020,광주광역시하수도,84386.0,1263.0,7809.0,1411.0,0.0,94869.0,15.0,1122.0,51298.0,0.0,1.0,30.0,52451.0,15.0,0.0,0.0,23746.0,49934.0,73680.0,36755.0,49956.0,0.0,0.0,127.0,50083.0,32988.0
300,2020,인천광역시하수도,163968.0,428.0,6374.0,1295.0,0.0,172065.0,231.0,1237.0,130395.0,735.0,73.0,0.0,132440.0,230.0,0.0,0.0,32491.0,15250.0,47741.0,16315.0,49697.0,0.0,27884.0,34.0,77615.0,3315.0
301,2020,대구광역시하수도,166491.0,7422.0,17070.0,2031.0,0.0,193014.0,976.0,941.0,98252.0,0.0,0.0,26.0,99219.0,61.0,0.0,0.0,48220.0,0.0,48220.0,407973.0,16262.0,39940.0,0.0,399436.0,455638.0,33480.0
302,2020,부산광역시하수도,243212.0,1849.0,4614.0,8475.0,0.0,258150.0,0.0,1987.0,127477.0,474.0,0.0,0.0,129938.0,0.0,118.0,0.0,85980.0,101364.0,187462.0,90486.0,136803.0,0.0,61306.0,6023.0,204132.0,68499.0
303,2020,제주특별자치도상수도,72968.0,340.0,2628.0,559.0,2.0,76497.0,43.0,12318.0,36208.0,1522.0,0.0,45.0,50093.0,42.0,0.0,20000.0,65889.0,10914.0,96803.0,16731.0,51548.0,502.0,12102.0,136.0,64288.0,15127.0
304,2020,거창군상수도,4259.0,113.0,1703.0,7.0,0.0,6082.0,0.0,1415.0,3843.0,0.0,0.0,0.0,5258.0,0.0,0.0,0.0,4155.0,4708.0,8863.0,1574.0,4902.0,0.0,0.0,0.0,4902.0,1535.0
305,2020,창녕군상수도,7891.0,79.0,1900.0,21.0,0.0,9891.0,0.0,715.0,7079.0,0.0,0.0,0.0,7794.0,0.0,0.0,0.0,0.0,7743.0,7743.0,0.0,0.0,0.0,0.0,555.0,555.0,0.0
306,2020,양산시상수도,33730.0,324.0,40.0,129.0,0.0,34223.0,250.0,4533.0,17921.0,411.0,0.0,3018.0,25883.0,175.0,0.0,0.0,25096.0,3141.0,28237.0,3187.0,7530.0,0.0,0.0,9136.0,16666.0,2477.0
307,2020,거제시상수도,19156.0,146.0,4562.0,71.0,0.0,23935.0,59.0,519.0,22229.0,23.0,0.0,9.0,22780.0,59.0,0.0,0.0,6956.0,1393.0,8349.0,13909.0,890.0,0.0,410.0,4838.0,6138.0,3556.0
308,2020,밀양시상수도,8359.0,76.0,16.0,1.0,0.0,8452.0,0.0,1490.0,7195.0,0.0,0.0,0.0,8685.0,0.0,0.0,0.0,18801.0,0.0,18801.0,3427.0,15800.0,0.0,0.0,0.0,15800.0,3414.0
309,2020,김해시상수도,43066.0,1275.0,711.0,393.0,0.0,45445.0,1195.0,7596.0,23935.0,0.0,0.0,0.0,31531.0,1192.0,0.0,0.0,23314.0,46735.0,70049.0,19225.0,5022.0,0.0,0.0,33883.0,38905.0,14986.0
310,2020,사천시상수도,14114.0,29.0,1557.0,87.0,0.0,15787.0,0.0,248.0,14991.0,0.0,0.0,0.0,15239.0,0.0,0.0,0.0,9105.0,1600.0,10705.0,1115.0,2698.0,0.0,0.0,5796.0,8494.0,1095.0
311,2020,통영시상수도,13519.0,55.0,0.0,0.0,0.0,13574.0,0.0,372.0,15879.0,0.0,0.0,0.0,16251.0,0.0,0.0,0.0,2099.0,0.0,2099.0,4841.0,0.0,0.0,0.0,0.0,0.0,0.0
312,2020,진주시상수도,28013.0,385.0,304.0,187.0,0.0,28889.0,0.0,5605.0,16569.0,0.0,0.0,2.0,22176.0,0.0,0.0,0.0,17146.0,25701.0,42847.0,13029.0,13119.0,0.0,0.0,5043.0,18162.0,10940.0
313,2020,창원시상수도,76850.0,897.0,7645.0,411.0,0.0,85803.0,0.0,12566.0,48026.0,0.0,0.0,0.0,60592.0,0.0,0.0,0.0,11110.0,37513.0,48623.0,0.0,18023.0,0.0,0.0,20415.0,38438.0,0.0
314,2020,경산시상수도,26289.0,232.0,1988.0,118.0,24.0,28651.0,1275.0,4083.0,21790.0,63.0,0.0,2.0,25938.0,10940.0,0.0,0.0,18866.0,57.0,18923.0,32728.0,7828.0,0.0,0.0,77.0,7905.0,17.0
315,2020,문경시상수도,7493.0,52.0,2029.0,12.0,0.0,9586.0,0.0,3060.0,4663.0,0.0,0.0,0.0,7723.0,0.0,2.0,0.0,16004.0,4557.0,20563.0,0.0,11006.0,5917.0,0.0,0.0,16923.0,0.0
316,2020,상주시상수도,8703.0,95.0,100.0,6.0,12123.0,21027.0,42.0,2046.0,5881.0,0.0,0.0,0.0,7927.0,42.0,0.0,0.0,50261.0,-8750.0,41511.0,21061.0,18640.0,11.0,0.0,6756.0,25407.0,13108.0
317,2020,칠곡군상수도,10390.0,10.0,4122.0,29.0,15.0,14566.0,393.0,2224.0,14237.0,0.0,0.0,4.0,16465.0,393.0,0.0,0.0,6070.0,260.0,6330.0,2047.0,3025.0,0.0,0.0,3083.0,6108.0,1832.0
318,2020,울진군상수도,3702.0,109.0,1954.0,216.0,0.0,5981.0,64.0,1662.0,3184.0,0.0,0.0,0.0,4846.0,62.0,0.0,0.0,24109.0,0.0,24109.0,2185.0,15229.0,0.0,0.0,0.0,15229.0,1664.0
319,2020,영천시상수도,11552.0,158.0,2375.0,45.0,193.0,14323.0,14472.0,2808.0,11574.0,0.0,0.0,3.0,14385.0,159.0,28.0,0.0,20107.0,0.0,20135.0,14954.0,0.0,0.0,0.0,0.0,0.0,7558.0
320,2020,영주시상수도,9782.0,213.0,94.0,13.0,0.0,10102.0,0.0,2555.0,4455.0,0.0,0.0,0.0,7010.0,0.0,0.0,0.0,18471.0,4047.0,22518.0,0.0,6115.0,0.0,0.0,5974.0,12089.0,0.0
321,2020,구미시상수도,50054.0,33.0,3180.0,47.0,40.0,53354.0,12.0,4797.0,38916.0,87.0,0.0,0.0,43800.0,12.0,0.0,0.0,3590.0,6622.0,10212.0,5245.0,7764.0,0.0,780.0,109.0,8653.0,4838.0
322,2020,안동시상수도,21521.0,185.0,1974.0,25.0,0.0,23705.0,265.0,3166.0,9142.0,0.0,0.0,11.0,12319.0,94.0,0.0,0.0,20763.0,9202.0,29965.0,12200.0,16630.0,0.0,0.0,4987.0,21617.0,10759.0
323,2020,김천시상수도,12356.0,180.0,3722.0,50.0,0.0,16308.0,10.0,2299.0,7553.0,0.0,0.0,0.0,9852.0,10.0,0.0,0.0,13480.0,4955.0,18435.0,9056.0,5909.0,0.0,0.0,4524.0,10433.0,5720.0
324,2020,경주시상수도,33072.0,202.0,930.0,227.0,189.0,34620.0,0.0,5727.0,23506.0,544.0,0.0,6.0,29783.0,0.0,9.0,0.0,16068.0,11649.0,27726.0,0.0,10926.0,8212.0,3950.0,22.0,23110.0,0.0
325,2020,포항시상수도,48449.0,424.0,3677.0,102.0,0.0,52652.0,0.0,8187.0,33334.0,0.0,1.0,1.0,41523.0,0.0,0.0,0.0,18132.0,13157.0,31289.0,28482.0,32123.0,0.0,0.0,32.0,32155.0,24204.0
326,2020,영암군상수도,8140.0,128.0,3056.0,100.0,0.0,11424.0,27.0,2290.0,9082.0,0.0,0.0,1.0,11373.0,27.0,0.0,0.0,8411.0,6210.0,14621.0,3383.0,8953.0,0.0,0.0,2083.0,11036.0,2154.0
327,2020,광양시상수도,13061.0,65.0,4466.0,276.0,0.0,17868.0,0.0,2134.0,7377.0,0.0,0.0,0.0,9511.0,0.0,0.0,0.0,9200.0,1354.0,10554.0,3620.0,10127.0,0.0,0.0,2187.0,12314.0,2872.0
328,2020,나주시상수도,9553.0,61.0,7056.0,0.0,0.0,16670.0,0.0,321.0,14169.0,0.0,0.0,0.0,14490.0,0.0,0.0,0.0,12251.0,1170.0,13421.0,3779.0,1383.0,0.0,0.0,6698.0,8081.0,3549.0
329,2020,순천시상수도,23858.0,255.0,348.0,125.0,0.0,24586.0,14.0,2174.0,10435.0,0.0,0.0,2.0,12611.0,14.0,0.0,0.0,8697.0,10957.0,19654.0,4389.0,8728.0,3081.0,0.0,14.0,11823.0,4070.0
330,2020,여수시상수도,31009.0,667.0,215.0,178.0,98.0,32167.0,290.0,5395.0,21617.0,0.0,5.0,0.0,27017.0,276.0,6.0,0.0,20630.0,19426.0,40062.0,14001.0,14663.0,0.0,0.0,0.0,14663.0,9967.0
331,2020,목포시상수도,18149.0,313.0,237.0,56.0,0.0,18755.0,0.0,3223.0,14643.0,0.0,0.0,0.0,17866.0,0.0,27.0,0.0,5934.0,10568.0,16529.0,9321.0,121.0,0.0,0.0,0.0,121.0,7138.0
332,2020,고창군상수도,4892.0,22.0,4453.0,10.0,0.0,9377.0,327.0,876.0,8073.0,0.0,0.0,0.0,8949.0,322.0,0.0,0.0,14188.0,0.0,14188.0,0.0,15045.0,0.0,0.0,0.0,15045.0,0.0
333,2020,완주군상수도,4714.0,174.0,0.0,0.0,0.0,4888.0,0.0,625.0,3151.0,0.0,0.0,0.0,3776.0,0.0,0.0,0.0,0.0,0.0,0.0,13390.0,2033.0,0.0,0.0,0.0,2033.0,0.0
334,2020,김제시상수도,10512.0,145.0,379.0,1.0,0.0,11037.0,9472.0,1660.0,7001.0,3.0,0.0,0.0,8664.0,0.0,0.0,0.0,8528.0,4267.0,12795.0,0.0,3812.0,0.0,0.0,5701.0,9513.0,0.0
335,2020,남원시상수도,7280.0,20.0,55.0,21.0,0.0,7376.0,3766.0,1922.0,5152.0,0.0,0.0,0.0,7074.0,9500.0,0.0,0.0,17766.0,0.0,17766.0,0.0,4777.0,0.0,0.0,0.0,4777.0,3757.0
336,2020,정읍시상수도,13256.0,52.0,3008.0,27.0,2.0,16345.0,0.0,1172.0,15640.0,0.0,0.0,0.0,16812.0,38.0,0.0,0.0,13964.0,1450.0,15414.0,6557.0,1997.0,0.0,0.0,13750.0,15747.0,1965.0
337,2020,익산시상수도,28261.0,38.0,3053.0,75.0,0.0,31427.0,0.0,3636.0,20070.0,0.0,0.0,0.0,23706.0,0.0,0.0,0.0,9295.0,3114.0,12409.0,889.0,4942.0,0.0,0.0,9100.0,14042.0,757.0
338,2020,군산시상수도,46038.0,90.0,508.0,76.0,0.0,46712.0,0.0,3827.0,35108.0,0.0,0.0,0.0,38935.0,0.0,0.0,0.0,7775.0,16741.0,24516.0,367.0,3290.0,0.0,0.0,10540.0,13830.0,366.0
339,2020,전주시상수도,71784.0,216.0,1044.0,297.0,0.0,73341.0,460.0,6263.0,46198.0,555.0,0.0,0.0,53016.0,442.0,0.0,10000.0,12609.0,9218.0,31827.0,16990.0,3284.0,0.0,17784.0,19198.0,40266.0,13624.0
340,2020,홍성군상수도,9620.0,30.0,840.0,0.0,0.0,10490.0,0.0,0.0,9072.0,0.0,0.0,5.0,9077.0,0.0,0.0,0.0,0.0,20734.0,20734.0,1108.0,0.0,0.0,0.0,0.0,0.0,1108.0
341,2020,당진시상수도,24022.0,234.0,1410.0,0.0,0.0,25666.0,0.0,1804.0,18084.0,0.0,242.0,0.0,20130.0,0.0,0.0,0.0,16454.0,13496.0,29950.0,10222.0,4340.0,0.0,0.0,12000.0,16340.0,7115.0
342,2020,예산군상수도,6416.0,10.0,639.0,9.0,0.0,7074.0,0.0,1626.0,5991.0,0.0,0.0,0.0,7617.0,20.0,0.0,0.0,300.0,3597.0,3897.0,0.0,340.0,0.0,0.0,0.0,340.0,0.0
343,2020,논산시상수도,16013.0,99.0,7476.0,24.0,0.0,23612.0,0.0,493.0,21236.0,0.0,0.0,0.0,21729.0,0.0,0.0,0.0,19682.0,445.0,20127.0,5143.0,11890.0,0.0,0.0,0.0,11890.0,3814.0
344,2020,서산시상수도,20807.0,145.0,1099.0,9.0,0.0,22060.0,0.0,631.0,17827.0,0.0,0.0,0.0,18458.0,13.0,0.0,0.0,6140.0,15220.0,21360.0,2996.0,5530.0,0.0,0.0,15314.0,20844.0,2047.0
345,2020,아산시상수도,36266.0,696.0,933.0,28.0,0.0,37923.0,22.0,3425.0,24744.0,0.0,0.0,0.0,28169.0,22.0,0.0,0.0,0.0,60835.0,60835.0,8659.0,4329.0,4.0,0.0,49433.0,53766.0,7907.0
346,2020,보령시상수도,12729.0,236.0,628.0,20.0,0.0,13613.0,0.0,2298.0,8752.0,0.0,0.0,15.0,11065.0,0.0,0.0,0.0,21687.0,4022.0,25709.0,0.0,16938.0,0.0,0.0,8543.0,25481.0,0.0
347,2020,공주시상수도,8158.0,213.0,5120.0,72.0,0.0,13563.0,316.0,1884.0,12309.0,0.0,0.0,1.0,14194.0,314.0,0.0,0.0,11307.0,5277.0,16584.0,6629.0,7575.0,0.0,0.0,0.0,7575.0,4742.0
348,2020,천안시상수도,61515.0,922.0,1727.0,111.0,0.0,64275.0,0.0,4771.0,48892.0,0.0,0.0,6292.0,59955.0,1036.0,0.0,0.0,13535.0,54410.0,67945.0,29447.0,6647.0,754.0,0.0,4096.0,11497.0,7851.0
349,2020,옥천군상수도,4998.0,87.0,0.0,39.0,0.0,5124.0,1392.0,1439.0,3289.0,0.0,0.0,4.0,4732.0,0.0,0.0,0.0,11984.0,0.0,11984.0,10971.0,5438.0,0.0,0.0,7089.0,12527.0,8895.0
350,2020,제천시상수도,14878.0,172.0,274.0,7.0,0.0,15331.0,0.0,3269.0,8265.0,0.0,0.0,0.0,11534.0,0.0,9.0,0.0,16467.0,5689.0,22165.0,7288.0,12454.0,0.0,0.0,234.0,12688.0,5263.0
351,2020,충주시상수도,24701.0,415.0,528.0,27.0,0.0,25671.0,181.0,3427.0,8272.0,0.0,0.0,0.0,11699.0,181.0,0.0,0.0,12699.0,28241.0,40940.0,10576.0,12132.0,0.0,0.0,5439.0,17571.0,7392.0
352,2020,청주시상수도,96750.0,187.0,1201.0,453.0,0.0,98591.0,39.0,10219.0,62376.0,2.0,2.0,90.0,72689.0,39.0,77.0,0.0,38409.0,21958.0,60444.0,3660.0,15585.0,0.0,172.0,20808.0,36565.0,3085.0
353,2020,고성군상수도,8072.0,162.0,314.0,18.0,0.0,8566.0,0.0,1172.0,3722.0,0.0,0.0,0.0,4894.0,0.0,0.0,0.0,0.0,9765.0,9765.0,8663.0,0.0,0.0,0.0,8844.0,8844.0,8257.0
354,2020,철원군상수도,6483.0,229.0,64.0,2.0,1.0,6779.0,12.0,1527.0,3239.0,0.0,0.0,1.0,4767.0,12.0,0.0,0.0,20848.0,58.0,20906.0,11003.0,13659.0,0.0,0.0,2770.0,16429.0,1521.0
355,2020,정선군상수도,5864.0,10.0,2530.0,0.0,0.0,8404.0,0.0,453.0,7371.0,0.0,0.0,0.0,7824.0,12.0,0.0,0.0,4157.0,312.0,4469.0,12.0,0.0,2814.0,0.0,0.0,2814.0,0.0
356,2020,홍천군상수도,9704.0,342.0,751.0,1400.0,0.0,12197.0,1176.0,2696.0,5462.0,0.0,0.0,0.0,8158.0,1084.0,0.0,0.0,23099.0,4550.0,27649.0,5130.0,22210.0,164.0,0.0,6.0,22380.0,3204.0
357,2020,삼척시상수도,9545.0,34.0,544.0,8.0,0.0,10131.0,0.0,2386.0,5025.0,0.0,0.0,0.0,7411.0,0.0,0.0,0.0,15779.0,189.0,15968.0,6576.0,1166.0,0.0,0.0,14002.0,15168.0,5490.0
358,2020,속초시상수도,10798.0,147.0,120.0,262.0,0.0,11327.0,7209.0,11.0,5595.0,0.0,0.0,0.0,5606.0,12.0,0.0,0.0,11714.0,7459.0,19173.0,7209.0,2399.0,8300.0,0.0,10741.0,21440.0,7197.0
359,2020,태백시상수도,4374.0,47.0,1240.0,546.0,0.0,6207.0,0.0,567.0,5544.0,0.0,0.0,0.0,6111.0,0.0,0.0,0.0,0.0,0.0,0.0,0.0,0.0,0.0,0.0,0.0,0.0,0.0
360,2020,동해시상수도,10483.0,29.0,93.5,18.0,0.5,10624.0,1136.0,2596.0,7321.0,0.0,0.6,0.0,9917.6,933.0,0.0,0.0,6340.0,2711.0,9051.0,66.0,1669.0,0.0,0.0,5697.0,7366.0,66.0
361,2020,강릉시상수도,23475.0,136.0,401.0,71.0,0.0,24083.0,1141.0,3851.0,11751.0,0.0,0.0,144.0,15746.0,1085.0,60.0,0.0,31318.0,50.0,31428.0,8772.0,13488.0,18.0,0.0,15801.0,29307.0,7790.0
362,2020,원주시상수도,40094.0,475.0,1468.0,36.0,0.0,42073.0,0.0,5408.0,23964.0,0.0,0.0,22.0,29394.0,123.0,155.0,0.0,8478.0,25310.0,33943.0,11833.0,9202.0,72.0,0.0,9946.0,19220.0,5057.0
363,2020,춘천시상수도,25271.0,145.0,1173.0,281.0,0.0,26870.0,10.0,5409.0,11505.0,0.0,0.0,0.0,16914.0,10.0,0.0,0.0,27968.0,6429.0,34397.0,3996.0,29424.0,13.0,0.0,3572.0,33009.0,3233.0
364,2020,인제군상수도,28692.0,116.0,331.0,50.0,0.0,29189.0,0.0,2486.0,3864.0,0.0,0.0,0.0,6350.0,29.0,4.0,0.0,15752.0,0.0,15756.0,8717.0,3750.0,0.0,0.0,12545.0,16295.0,8254.0
365,2020,평창군상수도,7270.0,110.0,442.0,86.0,0.0,7908.0,0.0,810.0,6817.0,0.0,0.0,0.0,7627.0,12.0,8.0,0.0,22687.0,3210.0,25905.0,2331.0,9450.0,0.0,0.0,10739.0,20189.0,2311.0
366,2020,영월군상수도,4516.0,97.0,2369.0,210.0,0.0,7192.0,0.0,470.0,6155.0,0.0,0.0,0.0,6625.0,0.0,0.0,0.0,2412.0,9327.0,11739.0,10696.0,1895.0,0.0,0.0,4960.0,6855.0,8330.0
367,2020,가평군상수도,8164.0,50.0,85.0,25.0,0.0,8324.0,0.0,2644.0,4682.0,0.0,90.0,10.0,7426.0,0.0,0.0,0.0,1800.0,6307.0,8107.0,0.0,3683.0,0.0,0.0,5321.0,9004.0,0.0
368,2020,여주시상수도,10957.0,132.0,50.0,12.0,0.0,11151.0,0.0,2038.0,6665.0,0.0,0.0,0.0,8703.0,0.0,0.0,0.0,12569.0,10445.0,23014.0,5188.0,5912.0,0.0,0.0,6148.0,12060.0,5186.0
369,2020,양평군상수도,10267.0,270.0,2024.0,9.0,0.0,12570.0,160.0,2482.0,5543.0,0.0,0.0,1.0,8026.0,112.0,6.0,0.0,31035.0,10532.0,41573.0,6190.0,4288.0,5.0,0.0,18655.0,22948.0,6964.0
370,2020,포천시상수도,19311.0,212.0,0.0,791.0,0.0,20314.0,146.0,2706.0,13340.0,0.0,0.0,62.0,16108.0,146.0,0.0,0.0,12167.0,7842.0,20009.0,7762.0,7656.0,19.0,0.0,5388.0,13063.0,5969.0
371,2020,안성시상수도,25662.0,226.0,2103.0,72.0,0.0,28063.0,0.0,2358.0,18857.0,0.0,0.0,374.0,21589.0,0.0,0.0,0.0,8705.0,15135.0,23840.0,8968.0,3878.0,0.0,0.0,15.0,3893.0,6166.0
372,2020,연천군상수도,12426.0,418.0,851.0,142.0,0.0,13837.0,0.0,2129.0,7316.0,0.0,0.0,0.0,9445.0,0.0,0.0,0.0,0.0,9931.0,9931.0,0.0,8265.0,0.0,0.0,896.0,9161.0,0.0
373,2020,광주시상수도,28170.0,569.0,3563.0,554.0,0.0,32856.0,13.0,1167.0,21447.0,0.0,10.0,60.0,22684.0,11.0,0.0,0.0,16309.0,37556.0,53865.0,10722.0,15671.0,0.0,0.0,0.0,15671.0,8232.0
374,2020,화성시상수도,93946.0,1721.0,909.0,159.0,0.0,96735.0,1042.0,3411.0,68279.0,0.0,0.0,7.0,71697.0,822.0,0.0,0.0,104256.0,0.0,104256.0,10373.0,26643.0,0.0,0.0,116.0,26759.0,7665.0
375,2020,이천시상수도,30890.0,1132.0,288.0,22.0,0.0,32332.0,0.0,2420.0,22496.0,0.0,0.0,0.0,24916.0,7416.0,0.0,0.0,2902.0,20221.0,23123.0,11224.0,17786.0,0.0,0.0,70.0,17856.0,16491.0
376,2020,파주시상수도,48917.0,1149.0,1852.0,184.0,0.0,52102.0,3634.0,869.0,43669.0,0.0,0.0,8.0,44546.0,2873.0,0.0,0.0,13822.0,73933.0,87755.0,3634.0,1201.0,0.0,0.0,8643.0,9844.0,2873.0
377,2020,용인시상수도,75417.0,530.0,2026.0,317.0,0.0,78290.0,228.0,6457.0,63272.0,0.0,0.0,58.0,69787.0,227.0,0.0,0.0,12267.0,20843.0,33110.0,14088.0,6199.0,0.0,0.0,9325.0,15524.0,9542.0
378,2020,하남시상수도,17484.0,1400.0,282.0,55.0,0.0,19221.0,0.0,1964.0,12115.0,0.0,13.0,61.0,14153.0,0.0,0.0,0.0,1590.0,83822.0,85412.0,0.0,15409.0,33.0,0.0,75038.0,90480.0,0.0
379,2020,양주시상수도,26222.0,118.0,75.0,2610.0,0.0,29025.0,155.0,486.0,19162.0,0.0,0.0,0.0,19648.0,155.0,0.0,0.0,9903.0,12728.0,22631.0,2855.0,9123.0,0.0,0.0,1483.0,10606.0,2404.0
380,2020,의왕시상수도,13615.0,233.0,220.0,4.0,0.0,14072.0,16.0,1441.0,9624.0,0.0,0.0,31.0,11096.0,16.0,0.0,0.0,1240.0,27997.0,29237.0,408.0,5221.0,0.0,0.0,0.0,5221.0,287.0
381,2020,군포시상수도,18949.0,624.0,450.0,37.0,0.0,20060.0,18.0,2397.0,13227.0,0.0,0.0,0.0,15624.0,18.0,0.0,0.0,11483.0,31684.0,43167.0,14167.0,6307.0,0.0,0.0,161.0,6468.0,3719.0
382,2020,시흥시상수도,39911.0,659.0,649.0,36.0,7.0,41262.0,656.0,2137.0,34544.0,0.0,0.0,96.0,36777.0,635.0,0.0,0.0,668.0,32077.0,32745.0,20600.0,2298.0,0.0,0.0,673.0,2971.0,13602.0
383,2020,오산시상수도,15804.0,169.0,3141.0,6.0,0.0,19120.0,0.0,1139.0,15814.0,0.0,0.0,3.0,16956.0,0.0,0.0,0.0,1818.0,12714.0,14532.0,2613.0,6612.0,0.0,0.0,343.0,6955.0,2094.0
384,2020,남양주시상수도,47302.0,629.0,1430.0,123.0,5.0,49489.0,0.0,5009.0,37436.0,0.0,0.0,3.0,42448.0,0.0,30.0,0.0,0.0,30425.0,30455.0,12706.0,5752.0,0.0,0.0,40.0,5792.0,11138.0
385,2020,평택시상수도,97344.0,623.0,311.0,125.0,0.0,98403.0,1033.0,5255.0,52798.0,0.0,0.0,0.8,58053.8,1033.0,7.0,0.0,42692.0,34497.0,77196.0,44787.0,75580.0,0.0,1.0,19448.0,95029.0,26954.0
386,2020,김포시상수도,37244.0,2823.0,70.0,217.0,0.0,40354.0,0.0,58.0,30465.0,0.0,0.0,0.0,30523.0,0.0,0.0,0.0,141350.0,8317.0,149667.0,21174.0,25041.0,0.0,0.0,100168.0,125209.0,11580.0
387,2020,구리시상수도,13176.0,823.0,448.0,5.0,0.0,14452.0,139.0,2640.0,10367.0,0.0,0.0,99.0,13106.0,131.0,0.0,0.0,460.0,40237.0,40697.0,329.0,1177.0,0.0,0.0,322.0,1499.0,329.0
388,2020,과천시상수도,5671.0,126.0,103.0,6.0,1.0,5907.0,1.0,1077.0,4313.0,0.0,0.0,0.0,5390.0,10.0,0.0,0.0,1525.0,0.0,1525.0,1525.0,2517.0,0.0,0.0,0.0,2517.0,575.0
389,2020,고양시상수도,69157.0,1238.0,926.0,1552.0,0.0,72873.0,86.0,5855.0,64104.0,0.0,0.0,49.0,70008.0,86.0,673.0,0.0,5650.0,64739.0,71062.0,7952.0,13046.0,0.0,0.0,0.0,13046.0,6125.0
390,2020,안산시상수도,69493.0,1603.0,1534.0,245.0,0.0,72875.0,0.0,6810.0,66934.0,0.0,0.0,2.0,73746.0,0.0,0.0,0.0,0.0,106133.0,106133.0,11737.0,15290.0,0.0,0.0,18923.0,34213.0,0.0
391,2020,동두천시상수도,15117.0,265.0,160.0,8.0,0.0,15550.0,0.0,220.0,16440.0,0.0,0.0,0.0,16660.0,0.0,0.0,0.0,0.0,24134.0,24134.0,0.0,1138.0,0.0,0.0,2252.0,3390.0,0.0
392,2020,광명시상수도,19714.0,391.0,20301.0,60.0,42.0,40508.0,0.0,4324.0,30430.0,0.0,0.0,10.0,34764.0,0.0,40.0,0.0,976.0,22473.0,23489.0,2556.0,7761.0,54.0,0.0,0.0,7815.0,2454.0
393,2020,부천시상수도,49156.0,663.0,1319.0,255.0,2.0,51395.0,174.0,7538.0,37399.0,0.0,0.0,87.0,45024.0,171.0,0.0,0.0,8011.0,21037.0,29048.0,891.0,9299.0,0.0,0.0,0.0,9299.0,839.0
394,2020,안양시상수도,44053.0,1644.0,533.0,18.0,0.0,46248.0,46.0,6321.0,30416.0,0.0,0.0,1.0,36738.0,46.0,0.0,0.0,11239.0,1500.0,12739.0,88194.0,13238.0,0.0,0.0,0.0,13238.0,670.0
395,2020,의정부시상수도,30850.0,425.0,1324.0,77.0,2.0,32678.0,181.0,3796.0,23679.0,0.0,0.0,0.0,27475.0,181.0,1036.0,0.0,6622.0,26799.0,34457.0,593.0,7327.0,0.0,0.0,13000.0,20327.0,574.0
396,2020,성남시상수도,35587.0,4110.0,1245.0,75.0,0.0,41017.0,1672.0,9023.0,45090.0,0.0,0.0,23.0,54136.0,1649.0,4.0,0.0,17677.0,88481.0,106162.0,36543.0,2641.0,0.0,0.0,5238.0,7879.0,25042.0
397,2020,수원시상수도,77143.0,252.0,13813.0,118.0,25.0,91351.0,3212.0,8455.0,65362.0,0.0,0.0,3.0,73820.0,1976.0,0.0,0.0,1878.0,39771.0,41649.0,3212.0,8807.0,0.0,0.0,11623.0,20430.0,1976.0
398,2020,울산광역시상수도,97774.0,227.0,4405.0,1365.0,0.0,103771.0,18.0,17681.0,59625.0,189.0,0.0,17.0,77512.0,11.0,0.0,0.0,9572.0,10592.0,20164.0,11198.0,19315.0,0.0,1000.0,8134.0,28449.0,8786.0
399,2020,대전광역시상수도,110024.0,769.0,2635.0,1537.0,0.0,114965.0,2142.0,30585.0,47283.0,240.0,0.0,18.0,78126.0,1424.0,332.0,0.0,19930.0,21841.0,42103.0,36623.0,36333.0,979.0,3200.0,1200.0,41712.0,24194.0
400,2020,광주광역시상수도,107769.0,1002.0,2992.0,866.0,0.0,112629.0,87.0,25166.0,51138.0,75.0,0.0,111.0,76490.0,87.0,15.0,0.0,29513.0,12787.0,42315.0,27273.0,22940.0,2.0,0.0,2802.0,25744.0,22035.0
401,2020,인천광역시상수도,222746.0,4402.0,11950.0,1718.0,0.0,240816.0,3812.0,57011.0,146231.0,0.0,0.0,312.0,203554.0,3169.0,100.0,0.0,49937.0,110364.0,160401.0,94408.0,85976.0,0.0,0.0,25008.0,110984.0,59162.0
402,2020,대구광역시상수도,186632.0,637.0,4550.0,606.0,237.0,192662.0,1530.0,158327.0,0.0,192.0,0.0,155.0,158674.0,844.0,150.0,10000.0,46385.0,39717.0,96252.0,19661.0,60058.0,991.0,1431.0,40931.0,103411.0,18676.0
403,2020,부산광역시상수도,354798.0,960.0,5546.0,2674.0,315.0,364293.0,525589.0,69685.0,217349.0,0.0,0.0,817.0,287851.0,8177.0,402.0,0.0,44587.0,53229.0,98218.0,0.0,73417.0,1948.0,0.0,27626.0,102991.0,24351.0
404,2020,서울특별시상수도,621038.0,1856.0,26021.0,10115.0,0.0,659030.0,19149.0,137099.0,390587.0,1200.0,0.0,0.0,528886.0,2170.0,5147.0,0.0,0.0,40486.0,45633.0,111954.0,149547.0,2776.0,29056.0,0.0,181379.0,39231.0
1,2021,양주도시공사,16047.0,0.0,0.0,5.0,0.0,16052.0,0.0,8517.0,7530.0,0.0,5.0,0.0,16052.0,0.0,0.0,0.0,0.0,899.0,899.0,0.0,124.0,0.0,0.0,775.0,899.0,0.0
2,2021,단양관광공사,6211.0,0.0,0.0,0.0,0.0,6211.0,0.0,2983.0,2613.0,0.0,4.0,0.0,5600.0,0.0,0.0,0.0,0.0,649.0,649.0,0.0,103.0,20.0,0.0,0.0,123.0,0.0
3,2021,전남광주통합특별시 서구시설관리공단,355.0,0.0,0.0,0.0,0.0,355.0,0.0,124.0,217.0,0.0,14.0,0.0,355.0,0.0,0.0,0.0,0.0,80.0,80.0,0.0,0.0,80.0,0.0,0.0,80.0,0.0
4,2021,전남광주통합특별시북구시설관리공단,125.0,0.0,0.0,0.0,0.0,125.0,0.0,99.0,26.0,0.0,0.0,0.0,125.0,0.0,0.0,0.0,0.0,0.0,0.0,0.0,0.0,0.0,0.0,0.0,0.0,0.0
5,2021,김천시시설관리공단,3579.0,3.0,0.0,1.0,0.0,3583.0,0.0,1287.0,1309.0,0.0,0.0,0.0,2596.0,0.0,0.0,0.0,0.0,220.0,220.0,0.0,19.0,0.0,0.0,0.0,19.0,0.0
6,2021,예산군하수도,1357.0,0.0,0.0,0.0,0.0,1357.0,0.0,0.0,7349.0,0.0,0.0,33.0,7382.0,319.0,0.0,0.0,0.0,0.0,0.0,0.0,200.0,0.0,0.0,0.0,200.0,117.0
7,2021,평창군시설관리공단,1366.0,0.0,0.0,0.0,0.0,1366.0,0.0,713.0,653.0,0.0,0.0,0.0,1366.0,0.0,0.0,0.0,100.0,159.0,259.0,0.0,0.0,0.0,0.0,159.0,159.0,0.0
8,2021,금산군하수도,576.0,15.0,7392.0,0.0,0.0,7983.0,0.0,207.0,7226.0,0.0,0.0,2.0,7435.0,0.0,0.0,0.0,13696.0,2482.0,16178.0,0.0,2207.0,21.0,3031.0,9940.0,15199.0,0.0
9,2021,서울물재생시설공단,133359.0,0.0,0.0,0.0,0.0,133359.0,0.0,17852.0,115507.0,0.0,0.0,0.0,133359.0,0.0,0.0,0.0,0.0,24943.0,24943.0,19531.0,22943.0,0.0,0.0,0.0,22943.0,19531.0
10,2021,경기교통공사,260393.0,53.0,0.0,0.0,0.0,260446.0,66344.0,1608.0,178150.0,0.0,255.0,0.0,180013.0,64596.0,0.0,0.0,17791.0,0.0,17791.0,421.0,327.0,228.0,0.0,0.0,555.0,297.0
11,2021,원주시시설관리공단,25390.0,0.0,0.0,0.0,0.0,25390.0,19.0,13397.0,11862.0,0.0,0.0,0.0,25259.0,19.0,0.0,0.0,0.0,1189.0,1189.0,0.0,0.0,0.0,0.0,889.0,889.0,0.0
12,2021,김포도시공사,56449.0,201.0,0.0,310.0,0.0,56960.0,17.0,20647.0,23748.0,0.0,3.0,0.0,44398.0,17.0,0.0,0.0,0.0,1951.0,1951.0,30663.0,636.0,0.0,0.0,8049.0,8685.0,2370.0
13,2021,파주도시공사,27289.0,0.0,0.0,138.0,0.0,27427.0,0.0,9329.0,18090.0,0.0,8.0,0.0,27427.0,0.0,0.0,0.0,0.0,30535.0,30535.0,0.0,0.0,0.0,0.0,535.0,535.0,0.0
14,2021,영천시시설관리공단,3933.0,0.0,0.0,0.0,0.0,3933.0,0.0,1851.0,1797.0,0.0,0.0,0.0,3648.0,0.0,0.0,0.0,0.0,253.0,253.0,0.0,0.0,0.0,0.0,248.0,248.0,0.0
15,2021,과천도시공사,22116.0,454.0,0.0,22.0,0.0,22592.0,674.0,14258.0,121672.0,0.0,3.0,0.0,135933.0,674.0,0.0,50000.0,0.0,188587.0,238587.0,204.0,253.0,6.0,0.0,0.0,259.0,204.0
16,2021,울산광역시북구시설관리공단,6648.0,0.0,0.0,0.0,0.0,6648.0,0.0,3486.0,3162.0,0.0,0.0,0.0,6648.0,0.0,0.0,0.0,0.0,29.0,29.0,0.0,29.0,0.0,0.0,0.0,29.0,0.0
17,2021,포천도시공사,12533.0,257.0,0.0,41.0,0.0,12831.0,264.0,5757.0,6267.0,0.0,0.0,0.0,12024.0,241.0,0.0,0.0,0.0,29704.0,29704.0,0.0,133.0,65.0,0.0,1686.0,1884.0,0.0
18,2021,안양도시공사,24879.0,77.0,0.0,69.0,0.0,25025.0,0.0,14413.0,11176.0,0.0,3.0,0.0,25592.0,0.0,0.0,0.0,28500.0,0.0,28500.0,0.0,351.0,45.0,0.0,0.0,396.0,0.0
19,2021,예천군하수도,991.0,3.0,4604.0,1.0,0.0,5599.0,0.0,156.0,5391.0,0.0,0.0,0.0,5547.0,0.0,0.0,0.0,519.0,5099.0,5618.0,0.0,1233.0,0.0,0.0,3439.0,4672.0,0.0
20,2021,예천군상수도,4167.0,18.0,3334.0,10.0,0.0,7529.0,0.0,430.0,7844.0,0.0,0.0,0.0,8274.0,0.0,0.0,0.0,27159.0,642.0,27801.0,0.0,8903.0,14811.0,410.0,17.0,24141.0,0.0
21,2021,고성군하수도,1030.0,35.0,1300.0,4.0,0.0,2369.0,0.0,8.0,3513.0,0.0,0.0,0.0,3521.0,0.0,0.0,0.0,2098.0,3246.0,5344.0,211.0,935.0,0.0,0.0,0.0,935.0,211.0
22,2021,고성군상수도,6033.0,9.0,1000.0,86.0,0.0,7128.0,0.0,51.0,8085.0,0.0,0.0,7.0,8143.0,0.0,0.0,0.0,1125.0,1113.0,2238.0,296.0,492.0,0.0,0.0,0.0,492.0,260.0
23,2021,세종도시교통공사,55703.0,66.0,0.0,4250.0,0.0,60019.0,2524.0,22270.0,22290.0,0.0,0.0,0.0,44560.0,2522.0,0.0,0.0,1575.0,1358.0,2933.0,4729.0,672.0,199.0,0.0,0.0,871.0,4267.0
24,2021,사천시시설관리공단,11667.0,0.0,0.0,0.0,0.0,11667.0,0.0,5675.0,5992.0,0.0,0.0,0.0,11667.0,0.0,0.0,0.0,300.0,464.0,764.0,0.0,464.0,0.0,0.0,0.0,464.0,0.0
25,2021,제주특별자치도공영버스,1122.0,51.0,17000.0,13.0,0.0,18186.0,13.0,11232.0,6260.0,0.0,0.0,0.0,17492.0,13.0,3.0,0.0,2603.0,0.0,2606.0,406.0,418.0,0.0,0.0,258.0,676.0,405.0
26,2021,서울특별시하수도,722256.0,2829.0,16372.0,2838.0,0.0,744295.0,12932.0,24701.0,444027.0,0.0,0.0,0.0,468728.0,12667.0,40000.0,0.0,62105.0,35337.0,137442.0,107408.0,160010.0,0.0,0.0,92150.0,252160.0,77091.0
27,2021,경주시시설관리공단,9968.0,0.2,0.0,0.0,0.0,9968.2,743.0,5777.0,4102.0,0.0,0.0,0.0,9879.0,743.0,0.0,0.0,82.0,124.0,206.0,0.0,78.0,0.0,0.0,0.0,78.0,0.0
28,2021,인천광역시연수구시설안전관리공단,13433.0,0.0,0.0,2.0,0.0,13435.0,0.0,7959.0,5474.0,0.0,2.0,0.0,13435.0,0.0,0.0,0.0,0.0,101591.0,101591.0,0.0,89733.0,11858.0,0.0,0.0,101591.0,0.0
29,2021,서울교통공사,1495978.0,2145.0,0.0,175356.0,0.0,1673479.0,335623.0,1078547.0,1010584.0,46847.0,445.0,0.0,2136423.0,261297.0,9437.0,1400000.0,256396.0,0.0,1665833.0,-322533.0,499656.0,248.0,317472.0,64968.0,882344.0,124001.0
30,2021,태안군하수도,1407.0,49.0,5320.0,5.0,0.0,6781.0,0.0,236.0,7997.0,0.0,0.0,1.0,8234.0,0.0,0.0,0.0,10709.0,969.0,11678.0,5875.0,1948.0,0.0,0.0,6218.0,8166.0,0.0
31,2021,태안군상수도,9215.0,8.0,1183.0,6.0,0.0,10412.0,0.0,1226.0,8691.0,0.0,0.0,0.0,9917.0,0.0,0.0,0.0,0.0,10350.0,10350.0,0.0,3220.0,0.0,0.0,5703.0,8923.0,0.0
32,2021,김제시하수도,1701.0,103.0,11287.0,139.0,0.0,13230.0,0.0,748.0,11931.0,0.0,0.0,0.0,12679.0,0.0,0.0,0.0,0.0,274067.0,274067.0,0.0,8543.0,0.0,0.0,8120.0,16663.0,0.0
33,2021,부여군하수도,2246.0,19.0,4401.0,0.0,0.0,6666.0,0.0,280.0,5221.0,0.0,0.0,0.0,5501.0,0.0,0.0,0.0,12856.0,1502.0,14358.0,2263.0,1028.0,0.0,0.0,11871.0,12899.0,2034.0
34,2021,하남시하수도,14594.0,486.0,4441.0,760.0,0.0,20281.0,0.0,960.0,19662.0,0.0,0.0,0.0,20622.0,0.0,3.0,0.0,32678.0,47790.0,80471.0,0.0,1931.0,0.0,0.0,55000.0,56931.0,0.0
35,2021,서울에너지공사,176062.0,170.0,0.0,2663.0,0.0,178895.0,5127.0,19701.0,165328.0,1232.0,2236.0,0.0,188497.0,5013.0,60.0,11279.0,24028.0,12065.0,47432.0,5654.0,34236.0,57.0,2285.0,67.0,36645.0,5493.0
36,2021,충주시시설관리공단,18284.0,3.0,0.0,32.0,0.0,18319.0,0.0,8253.0,10031.0,0.0,32.0,0.0,18316.0,0.0,0.0,0.0,874.0,0.0,874.0,0.0,874.0,0.0,0.0,0.0,874.0,0.0
37,2021,세종특별자치시시설관리공단,28335.0,89.0,0.0,32.0,0.0,28456.0,0.0,9282.0,17324.0,0.0,0.0,0.0,26606.0,0.0,0.0,0.0,0.0,3148.0,3148.0,2528.0,3015.0,0.0,0.0,0.0,3015.0,1527.0
38,2021,밀양시시설관리공단,13635.0,0.0,89.0,0.0,0.0,13724.0,0.0,5268.0,9732.0,0.0,0.0,0.0,15000.0,0.0,0.0,0.0,0.0,1276.0,1276.0,0.0,1276.0,0.0,0.0,0.0,1276.0,0.0
39,2021,군산시하수도,37239.0,150.0,0.0,742.0,0.0,38131.0,0.0,1939.0,20594.0,134.0,0.0,0.0,22667.0,0.0,0.0,0.0,36378.0,4100.0,40478.0,14798.0,32710.0,0.0,4100.0,864.0,37674.0,7708.0
40,2021,홍성군하수도,2077.0,13.0,3993.0,0.0,0.0,6083.0,0.0,209.0,7663.0,0.0,0.0,0.0,7872.0,0.0,0.0,0.0,4168.0,0.0,4168.0,0.0,179.0,0.0,0.0,0.0,179.0,0.0
41,2021,동해시하수도,9591.0,36.0,30.0,92.0,0.0,9749.0,20.0,399.0,4091.0,0.0,0.0,0.0,4490.0,20.0,0.0,0.0,6628.0,253.0,6881.0,3987.0,8333.0,0.0,0.0,239.0,8572.0,3356.0
42,2021,원주시하수도,21030.0,386.0,13031.0,120.0,0.0,34567.0,607.0,2243.0,28392.0,0.0,0.0,0.0,30635.0,604.0,0.0,0.0,38688.0,34092.0,72780.0,7523.0,25308.0,0.0,9592.0,32903.0,67803.0,6133.0
43,2021,양주시하수도,21417.0,336.0,1000.0,82.0,2.0,22837.0,2174.0,981.0,20141.0,0.0,0.0,9035.0,30157.0,2174.0,0.0,0.0,30255.0,210.0,30465.0,26136.0,5666.0,0.0,0.0,11912.0,17578.0,19808.0
44,2021,서천군상수도,5617.0,5.0,1216.0,22.0,0.0,6860.0,30.0,766.0,3824.0,0.0,0.0,2.0,4592.0,30.0,0.0,0.0,9573.0,2225.0,11798.0,871.0,11464.0,0.0,0.0,0.0,11464.0,866.0
45,2021,부여군상수도,6047.0,30.0,524.0,11.0,0.0,6612.0,0.0,791.0,5312.0,0.0,0.0,0.0,6103.0,0.0,0.0,0.0,16256.0,2287.0,18543.0,7601.0,1289.0,0.0,0.0,13734.0,15023.0,5463.0
46,2021,금산군상수도,4323.0,14.0,3620.0,6.0,0.0,7963.0,0.0,219.0,8169.0,0.0,0.0,1.0,8389.0,8.0,0.0,0.0,5339.0,1629.0,6968.0,2267.0,672.0,0.0,0.0,2881.0,3553.0,1863.0
47,2021,인천관광공사,52867.0,248.0,0.0,10164.0,0.0,63279.0,12005.0,7714.0,45431.0,0.0,1093.0,0.0,54238.0,19992.0,0.0,0.0,0.0,8091.0,8091.0,0.0,462.0,285.0,0.0,0.0,747.0,0.0
48,2021,광명도시공사,22858.0,0.0,0.0,3.0,0.0,22861.0,0.0,13143.0,9696.0,0.0,3.0,0.0,22842.0,0.0,0.0,0.0,22219.0,0.0,22219.0,19.0,237.0,0.0,0.0,0.0,237.0,19.0
49,2021,영덕군하수도,1864.0,8.0,4449.0,0.0,0.0,6321.0,48.0,323.0,5206.0,0.0,0.0,0.0,5529.0,48.0,0.0,0.0,4428.0,181.0,4609.0,150.0,3670.0,0.0,0.0,707.0,4377.0,150.0
50,2021,문경시하수도,2569.0,31.0,0.0,11.0,0.0,2611.0,0.0,2738.0,7386.0,0.0,0.0,0.0,10124.0,41.0,0.0,0.0,18687.0,0.0,18687.0,1636.0,7878.0,9714.0,0.0,1.0,17593.0,1448.0
51,2021,논산시하수도,5201.0,83.0,5173.0,6.0,0.0,10463.0,15038.0,554.0,8021.0,0.0,32.0,4.0,8611.0,0.0,0.0,0.0,0.0,32510.0,32510.0,0.0,2136.0,17194.0,2818.0,3557.0,25705.0,13315.0
52,2021,과천시지식정보타운조성사업,163709.0,879.0,0.0,392.0,0.0,164980.0,0.0,0.0,116971.0,0.0,0.0,0.0,116971.0,0.0,0.0,0.0,0.0,434.0,434.0,0.0,14.0,0.0,0.0,0.0,14.0,0.0
53,2021,아산시시설관리공단,31969.0,0.0,0.0,0.0,0.0,31969.0,0.0,11642.0,20327.0,0.0,0.0,0.0,31969.0,0.0,0.0,0.0,0.0,2944.0,2944.0,0.0,0.0,0.0,0.0,2002.0,2002.0,0.0
54,2021,장수한우지방공사,4507.0,4.0,0.0,169.0,0.0,4680.0,0.0,945.0,4640.0,0.0,54.0,0.0,5639.0,0.0,0.0,0.0,0.0,1226.0,1226.0,0.0,551.0,10.0,0.0,2.0,563.0,0.0
55,2021,광주광역시광산구시설관리공단,22175.0,49.0,0.0,34.0,0.0,22258.0,18.0,16493.0,5099.0,0.0,666.0,0.0,22258.0,18.0,0.0,0.0,0.0,2372.0,2372.0,160.0,1959.0,177.0,0.0,241.0,2377.0,155.0
56,2021,대구광역시달성군시설관리공단,20367.0,0.0,0.0,0.0,0.0,20367.0,0.0,10735.0,9632.0,0.0,0.0,0.0,20367.0,0.0,0.0,0.0,300.0,635.0,935.0,40.0,481.0,154.0,0.0,0.0,635.0,40.0
57,2021,김해시도시개발공사,54342.0,68.0,0.0,303.0,0.0,54713.0,283.0,13429.0,28148.0,0.0,2605.0,0.0,44182.0,283.0,0.0,0.0,1577.0,32367.0,33944.0,1047.0,214.0,0.0,0.0,32076.0,32290.0,986.0
58,2021,합천군상수도,2366.0,63.0,1935.0,0.0,0.0,4364.0,0.0,1776.0,2454.0,0.0,0.0,0.0,4230.0,0.0,0.0,0.0,13379.0,0.0,13379.0,0.0,5776.0,0.0,0.0,0.0,5776.0,0.0
59,2021,성남도시개발공사,112724.0,1089.0,0.0,994.0,0.0,114807.0,30067.0,46860.0,57942.0,0.0,3.0,0.0,104805.0,28554.0,0.0,0.0,86091.0,0.0,86091.0,265.0,3625.0,48.0,0.0,0.0,3673.0,265.0
60,2021,부여군시설관리공단,5141.0,0.0,0.0,0.0,0.0,5141.0,0.0,2892.0,2249.0,0.0,0.0,0.0,5141.0,0.0,0.0,0.0,0.0,449.0,449.0,0.0,149.0,0.0,0.0,0.0,149.0,0.0
61,2021,세종특별자치시하수도,19973.0,178.0,10867.0,322.0,0.0,31340.0,1920.0,1608.0,0.0,0.0,22863.0,0.0,24471.0,586.0,0.0,0.0,17861.0,9051.0,26912.0,0.0,3147.0,14638.0,0.0,5326.0,23111.0,1038.0
62,2021,진천군하수도,1889.0,60.0,5845.0,29.0,0.0,7823.0,11.0,440.0,12024.0,0.0,0.0,0.0,12464.0,11.0,0.0,0.0,26369.0,0.0,26369.0,12548.0,9467.0,0.0,4363.0,3450.0,17280.0,6077.0
63,2021,진천군상수도,18528.0,11850.0,0.0,26.0,0.0,30404.0,11.0,1029.0,12387.0,0.0,0.0,0.0,13416.0,11.0,0.0,0.0,9087.0,9179.0,18266.0,530.0,11349.0,0.0,0.0,9716.0,21065.0,408.0
64,2021,울산광역시중구도시관리공단,6604.0,0.0,0.0,0.0,0.0,6604.0,0.0,3624.0,2980.0,0.0,0.0,0.0,6604.0,0.0,0.0,0.0,141.0,0.0,141.0,0.0,127.0,14.0,0.0,0.0,141.0,0.0
65,2021,이천시시설관리공단,5645.0,0.0,0.0,0.0,0.0,5645.0,0.0,3609.0,2031.0,0.0,5.0,0.0,5645.0,0.0,0.0,0.0,0.0,496.0,496.0,0.0,163.0,33.0,0.0,0.0,196.0,0.0
66,2021,부산관광공사,5109.0,113.0,0.0,24444.0,0.0,29666.0,2355.0,8377.0,16735.0,0.0,252.0,0.0,25364.0,2082.0,0.0,155.0,12139.0,49.0,12343.0,2355.0,227.0,10.0,0.0,0.0,237.0,272.0
67,2021,구리도시공사,13010.0,2.0,0.0,381.0,0.0,13393.0,170.0,6108.0,4593.0,7.0,3.0,0.0,10711.0,139.0,0.0,0.0,0.0,1698.0,1698.0,21.0,277.0,0.0,0.0,3490.0,3767.0,21.0
68,2021,경상북도문화관광공사,100257.0,740.0,0.0,9440.0,0.0,110437.0,16376.0,13387.0,45461.0,2383.0,2276.0,0.0,63507.0,16376.0,13.0,0.0,19124.0,1830.0,20967.0,0.0,5087.0,214.0,22323.0,19124.0,46748.0,0.0
69,2021,제주에너지공사,16730.0,22.0,0.0,1952.0,0.0,18704.0,708.0,1653.0,6644.0,455.0,1804.0,10556.0,21112.0,708.0,0.0,0.0,4034.0,11543.0,15577.0,2520.0,30.0,13.0,5312.0,9538.0,14893.0,2520.0
70,2021,광양시하수도,9605.0,275.0,192.0,9.0,0.0,10081.0,0.0,2836.0,9431.0,0.0,0.0,15.0,12282.0,0.0,0.0,0.0,17095.0,8033.0,25128.0,5416.0,16390.0,0.0,0.0,19.0,16409.0,5321.0
71,2021,세종특별자치시상수도,32346.0,684.0,593.0,169.0,0.0,33792.0,0.0,1920.0,21284.0,0.0,301.0,0.0,23505.0,0.0,0.0,12885.0,1502.0,84226.0,98613.0,1562.0,59.0,88970.0,0.0,0.0,89029.0,1504.0
72,2021,여수시하수도,17817.0,227.0,25.0,334.0,67.0,18470.0,435.0,106.0,15623.0,0.0,0.0,14.0,15743.0,358.0,0.0,0.0,17813.0,14351.0,32164.0,17447.0,33586.0,0.0,0.0,0.0,33586.0,13251.0
73,2021,옥천군하수도,1489.0,21.0,7729.0,61.0,0.0,9300.0,1543.0,347.0,8327.0,0.0,0.0,10.0,8684.0,0.0,0.0,0.0,18473.0,0.0,18473.0,1543.0,15711.0,0.0,1878.0,36.0,17625.0,1521.0
74,2021,남원시하수도,3417.0,146.0,430.0,8116.0,0.0,12109.0,0.0,1946.0,170.0,0.0,0.0,0.0,2116.0,0.0,0.0,0.0,0.0,0.0,0.0,0.0,0.0,0.0,0.0,0.0,0.0,0.0
75,2021,영광군하수도,805.0,26.0,2605.0,1.0,0.0,3437.0,0.0,446.0,2766.0,0.0,0.0,0.0,3212.0,39.0,0.0,0.0,13059.0,0.0,13059.0,13059.0,3390.0,0.0,0.0,0.0,3390.0,3192.0
76,2021,영광군상수도,4302.0,55.0,1422.0,1.0,0.0,5780.0,0.0,2045.0,2781.0,0.0,0.0,0.0,4826.0,26.0,0.0,0.0,16658.0,0.0,16658.0,16658.0,2366.0,0.0,0.0,0.0,2366.0,2238.0
77,2021,거제해양관광개발공사,25129.0,51.0,0.0,18.0,0.0,25198.0,20.0,10169.0,15862.0,99.0,1.0,0.0,26131.0,20.0,0.0,0.0,150.0,370.0,520.0,6695.0,462.0,0.0,700.0,150.0,1312.0,0.0
78,2021,대전관광공사,35874.0,258.0,0.0,3187.0,0.0,39319.0,962.0,11897.0,21618.0,0.0,2164.0,0.0,35679.0,864.0,0.0,0.0,0.0,13368.0,13368.0,717.0,1469.0,0.0,0.0,0.0,1469.0,600.0
79,2021,양평군하수도,7458.0,306.0,19781.0,104.0,0.0,27649.0,1139.0,1440.0,21605.0,0.0,0.0,1370.0,24415.0,1134.0,0.0,0.0,31464.0,5764.0,37228.0,26621.0,8078.0,0.0,0.0,13789.0,21867.0,19124.0
80,2021,천안시시설관리공단(폐지),32301.0,0.0,0.0,0.0,0.0,32301.0,0.0,15279.0,17017.0,0.0,5.0,0.0,32301.0,0.0,0.0,0.0,0.0,3122.0,3122.0,0.0,2107.0,0.0,0.0,0.0,2107.0,0.0
81,2021,여주도시관리공단(폐지),9517.0,0.0,0.0,24.0,0.0,9541.0,0.0,5602.0,3915.0,0.0,24.0,0.0,9541.0,0.0,0.0,0.0,0.0,202.0,202.0,200.0,168.0,34.0,0.0,0.0,202.0,0.0
82,2021,영월군시설관리공단,6235.0,12.0,0.0,7.0,0.0,6254.0,0.0,3100.0,3126.0,0.0,0.0,0.0,6226.0,0.0,0.0,0.0,0.0,534.0,534.0,314.0,519.0,15.0,0.0,0.0,534.0,314.0
83,2021,계룡시하수도,1747.0,11.0,0.0,1.0,0.0,1759.0,0.0,0.0,3966.0,0.0,0.0,0.0,3966.0,0.0,0.0,0.0,10628.0,2104.0,12732.0,912.0,3541.0,0.0,2896.0,347.0,6784.0,906.0
84,2021,의왕도시공사,15789.0,193.0,0.0,17938.0,0.0,33920.0,14.0,9962.0,8835.0,0.0,1103.0,0.0,19900.0,14.0,0.0,0.0,9663.0,379.0,10042.0,60.0,335.0,61.0,0.0,0.0,396.0,60.0
85,2021,고양도시관리공사,83283.0,621.0,0.0,521.0,0.0,84425.0,19659.0,23822.0,45628.0,74.0,4375.0,147.0,74046.0,5274.0,0.0,30000.0,6005.0,109467.0,145472.0,0.0,5683.0,0.0,0.0,69062.0,74745.0,0.0
86,2021,양양군상수도,6314.0,10.0,0.0,40.0,0.0,6364.0,0.0,1919.0,2824.0,0.0,0.0,0.0,4743.0,0.0,0.0,0.0,6070.0,0.0,6070.0,6070.0,3164.0,0.0,0.0,0.0,3164.0,618.0
87,2021,계룡시상수도,4086.0,87.0,150.0,13.0,0.0,4336.0,0.0,0.0,2169.0,0.0,0.0,0.0,2169.0,0.0,0.0,0.0,4552.0,13124.0,17676.0,1357.0,1471.0,20.0,0.0,1032.0,2523.0,57.0
88,2021,증평군하수도,3535.0,11.0,797.0,26.0,0.0,4369.0,0.0,327.0,3896.0,0.0,0.0,36.0,4259.0,0.0,0.0,0.0,13911.0,1591.0,15502.0,896.0,1076.0,0.0,1973.0,9523.0,12572.0,737.0
89,2021,고양시하수도,61269.0,759.0,0.0,236.0,0.0,62264.0,0.0,3347.0,41263.0,0.0,0.0,29.0,44639.0,0.0,0.0,0.0,75774.0,0.0,75774.0,26672.0,8965.0,27154.0,0.0,2.0,36121.0,11686.0
90,2021,음성군하수도,1761.0,29.0,9842.0,7.0,0.0,11639.0,62.0,268.0,9643.0,0.0,0.0,179.0,10090.0,44.0,0.0,1535.0,16334.0,735.0,18604.0,1360.0,1506.0,11830.0,0.0,1773.0,15109.0,599.0
91,2021,김천시하수도,7250.0,117.0,4007.0,54.0,0.0,11428.0,11.0,480.0,7204.0,0.0,0.0,5.0,7689.0,11.0,0.0,0.0,2220.0,14151.0,16371.0,3081.0,5844.0,0.0,0.0,0.0,5844.0,2538.0
92,2021,화순군하수도,1466.0,15.0,440.0,8.0,0.0,1929.0,328.0,231.0,7178.0,0.0,0.0,0.0,7409.0,326.0,0.0,0.0,21187.0,1163.0,22350.0,2048.0,11210.0,0.0,0.0,0.0,11210.0,2033.0
93,2021,화순군상수도,6763.0,32.0,3147.0,525.0,0.0,10467.0,338.0,1346.0,6009.0,0.0,0.0,369.0,7724.0,74.0,0.0,0.0,33617.0,1293.0,34910.0,8769.0,25130.0,0.0,0.0,784.0,25914.0,7221.0
94,2021,영동군상수도,4802.0,96.0,8921.0,19.0,0.0,13838.0,11.0,1851.0,2458.0,0.0,0.0,0.0,4309.0,10.0,149.0,0.0,8234.0,977.0,9360.0,6828.0,8117.0,0.0,0.0,5870.0,13987.0,6319.0
95,2021,포항시시설관리공단,21715.0,0.0,0.0,188.0,0.0,21903.0,0.0,13420.0,8278.0,0.0,188.0,0.0,21886.0,0.0,0.0,0.0,0.0,2322.0,2322.0,0.0,2122.0,0.0,0.0,0.0,2122.0,0.0
96,2021,춘천도시공사,41328.0,228.0,0.0,161.0,0.0,41717.0,150.0,15611.0,25216.0,0.0,0.0,7.0,40834.0,82.0,0.0,0.0,1406.0,10468.0,11874.0,0.0,1466.0,0.0,0.0,0.0,1466.0,0.0
97,2021,이천시하수도,16492.0,802.0,0.0,1.0,0.0,17295.0,664.0,1140.0,1582.0,0.0,4942.0,236.0,7900.0,613.0,0.0,0.0,0.0,80016.0,80016.0,0.0,381.0,0.0,0.0,39317.0,39698.0,0.0
98,2021,강릉관광개발공사,16005.0,26.0,0.0,25.0,0.0,16056.0,0.0,4559.0,6003.0,0.0,9.0,0.0,10571.0,0.0,0.0,0.0,1761.0,0.0,1761.0,0.0,1831.0,19.0,0.0,0.0,1850.0,0.0
99,2021,보령시시설관리공단,13989.4,0.0,0.0,164.3,0.0,14153.699999999999,0.0,5463.4,7632.5,0.0,162.9,0.0,13258.8,0.0,0.0,0.0,300.0,117.0,417.0,0.0,88.7,27.0,0.0,0.0,115.7,0.0
100,2021,당진도시공사,316.0,17.0,0.0,3615.0,0.0,3948.0,0.0,637.0,484.0,0.0,87.0,0.0,1208.0,0.0,0.0,0.0,0.0,0.0,0.0,794.0,1277.0,0.0,0.0,0.0,1277.0,784.0
101,2021,연천군하수도,4179.0,240.0,9113.0,984.0,0.0,14516.0,0.0,682.0,9647.0,0.0,0.0,7.0,10336.0,0.0,0.0,0.0,6032.0,5879.0,11911.0,24519.0,5349.0,0.0,0.0,0.0,5349.0,15037.0
102,2021,칠곡군하수도,6929.0,46.0,19440.0,0.0,402.0,26817.0,11.0,183.0,25580.0,0.0,0.0,0.0,25763.0,11.0,0.0,0.0,9327.0,2833.0,12160.0,6372.0,404.0,0.0,0.0,5172.0,5576.0,4090.0
103,2021,의령친환경골프장관리사업소,2028.0,13.0,0.0,3.0,0.0,2044.0,0.0,450.0,581.0,0.0,0.0,0.0,1031.0,0.0,0.0,0.0,0.0,0.0,0.0,0.0,156.0,0.0,0.0,700.0,856.0,10.0
104,2021,경기도고덕국제화계획지구조성사업,22880.0,63.0,0.0,11.0,0.0,22954.0,2697.0,0.0,2122.0,799.0,0.0,0.0,2921.0,2697.0,0.0,0.0,3609.0,0.0,3609.0,0.0,0.0,0.0,12200.0,0.0,12200.0,0.0
105,2021,인천광역시제물포구시설관리공단,9762.0,0.0,0.0,0.0,0.0,9762.0,0.0,5794.0,3965.0,0.0,3.0,0.0,9762.0,0.0,0.0,0.0,0.0,678.0,678.0,0.0,0.0,0.0,0.0,678.0,678.0,0.0
106,2021,여수시도시관리공단,36372.0,0.0,0.0,0.0,0.0,36372.0,17.0,26138.0,10228.0,0.0,0.0,0.0,36366.0,17.0,0.0,0.0,0.0,5099.0,5099.0,547.0,4573.0,0.0,0.0,0.0,4573.0,547.0
107,2021,단양군상수도,5933.0,17.0,440.0,55.0,1.0,6446.0,20.0,44.0,6492.0,0.0,0.0,0.0,6536.0,20.0,0.0,0.0,5389.0,0.0,5389.0,400.0,2795.0,0.0,0.0,0.0,2795.0,400.0
108,2021,영덕군상수도,5070.0,7.0,700.0,0.4,0.0,5777.4,475.0,582.0,2565.0,0.0,0.0,0.0,3147.0,0.0,0.0,0.0,2194.0,2550.0,4744.0,82.0,2955.0,0.0,0.0,1287.0,4242.0,283.0
109,2021,양산시시설관리공단,16904.0,0.0,0.0,0.0,0.0,16904.0,0.0,9028.0,7874.0,0.0,2.0,0.0,16904.0,0.0,0.0,0.0,288.0,200.0,488.0,0.0,288.0,0.0,0.0,0.0,288.0,0.0
110,2021,동두천시하수도,10867.0,155.0,2030.0,63.0,0.0,13115.0,49.0,1958.0,6737.0,0.0,0.0,2.0,8697.0,49.0,0.0,0.0,2621.0,16944.0,19565.0,412.0,6714.0,0.0,0.0,11054.0,17768.0,385.0
111,2021,부산광역시기장군도시관리공단,19285.0,0.0,0.0,5540.0,0.0,24825.0,0.0,9413.0,8013.0,0.0,5127.0,0.0,22553.0,0.0,0.0,0.0,0.0,705.0,705.0,0.0,528.0,139.0,0.0,0.0,667.0,0.0
112,2021,함안지방공사,18615.0,95.0,0.0,85.0,0.0,18795.0,0.0,5533.0,8669.0,0.0,2786.0,0.0,16988.0,0.0,11.0,0.0,0.0,0.0,11.0,8844.0,30.0,31.0,0.0,565.0,626.0,0.0
113,2021,의성군상수도,5351.0,47.0,5030.0,8.0,0.0,10436.0,20.0,1100.0,8730.0,0.0,0.0,0.0,9830.0,20.0,0.0,0.0,15729.0,1032.0,16761.0,2583.0,9517.0,0.0,0.0,6038.0,15555.0,2236.0
114,2021,안산도시공사,63275.0,306.0,0.0,1071.0,0.0,64652.0,3314.0,31980.0,29517.0,203.0,203.0,0.0,61903.0,3029.0,0.0,0.0,0.0,67713.0,67713.0,741.0,27176.0,605.0,0.0,903.0,28684.0,498.0
115,2021,파주시하수도,41481.0,465.0,2301.0,338.0,0.0,44585.0,0.0,1232.0,32012.0,0.0,0.0,0.0,33244.0,0.0,0.0,0.0,100000.0,45519.0,145519.0,1042.0,6603.0,0.0,0.0,83701.0,90304.0,594.0
116,2021,포항시하수도,23041.0,100.0,41481.0,81.0,0.0,64703.0,0.0,4615.0,0.0,12070.0,1.0,0.0,16686.0,0.0,0.0,0.0,36101.0,0.0,36101.0,4672.0,8054.0,0.0,0.0,51.0,8105.0,25047.0
117,2021,보령시하수도,4892.0,293.0,6197.0,1091.0,0.0,12473.0,0.0,0.0,943.0,673.0,30.0,1135.0,2781.0,0.0,0.0,0.0,33780.0,16185.0,49965.0,10328.0,23934.0,13991.0,0.0,1.0,37926.0,26183.0
118,2021,제주관광공사,50412.0,35.0,0.0,12420.0,0.0,62867.0,0.0,4281.0,37184.0,357.0,9503.0,0.0,51325.0,0.0,2000.0,0.0,1462.0,6270.0,9732.0,4655.0,311.0,158.0,5000.0,16746.0,22215.0,3714.0
119,2021,울주군시설관리공단,17841.0,0.0,0.0,0.0,0.0,17841.0,0.0,9941.0,7898.0,0.0,2.0,0.0,17841.0,0.0,0.0,0.0,0.0,1647.0,1647.0,0.0,1420.0,227.0,0.0,0.0,1647.0,0.0
120,2021,양평공사,20705.0,9.0,809.0,148.0,0.0,21671.0,245.0,8196.0,14075.0,253.0,561.0,0.0,23085.0,203.0,2.0,0.0,11326.0,2339.0,13667.0,97.0,398.0,59.0,0.0,10421.0,10878.0,97.0
121,2021,당진시하수도,10142.0,185.0,10962.0,6.0,0.0,21295.0,1050.0,523.0,14503.0,0.0,0.0,0.0,15026.0,742.0,0.0,0.0,28838.0,21850.0,50688.0,8703.0,503.0,0.0,0.0,18997.0,19500.0,7032.0
122,2021,평택도시공사,178256.0,418.0,0.0,685.0,0.0,179359.0,15320.0,7419.0,22005.0,615.0,8138.0,0.0,38177.0,6503.0,16905.0,490000.0,118.0,25563.0,532586.0,34577.0,656.0,286.0,490000.0,70321.0,561263.0,23482.0
123,2021,강화군시설관리공단,10017.0,0.0,0.0,0.0,0.0,10017.0,3.0,6845.0,3172.0,0.0,0.0,0.0,10017.0,3.0,0.0,0.0,0.0,1917.0,1917.0,968.0,1216.0,85.0,0.0,616.0,1917.0,0.0
124,2021,군포도시공사,33758.0,248.0,0.0,114.0,0.0,34120.0,0.0,12848.0,21166.0,58.0,0.0,0.0,34072.0,0.0,0.0,0.0,31708.0,2482.0,34190.0,0.0,2340.0,585.0,0.0,0.0,2925.0,0.0
125,2021,전주시시설관리공단,33871.0,78.0,0.0,0.0,0.0,33949.0,0.0,19687.0,14145.0,78.0,39.0,0.0,33949.0,0.0,0.0,0.0,897.0,0.0,897.0,0.0,847.0,49.0,0.0,0.0,896.0,0.0
126,2021,화성도시공사,123960.0,1421.0,0.0,1506.0,0.0,126887.0,153167.0,26450.0,83378.0,0.0,730.0,0.0,110558.0,20096.0,0.0,0.0,12561.0,480.0,13041.0,0.0,8287.0,1516.0,0.0,6154.0,15957.0,947.0
127,2021,화성시하수도,63334.0,437.0,0.0,210.0,0.0,63981.0,4638.0,1211.0,58440.0,0.0,0.0,160.0,59811.0,4384.0,0.0,0.0,72799.0,20.0,72819.0,9284.0,13432.0,0.0,0.0,2147.0,15579.0,5469.0
128,2021,울산광역시남구도시관리공단,13334.0,49.0,0.0,0.0,0.0,13383.0,0.0,3234.0,10051.0,49.0,0.0,0.0,13334.0,0.0,0.0,0.0,0.0,0.0,0.0,0.0,6156.0,378.0,0.0,0.0,6534.0,0.0
129,2021,강릉시하수도,16733.0,130.0,4091.0,53.0,0.0,21007.0,122.0,1055.0,18442.0,0.0,0.0,6.0,19503.0,122.0,0.0,0.0,32633.0,7.0,32640.0,10304.0,18889.0,0.0,0.0,3216.0,22105.0,9853.0
130,2021,인천경제자유구역청,1270707.0,8786.0,3835.0,59134.0,1356.0,1343818.0,61.0,1618.0,200701.0,0.0,27.0,357.0,202703.0,61.0,29096.0,0.0,27965.0,65457.0,122518.0,444466.0,748380.0,74.0,0.0,86531.0,834985.0,444466.0
131,2021,거제시하수도,5560.0,148.0,5894.0,760.0,0.0,12362.0,21757.0,596.0,13474.0,0.0,0.0,0.0,14070.0,0.0,0.0,0.0,54440.0,544.0,54984.0,0.0,6176.0,0.0,0.0,26181.0,32357.0,12752.0
132,2021,노원구시설관리공단,17145.0,0.0,0.0,0.0,0.0,17145.0,6.0,11049.0,6096.0,0.0,0.0,0.0,17145.0,6.0,0.0,0.0,0.0,108.0,108.0,0.0,108.0,0.0,0.0,0.0,108.0,0.0
133,2021,남양주도시공사,103892.0,365.0,0.0,16.0,0.0,104273.0,82391.0,18418.0,38739.0,0.0,22.0,0.0,57179.0,38308.0,0.0,0.0,0.0,13271.0,13271.0,0.0,4627.0,0.0,0.0,2207.0,6834.0,119.0
134,2021,중구시설관리공단,20315.0,0.0,0.0,177.0,0.0,20492.0,0.0,10421.0,9894.0,0.0,177.0,0.0,20492.0,0.0,0.0,0.0,0.0,398.0,398.0,0.0,0.0,0.0,0.0,398.0,398.0,0.0
135,2021,함안군상수도,8547.0,43.0,0.0,37.0,0.0,8627.0,0.0,185.0,4920.0,0.0,0.0,0.0,5105.0,0.0,0.0,0.0,8148.0,0.0,8148.0,0.0,2418.0,0.0,0.0,0.0,2418.0,532.0
136,2021,양주시시설관리공단(폐지),16047.0,0.0,0.0,5.0,0.0,16052.0,0.0,8517.0,7530.0,0.0,5.0,0.0,16052.0,0.0,0.0,0.0,0.0,899.0,899.0,0.0,124.0,0.0,0.0,775.0,899.0,0.0
137,2021,통영관광개발공사,9943.0,66.0,0.0,482.0,0.0,10491.0,0.0,5039.0,4642.0,0.0,13.0,0.0,9694.0,0.0,0.0,0.0,0.0,10385.0,10385.0,0.0,499.0,0.0,0.0,100.0,599.0,0.0
138,2021,영양고추유통공사,18027.0,10.0,0.0,924.0,0.0,18961.0,0.0,2275.0,23029.0,264.0,7.0,0.0,25575.0,0.0,2.0,25600.0,440.0,187.0,26229.0,0.0,139.0,0.0,20300.0,161.0,20600.0,0.0
139,2021,음성군상수도,17829.0,14.0,0.0,12.0,0.0,17855.0,10.0,971.0,12602.0,0.0,0.0,0.0,13573.0,10.0,18.0,0.0,11408.0,2241.0,13667.0,2553.0,6845.0,0.0,0.0,6345.0,13190.0,2129.0
140,2021,울산광역시도시공사,11109.0,1530.0,0.0,3030.0,0.0,15669.0,44.0,3151.0,52566.0,1139.0,11713.0,304.0,68873.0,19.0,0.0,68598.0,10559.0,265031.0,344188.0,21266.0,24774.0,0.0,3107.0,74765.0,102646.0,19707.0
141,2021,문경관광진흥공단(폐지),7492.0,72.0,0.0,-72.0,0.0,7492.0,0.0,3048.0,4444.0,0.0,0.0,0.0,7492.0,0.0,0.0,0.0,156.0,100.0,256.0,0.0,120.0,36.0,0.0,0.0,156.0,0.0
142,2021,부안군상수도,9303.0,41.0,2522.0,17.0,0.0,11883.0,8.0,1648.0,8726.0,0.0,0.0,0.0,10374.0,8.0,0.0,0.0,3161.0,3102.0,6263.0,552.0,18520.0,335.0,0.0,0.0,18855.0,551.0
143,2021,관악구시설관리공단,12142.0,42.0,0.0,66.0,0.0,12250.0,0.0,7995.0,4147.0,42.0,66.0,0.0,12250.0,0.0,0.0,0.0,0.0,281.0,281.0,0.0,75.0,206.0,0.0,0.0,281.0,0.0
144,2021,안동시시설관리공단,23915.0,0.0,0.0,3.0,0.0,23918.0,0.0,10912.0,13003.0,0.0,3.0,0.0,23918.0,0.0,0.0,0.0,0.0,754.0,754.0,0.0,506.0,47.0,0.0,0.0,553.0,0.0
145,2021,인천환경공단,130993.0,0.0,0.0,785.0,0.0,131778.0,0.0,37931.0,89089.0,0.0,754.0,0.0,127774.0,0.0,0.0,0.0,1915.0,46152.0,48067.0,0.0,42178.0,120.0,0.0,1983.0,44281.0,0.0
146,2021,제천시하수도,7236.0,142.0,10927.0,72.0,0.0,18377.0,0.0,2762.0,10190.0,0.0,0.0,0.0,12952.0,0.0,7.0,0.0,25983.0,4061.0,30051.0,11817.0,5481.0,0.0,0.0,22900.0,28381.0,7903.0
147,2021,은평구시설관리공단,8431.0,0.0,0.0,42.0,0.0,8473.0,0.0,5259.0,3172.0,0.0,42.0,0.0,8473.0,0.0,0.0,0.0,0.0,184.0,184.0,0.0,128.0,56.0,0.0,0.0,184.0,0.0
148,2021,충주시하수도,23729.0,162.0,11852.0,59.0,0.0,35802.0,0.0,3292.0,14018.0,0.0,0.0,0.0,17310.0,110.0,17.0,0.0,27382.0,16547.0,43946.0,3544.0,27576.0,0.0,0.0,12326.0,39902.0,2411.0
149,2021,충청남도개발공사,211110.0,1835.0,0.0,15934.0,0.0,228879.0,0.0,4469.0,56572.0,94.0,6190.0,0.0,67325.0,0.0,0.0,133954.0,195421.0,46096.0,375471.0,0.0,3403.0,2136.0,161214.0,130832.0,297585.0,0.0
150,2021,창원레포츠파크,20876.0,0.0,284.0,0.0,0.0,21160.0,693.0,10167.0,10656.0,0.0,335.0,0.0,21158.0,24.0,0.0,0.0,0.0,1629.0,1629.0,0.0,1500.0,129.0,0.0,0.0,1629.0,0.0
151,2021,부산지방공단스포원(부산시설공단 통합),19173.0,0.0,1277.0,0.0,0.0,20450.0,0.0,9522.0,9035.0,0.0,1266.0,0.0,19823.0,0.0,0.0,0.0,2481.0,0.0,2481.0,0.0,1995.0,0.0,0.0,0.0,1995.0,0.0
152,2021,광주환경공단,62699.0,23.0,0.0,68.0,0.0,62790.0,455.0,18578.0,43249.0,0.0,0.0,0.0,61827.0,340.0,13190.0,0.0,0.0,17.0,13207.0,1323.0,12415.0,0.0,0.0,0.0,12415.0,1226.0
153,2021,대구공공시설관리공단,108468.0,86.0,0.0,230.0,0.0,108784.0,0.0,32669.0,73568.0,0.0,0.0,0.0,106237.0,0.0,0.0,0.0,0.0,15496.0,15496.0,603.0,17359.0,0.0,0.0,592.0,17951.0,603.0
154,2021,부산환경공단,177214.0,0.0,0.0,0.0,0.0,177214.0,6149.0,40697.0,127087.0,0.0,1017.0,0.0,168801.0,6149.0,0.0,0.0,0.0,15911.0,15911.0,1291.0,14803.0,0.0,0.0,117.0,14920.0,1291.0
155,2021,창원시설공단,70445.0,0.0,0.0,2.0,0.0,70447.0,0.0,36175.0,34270.0,0.0,2.0,0.0,70447.0,0.0,0.0,0.0,2432.0,2000.0,4432.0,0.0,2383.0,49.0,0.0,0.0,2432.0,0.0
156,2021,구미시설공단(폐지),43784.0,0.0,0.0,1.0,0.0,43785.0,0.0,16743.0,27041.0,0.0,1.0,0.0,43785.0,0.0,0.0,0.0,0.0,2765.0,2765.0,0.0,1075.0,203.0,0.0,1487.0,2765.0,0.0
157,2021,청주시시설관리공단,36514.0,140.0,0.0,47.0,0.0,36701.0,0.0,16904.0,19600.0,0.0,8.0,0.0,36512.0,0.0,0.0,0.0,2722.0,441.0,3163.0,275.0,2084.0,475.0,0.0,11.0,2570.0,275.0
158,2021,정선군시설관리공단,11194.0,0.0,0.0,0.0,0.0,11194.0,0.0,6230.0,4964.0,0.0,0.0,0.0,11194.0,0.0,0.0,0.0,0.0,484.0,484.0,0.0,469.0,10.0,0.0,5.0,484.0,0.0
159,2021,동해시시설관리공단,8554.0,0.0,0.0,0.0,0.0,8554.0,0.0,4871.0,3681.0,0.0,2.0,0.0,8554.0,0.0,0.0,0.0,0.0,442.0,442.0,0.0,56.0,0.0,0.0,0.0,56.0,386.0
160,2021,속초시시설관리공단,19634.0,0.0,0.0,0.0,0.0,19634.0,0.0,13515.0,6119.0,0.0,0.0,0.0,19634.0,0.0,0.0,0.0,0.0,151840.0,151840.0,0.0,0.0,0.0,0.0,151840.0,151840.0,0.0
161,2021,연천군시설관리공단,9798.0,0.0,0.0,0.0,0.0,9798.0,0.0,4678.0,4163.0,0.0,0.0,0.0,8841.0,0.0,0.0,0.0,0.0,0.0,0.0,0.0,194.0,61.0,0.0,0.0,255.0,0.0
162,2021,가평군시설관리공단,10277.0,0.0,0.0,116.0,0.0,10393.0,0.0,5516.0,4761.0,0.0,116.0,0.0,10393.0,0.0,0.0,0.0,641.0,0.0,641.0,200.0,200.0,0.0,0.0,441.0,641.0,0.0
163,2021,의정부시시설관리공단(폐지),32059.0,80.0,0.0,51.0,0.0,32190.0,0.0,16809.0,14745.0,0.0,62.0,0.0,31616.0,0.0,0.0,0.0,0.0,518.0,518.0,0.0,480.0,0.0,0.0,0.0,480.0,0.0
164,2021,오산시시설관리공단(폐지),13817.0,0.0,0.0,0.0,0.0,13817.0,0.0,6422.0,6723.0,0.0,0.0,0.0,13145.0,0.0,0.0,0.0,0.0,485.0,485.0,0.0,126.0,150.0,0.0,0.0,276.0,0.0
165,2021,안성시시설관리공단,24066.0,0.0,0.0,0.0,0.0,24066.0,0.0,12656.0,9397.0,0.0,1607.0,0.0,23660.0,0.0,0.0,0.0,1698.0,0.0,1698.0,0.0,1635.0,5.0,0.0,0.0,1640.0,0.0
166,2021,시흥도시공사,41988.0,140.0,0.0,3.0,0.0,42131.0,0.0,17728.0,24259.0,57.0,3.0,0.0,42047.0,0.0,0.0,81862.0,0.0,17042.0,98904.0,7812.0,602.0,209.0,28963.0,62274.0,92048.0,1485.0
167,2021,부천도시공사,54630.0,582.0,0.0,128.0,0.0,55340.0,33907.0,19279.0,27486.0,0.0,36.0,0.0,46801.0,8142.0,0.0,0.0,0.0,104501.0,104501.0,0.0,1145.0,16.0,0.0,2180.0,3341.0,0.0
168,2021,수원도시공사,77571.0,32.0,0.0,2121.0,0.0,79724.0,0.0,28631.0,47696.0,0.0,2121.0,0.0,78448.0,4390.0,0.0,0.0,3089.0,1235.0,4324.0,10498.0,1236.0,0.0,0.0,265.0,1501.0,23.0
169,2021,울산시설공단,59517.0,0.0,0.0,0.0,0.0,59517.0,0.0,30981.0,26405.0,0.0,0.0,0.0,57386.0,0.0,0.0,0.0,0.0,5056.0,5056.0,0.0,4722.0,251.0,0.0,45.0,5018.0,0.0
170,2021,대전광역시시설관리공단,85561.0,189.0,0.0,344.0,0.0,86094.0,19.0,30296.0,48241.0,0.0,1505.0,0.0,80042.0,19.0,0.0,0.0,16596.0,0.0,16596.0,1476.0,12013.0,110.0,163.0,69.0,12355.0,1357.0
171,2021,인천광역시서구시설관리공단,32554.0,298.0,364.0,3.0,0.0,33219.0,0.0,17978.0,14576.0,298.0,367.0,0.0,33219.0,0.0,0.0,0.0,700.0,4039.0,4739.0,0.0,1771.0,644.0,0.0,1624.0,4039.0,0.0
172,2021,인천광역시계양구시설관리공단,9090.0,0.0,0.0,0.0,0.0,9090.0,0.0,6427.0,2663.0,0.0,0.0,0.0,9090.0,0.0,0.0,0.0,0.0,0.0,0.0,0.0,0.0,0.0,0.0,0.0,0.0,0.0
173,2021,인천광역시부평구시설관리공단,15489.0,0.0,0.0,0.0,0.0,15489.0,0.0,9584.0,5902.0,0.0,3.0,0.0,15489.0,0.0,0.0,0.0,0.0,1616.0,1616.0,0.0,99.0,45.0,0.0,1472.0,1616.0,0.0
174,2021,남동구도시관리공단,11642.0,0.0,0.0,3.0,0.0,11645.0,0.0,5793.0,5849.0,0.0,3.0,0.0,11645.0,0.0,0.0,0.0,0.0,1316.0,1316.0,0.0,290.0,58.0,0.0,570.0,918.0,0.0
175,2021,인천광역시미추홀구시설관리공단,13111.0,0.0,0.0,0.0,0.0,13111.0,0.0,6972.0,6139.0,0.0,0.0,0.0,13111.0,0.0,0.0,0.0,498.0,1554.0,2052.0,0.0,44.0,14.0,0.0,1495.0,1553.0,0.0
176,2021,인천시설공단,126073.0,660.0,0.0,161.0,0.0,126894.0,224.0,59684.0,58903.0,0.0,0.0,0.0,118587.0,224.0,0.0,0.0,10610.0,0.0,10610.0,0.0,10057.0,98.0,0.0,0.0,10155.0,0.0
177,2021,대구시설공단(대구공공시설관리공단 통합),93676.0,0.0,0.0,0.0,0.0,93676.0,51.0,43074.0,49721.0,0.0,0.0,0.0,92795.0,50.0,0.0,0.0,14286.0,0.0,14286.0,1827.0,12437.0,0.0,0.0,0.0,12437.0,1742.0
178,2021,부산시설공단,134649.0,236.0,0.0,1750.0,0.0,136635.0,154.0,49622.0,66133.0,0.0,10744.0,9.0,126508.0,154.0,0.0,0.0,6652.0,0.0,6652.0,15575.0,16583.0,0.0,0.0,102.0,16685.0,3280.0
179,2021,중랑구시설관리공단,11371.0,0.0,0.0,0.0,0.0,11371.0,0.0,5892.0,5479.0,0.0,0.0,0.0,11371.0,0.0,0.0,0.0,102.0,0.0,102.0,0.0,102.0,0.0,0.0,0.0,102.0,0.0
180,2021,종로구시설관리공단,12326.0,0.0,0.0,15.0,0.0,12341.0,0.0,7468.0,4231.0,0.0,0.0,0.0,11699.0,0.0,0.0,0.0,0.0,1221.0,1221.0,0.0,464.0,16.0,0.0,0.0,480.0,0.0
181,2021,용산구시설관리공단,17419.0,0.0,0.0,336.0,0.0,17755.0,0.0,9571.0,7848.0,0.0,336.0,0.0,17755.0,0.0,0.0,0.0,132.0,0.0,132.0,0.0,132.0,0.0,0.0,0.0,132.0,0.0
182,2021,영등포구시설관리공단,15058.0,0.0,0.0,0.0,0.0,15058.0,0.0,9006.0,6052.0,0.0,0.0,0.0,15058.0,0.0,0.0,0.0,0.0,241.0,241.0,0.0,231.0,10.0,0.0,0.0,241.0,0.0
183,2021,양천구시설관리공단,12932.0,0.0,0.0,54.0,0.0,12986.0,0.0,8047.0,4885.0,0.0,54.0,0.0,12986.0,0.0,0.0,0.0,0.0,29.0,29.0,0.0,29.0,0.0,0.0,0.0,29.0,0.0
184,2021,송파구시설관리공단,17110.0,0.0,0.0,8.0,0.0,17118.0,0.0,11187.0,5923.0,0.0,8.0,0.0,17118.0,0.0,0.0,0.0,0.0,459.0,459.0,0.0,0.0,0.0,0.0,459.0,459.0,0.0
185,2021,성북구도시관리공단,18556.0,89.0,608.0,-89.0,0.0,19164.0,14.0,11255.0,7301.0,0.0,608.0,0.0,19164.0,0.0,0.0,0.0,3892.0,0.0,3892.0,0.0,3892.0,0.0,0.0,0.0,3892.0,0.0
186,2021,성동구도시관리공단,23428.0,0.0,0.0,1.0,0.0,23429.0,0.0,12418.0,9995.0,0.0,1016.0,0.0,23429.0,0.0,0.0,0.0,911.0,0.0,911.0,0.0,911.0,0.0,0.0,0.0,911.0,0.0
187,2021,서대문구도시관리공단,13474.0,0.0,0.0,0.0,0.0,13474.0,0.0,6874.0,6600.0,0.0,0.0,0.0,13474.0,0.0,0.0,0.0,1282.0,182.0,1464.0,0.0,1425.0,39.0,0.0,0.0,1464.0,0.0
188,2021,마포구시설관리공단,18311.0,0.0,0.0,0.0,0.0,18311.0,0.0,9374.0,7662.0,0.0,1275.0,0.0,18311.0,0.0,0.0,0.0,0.0,187.0,187.0,0.0,0.0,0.0,0.0,187.0,187.0,0.0
189,2021,동작구시설관리공단,11078.0,143.0,0.0,22.0,0.0,11243.0,0.0,6895.0,4183.0,0.0,165.0,0.0,11243.0,0.0,0.0,0.0,0.0,216.0,216.0,0.0,177.0,39.0,0.0,0.0,216.0,0.0
190,2021,동대문구시설관리공단,14644.0,0.0,0.0,0.0,0.0,14644.0,0.0,8602.0,6042.0,0.0,0.0,0.0,14644.0,0.0,0.0,0.0,0.0,323.0,323.0,111.0,174.0,149.0,0.0,0.0,323.0,111.0
191,2021,도봉구시설관리공단,13548.0,0.0,0.0,0.0,0.0,13548.0,0.0,7369.0,6179.0,0.0,1.0,0.0,13549.0,0.0,0.0,0.0,316.0,0.0,316.0,0.0,0.0,0.0,0.0,316.0,316.0,0.0
192,2021,금천구시설관리공단,10622.0,0.0,0.0,35.0,0.0,10657.0,0.0,5307.0,5315.0,0.0,35.0,0.0,10657.0,0.0,0.0,0.0,0.0,420.0,420.0,0.0,13.0,0.0,0.0,0.0,13.0,0.0
193,2021,구로구시설관리공단,10446.0,22.0,0.0,20.0,0.0,10488.0,0.0,6560.0,3886.0,0.0,42.0,0.0,10488.0,0.0,0.0,0.0,0.0,534.0,534.0,0.0,22.0,0.0,0.0,288.0,310.0,0.0
194,2021,광진구시설관리공단,18530.0,0.0,0.0,0.0,0.0,18530.0,0.0,10568.0,7962.0,0.0,0.0,0.0,18530.0,0.0,0.0,0.0,0.0,1270.0,1270.0,0.0,0.0,0.0,0.0,1234.0,1234.0,36.0
195,2021,강서구시설관리공단,14616.0,121.0,0.0,3.0,0.0,14740.0,155.0,8934.0,5682.0,0.0,124.0,0.0,14740.0,155.0,0.0,0.0,0.0,773.0,773.0,0.0,769.0,0.0,0.0,4.0,773.0,0.0
196,2021,강북구도시관리공단,16421.0,0.0,0.0,0.0,0.0,16421.0,0.0,9972.0,6449.0,0.0,0.0,0.0,16421.0,0.0,0.0,0.0,0.0,731.0,731.0,0.0,715.0,16.0,0.0,0.0,731.0,0.0
197,2021,강동구도시관리공단,14162.0,0.0,0.0,0.0,0.0,14162.0,0.0,8627.0,5535.0,0.0,0.0,0.0,14162.0,0.0,0.0,0.0,0.0,725.0,725.0,0.0,725.0,0.0,0.0,0.0,725.0,0.0
198,2021,강남구도시관리공단,29550.0,0.0,0.0,0.0,0.0,29550.0,0.0,15641.0,13909.0,0.0,0.0,0.0,29550.0,0.0,0.0,0.0,0.0,9484.0,9484.0,0.0,8715.0,141.0,0.0,0.0,8856.0,0.0
199,2021,서울시설공단,393660.0,1794.0,0.0,751.0,0.0,396205.0,3163.0,189637.0,188764.0,0.0,1243.0,0.0,379644.0,3155.0,0.0,0.0,0.0,32959.0,32959.0,3003.0,29130.0,473.0,0.0,764.0,30367.0,2887.0
200,2021,창녕군시설관리공단,15412.0,25.0,0.0,27.0,0.0,15464.0,0.0,5755.0,8370.0,0.0,900.0,0.0,15025.0,0.0,1.0,0.0,0.0,1434.0,1435.0,0.0,301.0,0.0,0.0,0.0,301.0,0.0
201,2021,청도공영사업공사,22874.0,6.0,0.0,6122.0,0.0,29002.0,0.0,1175.0,27740.0,0.0,1183.0,0.0,30098.0,0.0,1.0,0.0,0.0,200.0,201.0,1793.0,135.0,0.0,0.0,0.0,135.0,0.0
202,2021,하남도시공사,233179.0,496.0,0.0,517663.0,0.0,751338.0,111.0,6564.0,19031.0,151.0,444.0,11257.0,37447.0,111.0,1531.0,248217.0,608.0,95940.0,346296.0,5240.0,805485.0,46.0,41584.0,0.0,847115.0,441.0
203,2021,용인도시공사,109176.0,1738.0,0.0,212.0,0.0,111126.0,70081.0,20227.0,110670.0,107.0,10884.0,0.0,141888.0,30671.0,0.0,1157.0,3423.0,254248.0,258828.0,9228.0,3275.0,560.0,0.0,824.0,4659.0,2572.0
204,2021,경기평택항만공사,22390.0,95.0,0.0,1.0,0.0,22486.0,0.0,1243.0,15849.0,0.0,372.0,0.0,17464.0,198.0,0.0,0.0,0.0,331.0,331.0,15542.0,708.0,103.0,0.0,674.0,1485.0,150.0
205,2021,광주도시관리공사,49930.0,445.0,0.0,1675.0,0.0,52050.0,64.0,17178.0,31917.0,0.0,339.0,0.0,49434.0,63.0,0.0,0.0,28077.0,27.0,28104.0,3081.0,3190.0,74.0,0.0,0.0,3264.0,2790.0
206,2021,경기관광공사,30694.0,73.0,0.0,25.0,0.0,30792.0,16161.0,5125.0,24260.0,0.0,260.0,0.0,29645.0,11032.0,0.0,0.0,0.0,114.0,114.0,13092.0,50.0,0.0,0.0,1049.0,1099.0,0.0
207,2021,구리농수산물공사,13872.0,615.0,0.0,9847.0,0.0,24334.0,88.0,3908.0,5538.0,0.0,9658.0,959.0,20063.0,0.0,0.0,0.0,843.0,35593.0,36436.0,2398.0,1701.0,0.0,0.0,1282.0,2983.0,2151.0
208,2021,광주광역시 관광공사,13996.0,38954.0,3542.0,45.0,0.0,56537.0,152.0,5348.0,14917.0,0.0,0.0,152.0,20417.0,0.0,4.0,0.0,617.0,0.0,621.0,152.0,169.0,270.0,0.0,0.0,439.0,152.0
209,2021,서울특별시농수산식품공사,80106.0,980.0,0.0,40148.0,0.0,121234.0,412.0,21825.0,48916.0,1174.0,34441.0,0.0,106356.0,402.0,146.0,7138.0,7291.0,5366.0,19941.0,4369.0,24399.0,792.0,2705.0,3033.0,30929.0,4188.0
210,2021,제주특별자치도개발공사,360506.0,3545.0,0.0,3895.0,0.0,367946.0,29963.0,43567.0,222302.0,0.0,4210.0,0.0,270079.0,2246.0,176.0,11922.0,18812.0,137494.0,168404.0,0.0,43623.0,799.0,0.0,28642.0,73064.0,9553.0
211,2021,경남개발공사,147406.0,2470.0,0.0,1639.0,0.0,151515.0,11001.0,5524.0,127007.0,1266.0,1584.0,23.0,135404.0,2016.0,73.0,25322.0,1000.0,29358.0,55753.0,369327.0,7665.0,0.0,73.0,115711.0,123449.0,8685.0
212,2021,경상북도개발공사,122415.0,317.0,0.0,12514.0,0.0,135246.0,0.0,7281.0,81392.0,0.0,1826.0,2473.0,92972.0,4589.0,0.0,2780.0,0.0,166037.0,168817.0,11882.0,52582.0,106.0,4301.0,1603.0,58592.0,3620.0
213,2021,전남개발공사,11615.0,2625.0,0.0,1083.0,0.0,15323.0,0.0,7175.0,17122.0,6.0,6010.0,18191.0,48504.0,0.0,4612.0,0.0,294279.0,154351.0,453242.0,639.0,5202.0,5.0,30900.0,156024.0,192131.0,0.0
214,2021,전북개발공사,67013.0,1316.0,0.0,3588.0,0.0,71917.0,8559.0,4139.0,20993.0,3286.0,785.0,3929.0,33132.0,5942.0,0.0,33742.0,920.0,138359.0,173021.0,8048.0,50119.0,0.0,14076.0,11463.0,75658.0,7900.0
215,2021,충북개발공사,195689.0,839.0,0.0,1077.0,0.0,197605.0,998.0,4400.0,166109.0,69.0,715.0,0.0,171293.0,965.0,0.0,30562.0,18469.0,318901.0,367932.0,1027.0,591.0,750.0,0.0,124862.0,126203.0,822.0
216,2021,강원개발공사,175605.0,932.0,0.0,9737.0,0.0,186274.0,0.0,6412.0,178896.0,13497.0,3873.0,0.0,202678.0,0.0,69345.0,0.0,0.0,242496.0,311841.0,0.0,17182.0,94.0,83262.0,18846.0,119384.0,0.0
217,2021,경기주택도시공사,1772446.0,23503.0,0.0,41562.0,0.0,1837511.0,3451.0,36270.0,3917160.0,3103.0,29097.0,105132.0,4090762.0,3451.0,0.0,1553413.0,171944.0,9347.0,1734704.0,2378231.0,588340.0,17556.0,206596.0,65227.0,877719.0,0.0
218,2021,대전도시공사,135851.0,478.0,11174.0,4004.0,0.0,151507.0,65547.0,54582.0,101369.0,5882.0,15064.0,10063.0,186960.0,28287.0,13415.0,638457.0,32419.0,132852.0,817143.0,0.0,11239.0,320.0,141863.0,286740.0,440162.0,25216.0
219,2021,광주광역시도시공사,164028.0,1205.0,0.0,4034.0,0.0,169267.0,0.0,21246.0,69206.0,3442.0,6575.0,0.0,100469.0,711.0,142382.0,262291.0,174010.0,0.0,578683.0,4379.0,258483.0,77.0,158705.0,100.0,417365.0,2220.0
220,2021,인천도시공사,2049518.0,3068.0,0.0,40032.0,0.0,2092618.0,40121.0,24706.0,1336692.0,7684.0,74132.0,0.0,1443214.0,24789.0,27732.0,1207691.0,67290.0,6560.0,1309273.0,547990.0,175452.0,4554.0,1944117.0,35362.0,2159485.0,15036.0
221,2021,대구도시개발공사,12269.0,2664.0,0.0,2988.0,0.0,17921.0,1352.0,11084.0,28628.0,83.0,331.0,0.0,40126.0,294.0,0.0,63262.0,21042.0,793254.0,877558.0,6095.0,13558.0,1125.0,182913.0,281493.0,479089.0,5625.0
222,2021,부산도시공사,333944.0,10034.0,348.0,14602.0,0.0,358928.0,443.0,16087.0,42344.0,3088.0,4557.0,21872.0,87948.0,442.0,14909.0,24176.0,21534.0,640119.0,700738.0,13121.0,127292.0,0.0,111739.0,192140.0,431171.0,13034.0
223,2021,서울주택도시개발공사,2962686.0,21547.0,0.0,30415.0,0.0,3014648.0,0.0,72047.0,2252049.0,75462.0,61852.0,42706.0,2504116.0,0.0,65903.0,2754648.0,1034986.0,0.0,3855537.0,2468183.0,1999634.0,24243.0,1502369.0,52144.0,3578390.0,0.0
224,2021,대전교통공사,47472.0,161.0,0.0,31428.0,0.0,79061.0,1436.0,44058.0,30171.0,0.0,0.0,0.0,74229.0,1471.0,91.0,0.0,5774.0,0.0,5865.0,384.0,5519.0,21.0,0.0,2020.0,7560.0,343.0
225,2021,광주교통공사,25124.0,321.0,0.0,54665.0,0.0,80110.0,795.0,44852.0,28884.0,1.0,640.0,0.0,74377.0,795.0,0.0,0.0,0.0,3481.0,3481.0,10398.0,5263.0,20.0,0.0,1071.0,6354.0,2848.0
226,2021,인천교통공사,173820.0,562.0,66819.0,7290.0,0.0,248491.0,6611.0,142384.0,134453.0,1027.0,4237.0,0.0,282101.0,1784.0,0.0,60000.0,43459.0,3543.0,107002.0,53051.0,11783.0,48.0,1666.0,5604.0,19101.0,22412.0
227,2021,대구교통공사,159156.0,406.0,138482.0,3741.0,0.0,301785.0,1789.0,167161.0,143577.0,4091.0,234.0,0.0,315063.0,1789.0,0.0,165700.0,19569.0,55791.0,241060.0,10490.0,14043.0,343.0,0.0,146249.0,160635.0,9795.0
228,2021,부산교통공사,227474.0,370.0,245902.0,7332.0,0.0,481078.0,29266.0,297102.0,242316.0,3236.0,2182.0,0.0,544836.0,29264.0,0.0,224500.0,137830.0,105509.0,467839.0,96685.0,156573.0,0.0,154609.0,43853.0,355035.0,59159.0
229,2021,진주시공영개발,162391.0,603.0,0.0,676.0,0.0,163670.0,0.0,0.0,44.0,0.0,0.0,0.0,44.0,0.0,0.0,0.0,0.0,136757.0,136757.0,329.0,130721.0,0.0,0.0,0.0,130721.0,159.0
230,2021,창원시주택건설사업,1952.0,76.0,0.0,23.0,0.0,2051.0,0.0,259.0,954.0,0.0,0.0,0.0,1213.0,0.0,0.0,1890.0,540.0,2028.0,4458.0,0.0,831.0,0.0,798.0,309.0,1938.0,0.0
231,2021,광양시공영개발,0.0,55.0,0.0,1.0,0.0,56.0,0.0,201.0,0.0,0.0,0.0,0.0,201.0,0.0,0.0,0.0,0.0,20772.0,20772.0,301.0,0.0,0.0,0.0,20802.0,20802.0,0.0
232,2021,순천시공영개발,0.0,1265.0,0.0,36.0,0.0,1301.0,0.0,188.0,127.0,0.0,0.0,0.0,315.0,0.0,0.0,0.0,65664.0,0.0,65664.0,0.0,12.0,0.0,0.0,0.0,12.0,0.0
233,2021,목포시공영개발,51.0,72.0,0.0,0.0,0.0,123.0,0.0,203.0,106.0,0.0,0.0,0.0,309.0,0.0,51.0,72.0,2512.0,2594.0,5229.0,50.0,309.0,4737.0,0.0,0.0,5046.0,0.0
234,2021,익산시공영개발,20749.0,257.0,0.0,955.0,0.0,21961.0,0.0,210.0,192.0,0.0,0.0,0.0,402.0,0.0,0.0,0.0,0.0,19021.0,19021.0,9947.0,33097.0,0.0,0.0,0.0,33097.0,8668.0
235,2021,계룡시공영개발,4644.0,147.0,3000.0,3.0,0.0,7794.0,0.0,0.0,37.0,0.0,0.0,0.0,37.0,0.0,0.0,0.0,0.0,37541.0,37541.0,130.0,0.0,0.0,0.0,42780.0,42780.0,0.0
236,2021,세종특별자치시공영개발,80.0,249.0,0.0,0.0,0.0,329.0,0.0,0.0,1594.0,0.0,0.0,0.0,1594.0,0.0,0.0,0.0,1309.0,2902.0,4211.0,6526.0,0.0,0.0,0.0,0.0,0.0,6526.0
237,2021,아산시공영개발,0.0,7.0,185.0,0.0,0.0,192.0,0.0,0.0,196.0,0.0,0.0,0.0,196.0,0.0,0.0,0.0,245.0,308.0,553.0,0.0,5.0,0.0,0.0,272.0,277.0,0.0
238,2021,천안시공영개발,0.0,399.0,5000.0,1.0,0.0,5400.0,0.0,17.0,35.0,0.0,0.0,0.0,52.0,0.0,0.0,0.0,2879.0,0.0,2879.0,0.0,0.0,0.0,0.0,14000.0,14000.0,0.0
239,2021,음성군공영개발,1620.0,17.0,3650.0,1116.0,0.0,6403.0,0.0,0.0,10.0,0.0,0.0,0.0,10.0,7.0,0.0,18.0,0.0,14939.0,14957.0,0.0,0.0,0.0,124.0,0.0,124.0,25.0
240,2021,충주시공영개발,3669.0,321.0,1509.0,0.0,0.0,5499.0,7.0,264.0,140.0,0.0,0.0,0.0,404.0,7.0,0.0,0.0,26395.0,5038.0,31433.0,2978.0,27653.0,0.0,0.0,0.0,27653.0,2770.0
241,2021,강릉시공영개발,8708.0,112.0,108.0,192.0,0.0,9120.0,9.0,150.0,466.0,0.0,0.0,0.0,616.0,9.0,0.0,0.0,16901.0,0.0,16901.0,19.0,0.0,0.0,0.0,17156.0,17156.0,19.0
242,2021,원주시공영개발,8150.0,570.0,0.0,5.0,0.0,8725.0,0.0,203.0,0.0,0.0,0.0,0.0,203.0,0.0,385.0,0.0,0.0,1.0,386.0,66423.0,7271.0,0.0,0.0,43400.0,50671.0,0.0
243,2021,춘천시공영개발,14.0,748.0,0.0,76.0,0.0,838.0,0.0,0.0,51.0,0.0,0.0,0.0,51.0,0.0,0.0,0.0,51268.0,264.0,51532.0,8250.0,7569.0,43669.0,0.0,0.0,51238.0,2996.0
244,2021,경기도판교테크노밸리조성사업,40.0,2224.0,0.0,11298.0,0.0,13562.0,0.0,0.0,10716.0,0.0,0.0,0.0,10716.0,15.0,0.0,0.0,0.0,160181.0,160181.0,0.0,0.0,0.0,0.0,157544.0,157544.0,0.0
245,2021,안성시공영개발,6081.0,461.0,0.0,0.0,1.0,6543.0,0.0,216.0,29.0,0.0,0.0,0.0,245.0,0.0,0.0,0.0,0.0,0.0,0.0,61523.0,0.0,0.0,0.0,67600.0,67600.0,0.0
246,2021,의왕시공영개발,20000.0,49.0,11000.0,1.0,0.0,31050.0,0.0,645.0,242.0,0.0,0.0,0.0,887.0,0.0,0.0,0.0,0.0,0.0,0.0,0.0,0.0,0.0,0.0,0.0,0.0,0.0
247,2021,시흥시공영개발,27549.0,1940.0,0.0,1.0,1.0,29491.0,52.0,1022.0,749.0,0.0,1.0,1.0,1773.0,52.0,0.0,0.0,1206.0,378817.0,380023.0,46603.0,0.0,0.0,0.0,166376.0,166376.0,43271.0
248,2021,의정부시공영개발,495.0,1159.0,0.0,0.0,2000.0,3654.0,0.0,375.0,0.0,0.0,0.0,0.0,375.0,0.0,75208.0,0.0,40923.0,0.0,116131.0,0.0,25400.0,0.0,0.0,13017.0,38417.0,0.0
249,2021,성남시공영개발,483.0,1109.0,0.0,16.0,0.0,1608.0,11.0,1788.0,455.0,0.0,0.0,0.0,2243.0,11.0,0.0,0.0,79257.0,3164.0,82421.0,3856.0,2395.0,0.0,0.0,195.0,2590.0,954.0
250,2021,제주특별자치도하수도,49864.0,533.0,30550.0,1748.0,0.0,82695.0,93.0,10046.0,52354.0,4081.0,0.0,167.0,66648.0,465.0,4.0,25000.0,112264.0,64613.0,201881.0,47432.0,81834.0,122.0,45235.0,8748.0,135939.0,36493.0
251,2021,창녕군하수도,1188.0,94.0,4332.0,385.0,0.0,5999.0,0.0,0.0,5145.0,0.0,0.0,0.0,5145.0,0.0,0.0,0.0,14526.0,10743.0,25269.0,1520.0,13103.0,0.0,0.0,3053.0,16156.0,1267.0
252,2021,양산시하수도,25138.0,473.0,3263.0,38.0,0.0,28912.0,0.0,1069.0,19649.0,0.0,0.0,11.0,20729.0,112.0,0.0,0.0,2147.0,31920.0,34067.0,1624.0,4714.0,0.0,0.0,0.0,4714.0,919.0
253,2021,밀양시하수도,6071.0,177.0,7018.0,1244.0,0.0,14510.0,49.0,587.0,7793.0,0.0,0.0,0.0,8380.0,29.0,0.0,0.0,25864.0,2653.0,28517.0,6956.0,15986.0,0.0,0.0,8838.0,24824.0,5018.0
254,2021,통영시하수도,2702.0,15.0,0.0,0.0,0.0,2717.0,0.0,0.0,2097.0,0.0,0.0,0.0,2097.0,0.0,0.0,0.0,1800.0,0.0,1800.0,393.0,2377.0,0.0,0.0,43.0,2420.0,393.0
255,2021,거창군하수도,1374.0,101.0,9765.0,1074.0,0.0,12314.0,0.0,325.0,8699.0,0.0,0.0,0.0,9024.0,0.0,0.0,0.0,10539.0,5143.0,15682.0,2302.0,7366.0,0.0,0.0,275.0,7641.0,2093.0
256,2021,사천시하수도,9635.0,51.0,1021.0,25.0,0.0,10732.0,310.0,136.0,8389.0,0.0,0.0,13.0,8538.0,310.0,0.0,0.0,8347.0,0.0,8347.0,2514.0,3606.0,0.0,0.0,0.0,3606.0,2453.0
257,2021,김해시하수도,40490.0,604.0,6673.0,187.0,0.0,47954.0,236.0,2042.0,26245.0,0.0,0.0,0.0,28287.0,232.0,0.0,0.0,36528.0,65015.0,101543.0,23656.0,14905.0,0.0,0.0,22443.0,37348.0,10893.0
258,2021,진주시하수도,18021.0,293.0,16379.0,128.0,0.0,34821.0,0.0,4298.0,35570.0,0.0,0.0,25.0,39893.0,624.0,0.0,0.0,20285.0,10042.0,30327.0,20285.0,5388.0,0.0,0.0,0.0,5388.0,7364.0
259,2021,창원시하수도,67069.0,695.0,2002.0,5153.0,0.0,74919.0,0.0,10391.0,59761.0,0.0,0.0,608.0,70760.0,0.0,1100.0,0.0,25224.0,10371.0,36695.0,0.0,14588.0,0.0,0.0,2592.0,17180.0,0.0
260,2021,영주시하수도,2643.0,51.0,5834.0,54.0,0.0,8582.0,0.0,1517.0,14597.0,0.0,0.0,0.0,16114.0,0.0,0.0,0.0,12149.0,3890.0,16039.0,2958.0,2258.0,0.0,0.0,526.0,2784.0,1646.0
261,2021,상주시하수도,773.0,17.0,1526.0,0.0,0.0,2316.0,943.0,333.0,9016.0,0.0,0.0,116.0,9465.0,943.0,0.0,0.0,28184.0,0.0,28184.0,3976.0,7958.0,0.0,12632.0,445.0,21035.0,3976.0
262,2021,경산시하수도,14440.0,208.0,4771.0,0.0,28.0,19447.0,574.0,682.0,18312.0,0.0,0.0,0.0,18994.0,79.0,0.0,0.0,17258.0,0.0,17258.0,30755.0,15346.0,0.0,0.0,14132.0,29478.0,2160.0
263,2021,영천시하수도,5024.0,85.0,6435.0,2.0,0.0,11546.0,0.0,2099.0,7237.0,0.0,0.0,0.0,9336.0,12.0,0.0,0.0,25467.0,0.0,25467.0,25467.0,15383.0,0.0,0.0,0.0,15383.0,13146.0
264,2021,안동시하수도,8724.0,95.0,4079.0,9.0,34.0,12941.0,14.0,658.0,11876.0,0.0,0.0,0.0,12534.0,14.0,0.0,0.0,13076.0,19295.0,32371.0,2452.0,4222.0,0.0,0.0,11003.0,15225.0,1998.0
265,2021,구미시하수도,56911.0,203.0,6117.0,462.0,1.0,63694.0,1090.0,994.0,36651.0,0.0,0.0,15.0,37660.0,1090.0,0.0,0.0,17721.0,42709.0,60430.0,39016.0,7254.0,0.0,0.0,52063.0,59317.0,21777.0
266,2021,경주시하수도,12646.0,33.0,17043.0,24.0,16.0,29762.0,8659.0,2642.0,24955.0,0.0,0.0,5.0,27602.0,104.0,0.0,0.0,24752.0,3408.0,28160.0,8508.0,8094.0,0.0,13733.0,770.0,22597.0,6635.0
267,2021,영암군하수도,4883.0,19.0,4575.0,538.0,0.0,10015.0,0.0,1456.0,5236.0,0.0,0.0,0.0,6692.0,36.0,0.0,0.0,17132.0,5090.0,22222.0,8161.0,15491.0,0.0,0.0,0.0,15491.0,5848.0
268,2021,나주시하수도,2468.0,72.0,1654.0,15.0,1.0,4210.0,1.0,991.0,9209.0,0.0,0.0,0.0,10200.0,18.0,0.0,0.0,19409.0,0.0,19409.0,19409.0,853.0,0.0,0.0,0.0,853.0,1082.0
269,2021,순천시하수도,23290.0,290.0,2711.0,287.0,0.0,26578.0,0.0,2492.0,8664.0,0.0,0.0,13.0,11169.0,0.0,89.0,0.0,17131.0,42469.0,59689.0,5225.0,22603.0,5624.0,0.0,510.0,28737.0,4142.0
270,2021,목포시하수도,19122.0,65.0,1772.0,60.0,0.82,21019.82,0.0,5201.0,9359.06,0.0,0.0,0.94,14561.0,0.0,0.0,0.0,20683.0,24353.0,45036.0,5842.0,24725.0,0.0,0.0,6.0,24731.0,4544.0
271,2021,정읍시하수도,11591.0,20.0,4337.0,5.0,26.0,15979.0,0.0,848.0,15943.0,0.0,0.0,85.0,16876.0,0.0,0.0,0.0,7681.0,6448.0,14129.0,3464.0,11610.0,0.0,0.0,190.0,11800.0,3464.0
272,2021,익산시하수도,23414.0,106.0,20391.0,43.0,0.0,43954.0,0.0,820.0,35323.0,0.0,0.0,0.0,36143.0,0.0,0.0,0.0,21994.0,4248.0,26242.0,13105.0,20370.0,0.0,0.0,2656.0,23026.0,7358.0
273,2021,완주군하수도,3720.0,67.0,0.0,119.0,0.0,3906.0,0.0,704.0,2803.0,0.0,0.0,0.0,3507.0,0.0,0.0,0.0,0.0,970.0,970.0,0.0,968.0,0.0,0.0,0.0,968.0,0.0
274,2021,전주시하수도,54937.0,628.0,0.0,20.0,0.0,55585.0,0.0,2419.0,28779.0,0.0,200.0,0.0,31398.0,0.0,0.0,0.0,34225.0,0.0,34225.0,63976.0,0.0,0.0,0.0,10084.0,10084.0,25363.0
275,2021,서산시하수도,11198.0,35.0,3100.0,25.0,0.0,14358.0,0.0,274.0,12714.0,0.0,0.0,0.0,12988.0,0.0,0.0,0.0,19729.0,4023.0,23752.0,12128.0,54.0,0.0,0.0,15991.0,16045.0,9618.0
276,2021,아산시하수도,17660.0,517.0,358.0,8.0,0.0,18543.0,0.0,1090.0,2731.0,0.0,0.0,20.0,3841.0,0.0,0.0,0.0,10065.0,14590.0,24655.0,814.0,4041.0,0.0,0.0,23346.0,27387.0,814.0
277,2021,천안시하수도,52489.0,1125.0,945.0,84.0,0.0,54643.0,0.0,2757.0,31891.0,0.0,0.0,331.0,34979.0,0.0,0.0,0.0,118338.0,0.0,118338.0,37572.0,2683.0,0.0,14682.0,33151.0,50516.0,13294.0
278,2021,공주시하수도,536.0,221.0,6199.0,0.0,0.0,6956.0,1422.0,486.0,9456.0,0.0,0.0,0.0,9942.0,1326.0,0.0,0.0,27747.0,627.0,28374.0,12614.0,19807.0,0.0,0.0,0.0,19807.0,10056.0
279,2021,청주시하수도,87576.0,463.0,7024.0,40.0,0.0,95103.0,75.0,3869.0,57950.0,0.0,0.0,38.0,61857.0,75.0,0.0,0.0,34098.0,68949.0,103047.0,47842.0,12886.0,0.0,2277.0,59306.0,74469.0,17470.0
280,2021,속초시하수도,8703.0,74.0,500.0,268.0,0.0,9545.0,0.0,1769.0,5873.0,0.0,0.0,0.0,7642.0,0.0,0.0,0.0,0.0,0.0,0.0,0.0,0.0,0.0,0.0,0.0,0.0,0.0
281,2021,춘천시하수도,13726.0,230.0,10287.0,1327.0,0.0,25570.0,0.0,4905.0,16473.0,0.0,0.0,0.0,21378.0,0.0,0.0,0.0,57980.0,7956.0,65936.0,9994.0,4683.0,14.0,7969.0,28894.0,41560.0,5637.0
282,2021,가평군하수도,5588.0,97.0,8774.0,2336.0,0.0,16795.0,712.0,1372.0,10975.0,0.0,0.0,12.0,12359.0,500.0,0.0,0.0,23805.0,5770.0,29575.0,1989.0,3434.0,39.0,0.0,22894.0,26367.0,1742.0
283,2021,김포시하수도,28592.0,100.0,52.0,56.0,0.0,28800.0,0.0,792.0,29093.0,0.0,0.0,13.0,29898.0,0.0,0.0,0.0,25786.0,8946.0,34732.0,2733.0,2381.0,0.0,0.0,19877.0,22258.0,1903.0
284,2021,안양시하수도,50728.0,1416.0,2.0,359.0,0.0,52505.0,0.0,2255.0,44315.0,0.0,0.0,103.0,46673.0,0.0,1000.0,0.0,27723.0,111953.0,140676.0,4629.0,18705.0,0.0,0.0,30000.0,48705.0,3042.0
285,2021,평택시하수도,38405.0,386.0,1823.0,136.0,0.0,40750.0,690.0,1158.0,28256.0,0.0,0.0,5.0,29419.0,683.0,0.0,0.0,68485.0,18700.0,87185.0,31227.0,46128.0,0.0,0.0,15469.0,61597.0,23893.0
286,2021,광주시하수도,38083.0,822.0,30381.0,90.0,2534.0,71910.0,0.0,1271.0,47372.0,0.0,0.0,2477.0,51120.0,0.0,0.0,0.0,95307.0,3387.0,98694.0,12531.0,2303.0,24925.0,0.0,35.0,27263.0,9650.0
287,2021,안성시하수도,8929.0,150.0,12123.0,12382.0,0.0,33584.0,7076.0,927.0,31947.0,0.0,0.0,1168.0,34042.0,0.0,0.0,0.0,8091.0,12666.0,20757.0,0.0,1475.0,6038.0,0.0,75.0,7588.0,7076.0
288,2021,남양주시하수도,41934.0,336.0,25134.0,4191.0,349.0,71944.0,4359.0,1827.0,52742.0,0.0,0.0,148.0,54717.0,4344.0,0.0,0.0,21601.0,29918.0,51519.0,19042.0,9170.0,0.0,0.0,10544.0,19714.0,15079.0
289,2021,의왕시하수도,15569.0,506.0,50.0,100.0,0.0,16225.0,0.0,658.0,10811.0,0.0,0.0,0.0,11469.0,0.0,0.0,0.0,2403.0,19947.0,22350.0,24877.0,2089.0,0.0,0.0,0.0,2089.0,12205.0
290,2021,용인시하수도,68995.0,875.0,9349.0,1532.0,0.0,80751.0,19.0,4247.0,78273.0,0.0,0.0,47.0,82567.0,19.0,0.0,0.0,43056.0,72489.0,115545.0,20397.0,11695.0,0.0,0.0,29421.0,41116.0,13713.0
291,2021,군포시하수도,14695.0,411.0,28.0,11.0,0.0,15145.0,222.0,1073.0,14483.0,0.0,0.0,0.0,15556.0,222.0,0.0,0.0,5645.0,39386.0,45031.0,4229.0,2611.0,0.0,0.0,6411.0,9022.0,3520.0
292,2021,여주시하수도,1751.0,44.0,16628.0,13.0,1.0,18437.0,0.0,998.0,12623.0,0.0,0.0,0.0,13621.0,20.0,0.0,0.0,3246.0,6040.0,9286.0,4892.0,5887.0,0.0,0.0,6284.0,12171.0,3670.0
293,2021,오산시하수도,26648.0,521.0,0.0,65.0,0.0,27234.0,9948.0,2042.0,20961.0,0.0,0.0,1.0,23004.0,277.0,0.0,0.0,3585.0,45177.0,48762.0,0.0,1352.0,876.0,0.0,3763.0,5991.0,7807.0
294,2021,포천시하수도,11628.0,206.0,10476.0,337.0,0.0,22647.0,1093.0,563.0,15356.0,0.0,0.0,635.0,16554.0,1091.0,0.0,0.0,52463.0,6938.0,59401.0,10223.0,47679.0,0.0,0.0,149.0,47828.0,8738.0
295,2021,시흥시하수도,35962.0,579.0,500.0,294.0,0.0,37335.0,742.0,1526.0,38559.0,0.0,0.0,61.0,40146.0,717.0,0.0,0.0,15089.0,39627.0,54716.0,7329.0,32.0,9009.0,0.0,5330.0,14371.0,5580.0
296,2021,구리시하수도,19666.0,1251.0,11674.0,519.0,0.0,33110.0,1895.0,1557.0,14540.0,0.0,0.0,44.0,16141.0,1381.0,10.0,0.0,10840.0,43054.0,53904.0,16085.0,6379.0,0.0,0.0,35488.0,41867.0,9025.0
297,2021,성남시하수도,40861.0,420.0,10.0,629.0,0.0,41920.0,14667.0,3712.0,35079.0,0.0,0.0,3.0,38794.0,2572.0,0.0,0.0,7246.0,25361.0,32607.0,0.0,2995.0,0.0,0.0,3664.0,6659.0,9447.0
298,2021,과천시하수도,5164.0,149.0,0.0,11.0,0.0,5324.0,195.0,1136.0,3141.0,0.0,0.0,1.0,4278.0,136.0,0.0,0.0,2581.0,4447.0,7028.0,2827.0,1260.0,0.0,0.0,5272.0,6532.0,2256.0
299,2021,안산시하수도,57433.0,1140.0,780.0,915.0,0.0,60268.0,264.0,2642.0,36603.0,0.0,0.0,10.0,39255.0,252.0,0.0,0.0,14134.0,53611.0,67745.0,24295.0,19893.0,0.0,0.0,9350.0,29243.0,17874.0
300,2021,부천시하수도,66365.0,1942.0,20.0,2483.0,0.0,70810.0,15396.0,3522.0,32483.0,0.0,0.0,0.0,36005.0,0.0,0.0,0.0,0.0,0.0,0.0,15180.0,18798.0,0.0,0.0,0.0,18798.0,6035.0
301,2021,광명시하수도,15505.7,187.8,60.3,5.3,0.0,15759.099999999999,0.0,888.8,13109.0,0.0,0.0,0.9,13998.699999999999,0.0,3.6,0.0,2195.7,10401.2,12600.5,4946.4,2881.3,10.3,0.0,0.0,2891.6000000000004,3888.8
302,2021,의정부시하수도,25320.0,248.0,620.0,243.0,1.0,26432.0,11.0,3275.0,18686.0,0.0,0.0,0.0,21961.0,11.0,0.0,0.0,10929.0,12286.0,23215.0,13743.0,0.0,0.0,0.0,0.0,0.0,7185.0
303,2021,수원시하수도,76472.0,713.0,1026.0,3913.0,0.0,82124.0,0.0,2993.0,50365.0,0.0,2111.0,15.0,55484.0,0.0,0.0,0.0,28043.0,40405.0,68448.0,33456.0,10085.0,0.0,0.0,30441.0,40526.0,22597.0
304,2021,울산광역시하수도,141877.0,157.0,819.0,3857.0,0.0,146710.0,661.0,8142.0,92360.0,0.0,0.0,22.0,100524.0,636.0,0.0,0.0,39097.0,18985.0,58082.0,13951.0,85298.0,0.0,0.0,0.0,85298.0,11354.0
305,2021,대전광역시하수도,92241.0,818.0,6893.0,2873.0,0.0,102825.0,1220.0,1030.0,78223.0,0.0,0.0,0.0,79253.0,1220.0,0.0,0.0,16917.0,67775.0,84692.0,45912.0,29940.0,0.0,0.0,33929.0,63869.0,19422.0
306,2021,광주광역시하수도,93185.0,909.0,4812.0,1227.0,0.0,100133.0,0.0,1130.0,52742.0,0.0,0.0,20.0,53892.0,0.0,0.0,0.0,24426.0,56194.0,80620.0,19560.0,53684.0,0.0,0.0,40060.0,93744.0,17890.0
307,2021,인천광역시하수도,187359.0,464.0,0.0,836.0,0.0,188659.0,12206.0,1447.0,135563.0,780.0,359.0,0.0,138149.0,19.0,0.0,0.0,47329.0,114388.0,161717.0,12206.0,15230.0,0.0,13449.0,0.0,28679.0,3274.0
308,2021,대구광역시하수도,167726.0,3442.0,17801.0,2113.0,0.0,191082.0,2312.0,795.0,108602.0,0.0,0.0,30.0,109427.0,176.0,0.0,0.0,38566.0,0.0,38566.0,59383.0,10049.0,15102.0,0.0,64197.0,89348.0,29504.0
309,2021,부산광역시하수도,238342.0,793.0,4891.0,6805.0,0.0,250831.0,4.0,2052.0,130433.0,0.0,0.0,0.0,132485.0,4.0,19.0,0.0,101611.0,39364.0,140994.0,93782.0,103122.0,0.0,42484.0,15572.0,161178.0,73631.0
310,2021,제주특별자치도상수도,77588.0,350.0,2694.0,330.0,0.0,80962.0,48.0,12288.0,39135.0,1374.0,0.0,25.0,52822.0,106.0,489.0,30000.0,51973.0,8333.0,90795.0,33207.0,69995.0,1046.0,15986.0,587.0,87614.0,28855.0
311,2021,거창군상수도,5835.0,27.0,1294.0,11.0,0.0,7167.0,130.0,1420.0,3615.0,0.0,0.0,0.0,5035.0,82.0,0.0,0.0,12356.0,1182.0,13538.0,395.0,4727.0,0.0,0.0,0.0,4727.0,364.0
312,2021,창녕군상수도,8362.0,98.0,0.0,22.0,0.0,8482.0,0.0,729.0,8338.0,0.0,0.0,0.0,9067.0,0.0,0.0,0.0,0.0,10020.0,10020.0,0.0,0.0,0.0,0.0,1828.0,1828.0,0.0
313,2021,양산시상수도,34637.0,273.0,40.0,192.0,0.0,35142.0,0.0,4611.0,23523.0,0.0,1.0,168.0,28303.0,0.0,45.0,0.0,515.0,19083.0,19643.0,1585.0,594.0,0.0,0.0,4000.0,4594.0,1037.0
314,2021,거제시상수도,20232.0,97.0,2941.0,88.0,0.0,23358.0,0.0,494.0,22892.0,32.0,0.0,3.0,23421.0,105.0,0.0,0.0,17019.0,4976.0,21995.0,8725.0,439.0,0.0,722.0,16882.0,18043.0,6158.0
315,2021,밀양시상수도,8908.0,64.0,18.0,1.0,0.0,8991.0,0.0,1536.0,8257.0,0.0,0.0,0.0,9793.0,0.0,0.0,0.0,37581.0,0.0,37581.0,2119.0,25335.0,0.0,0.0,0.0,25335.0,2023.0
316,2021,김해시상수도,48515.0,441.0,708.0,205.0,0.0,49869.0,0.0,7672.0,22552.0,0.0,0.0,0.0,30224.0,0.0,0.0,0.0,0.0,50922.0,50922.0,18405.0,11432.0,0.0,0.0,18800.0,30232.0,13715.0
317,2021,사천시상수도,14446.0,17.0,1038.0,98.0,0.0,15599.0,0.0,302.0,15047.0,0.0,0.0,0.0,15349.0,0.0,0.0,0.0,5474.0,1233.0,6707.0,1560.0,1712.0,0.0,0.0,2484.0,4196.0,961.0
318,2021,통영시상수도,13966.0,16.0,0.0,11.0,0.0,13993.0,0.0,374.0,14090.0,0.0,0.0,0.0,14464.0,0.0,0.0,0.0,1042.0,4264.0,5306.0,0.0,0.0,0.0,0.0,0.0,0.0,0.0
319,2021,진주시상수도,28263.0,188.0,2787.0,384.0,0.0,31622.0,0.0,5627.0,16879.0,0.0,0.0,10.0,22516.0,0.0,0.0,0.0,14876.0,19944.0,34820.0,13669.0,23216.0,0.0,0.0,276.0,23492.0,8817.0
320,2021,창원시상수도,78228.0,577.0,2507.0,564.0,0.0,81876.0,0.0,14361.0,47008.0,0.0,0.0,0.0,61369.0,0.0,0.0,0.0,19679.0,10970.0,30649.0,0.0,10747.0,0.0,0.0,19822.0,30569.0,0.0
321,2021,경산시상수도,28623.0,243.0,1119.0,61.0,53.0,30099.0,1130.0,3911.0,21783.0,67.0,0.0,1064.0,26825.0,726.0,0.0,0.0,9688.0,70.0,9758.0,35642.0,14394.0,0.0,0.0,1536.0,15930.0,5289.0
322,2021,문경시상수도,8095.0,54.0,2029.0,10.0,0.0,10188.0,0.0,3338.0,5387.0,0.0,0.0,0.0,8725.0,0.0,0.0,0.0,28097.0,5304.0,33401.0,0.0,7209.0,15590.0,0.0,0.0,22799.0,0.0
323,2021,상주시상수도,8628.0,89.0,100.0,1.0,0.0,8818.0,0.0,2156.0,7893.0,0.0,0.0,317.0,10366.0,0.0,0.0,0.0,49682.0,0.0,49682.0,34715.0,33384.0,0.0,0.0,14750.0,48134.0,34715.0
324,2021,칠곡군상수도,11751.0,14.0,4106.0,43.0,5.0,15919.0,65.0,2149.0,12027.0,0.0,0.0,3.0,14179.0,65.0,0.0,0.0,5880.0,1633.0,7513.0,177.0,2639.0,0.0,0.0,3361.0,6000.0,171.0
325,2021,울진군상수도,4172.0,97.0,2486.0,641.0,0.0,7396.0,6919.0,1648.0,3591.0,0.0,0.0,0.0,5239.0,205.0,0.0,0.0,10398.0,0.0,10398.0,6919.0,6699.0,0.0,0.0,0.0,6699.0,5820.0
326,2021,영천시상수도,12863.0,65.0,3619.0,0.0,130.0,16677.0,0.0,2660.0,12235.0,0.0,0.0,0.0,14895.0,0.0,0.0,0.0,24518.0,4851.0,29369.0,10556.0,32476.0,0.0,0.0,4.0,32480.0,7420.0
327,2021,영주시상수도,10098.0,92.0,87.0,32.0,0.0,10309.0,0.0,2570.0,4961.0,0.0,0.0,0.0,7531.0,0.0,0.0,0.0,0.0,0.0,0.0,0.0,0.0,0.0,0.0,0.0,0.0,0.0
328,2021,구미시상수도,55050.0,43.0,3319.0,115.0,69.0,58596.0,225.0,4685.0,41471.0,60.0,0.0,6.0,46222.0,225.0,7.0,0.0,1673.0,9405.0,11085.0,3068.0,5431.0,0.0,0.0,0.0,5431.0,1283.0
329,2021,안동시상수도,23901.0,149.0,1633.0,24.0,0.0,25707.0,38.0,3376.0,9315.0,0.0,0.0,0.0,12691.0,33.0,7.0,0.0,30514.0,14282.0,44803.0,6952.0,12867.0,13.0,0.0,17554.0,30434.0,6182.0
330,2021,김천시상수도,12933.0,88.0,2219.0,36.0,0.0,15276.0,63.0,2094.0,7773.0,0.0,0.0,2.0,9869.0,63.0,0.0,0.0,18248.0,11492.0,29740.0,6240.0,6382.0,0.0,0.0,13636.0,20018.0,5860.0
331,2021,경주시상수도,36016.0,180.0,972.0,254.0,7.0,37429.0,1901.0,6138.0,28723.0,335.0,0.0,827.0,36023.0,1901.0,0.0,0.0,25691.0,10009.0,35700.0,5164.0,13789.0,0.0,1630.0,21687.0,37106.0,5164.0
332,2021,포항시상수도,50589.0,37.0,1113.0,143.0,0.0,51882.0,908.0,8032.0,33864.0,0.0,0.0,1.0,41897.0,901.0,13.0,0.0,25512.0,9399.0,34924.0,4297.0,37687.0,0.0,0.0,6.0,37693.0,2790.0
333,2021,영암군상수도,10286.0,14.0,3617.0,48.0,0.0,13965.0,4071.0,2250.0,10546.0,1.0,0.0,0.0,12797.0,0.0,0.0,0.0,20317.0,2811.0,23128.0,0.0,15414.0,0.0,0.0,0.0,15414.0,3294.0
334,2021,광양시상수도,13992.0,45.0,449.0,65.0,0.0,14551.0,0.0,2323.0,7938.0,0.0,0.0,0.0,10261.0,0.0,0.0,0.0,23606.0,2339.0,25945.0,6676.0,16443.0,0.0,0.0,582.0,17025.0,5051.0
335,2021,나주시상수도,11508.0,58.0,164.0,80.0,1.0,11811.0,1.0,268.0,15232.0,0.0,0.0,0.0,15500.0,0.0,0.0,0.0,15404.0,0.0,15404.0,15404.0,852.0,0.0,0.0,0.0,852.0,4421.0
336,2021,순천시상수도,24525.0,202.0,358.0,335.0,0.0,25420.0,9.0,1998.0,10686.0,0.0,0.0,1.0,12685.0,9.0,16.0,0.0,11535.0,14081.0,25632.0,6035.0,4070.0,5889.0,0.0,11.0,9970.0,2571.0
337,2021,여수시상수도,33232.0,294.0,354.0,63.0,15.0,33958.0,533.0,5285.0,22400.0,0.0,0.0,17.0,27702.0,524.0,0.0,0.0,20180.0,21766.0,41946.0,12297.0,20433.0,8.0,0.0,5500.0,25941.0,5345.0
338,2021,목포시상수도,17885.0,214.0,205.0,140.0,0.0,18444.0,0.0,3053.0,14650.0,0.0,0.0,0.0,17703.0,14.0,21.0,0.0,8771.0,2700.0,11492.0,8617.0,2547.0,0.0,0.0,0.0,2547.0,8347.0
339,2021,고창군상수도,5036.0,4.0,4381.0,2.0,3.0,9426.0,8.0,987.0,7852.0,0.0,0.0,0.0,8839.0,8.0,0.0,0.0,10660.0,711.0,11371.0,0.0,11085.0,0.0,0.0,0.0,11085.0,0.0
340,2021,완주군상수도,4977.0,103.0,0.0,1.0,0.0,5081.0,0.0,677.0,2780.0,0.0,0.0,0.0,3457.0,0.0,0.0,0.0,9.0,0.0,9.0,9.0,2164.0,0.0,0.0,0.0,2164.0,0.0
341,2021,김제시상수도,11139.0,38.0,764.0,11.0,0.0,11952.0,2980.0,1718.0,7577.0,0.0,0.0,0.0,9295.0,0.0,0.0,0.0,12592.0,4385.0,16977.0,0.0,4569.0,0.0,0.0,9944.0,14513.0,0.0
342,2021,남원시상수도,7174.0,41.0,52.0,48.0,0.0,7315.0,33.0,2227.0,5598.0,0.0,0.0,0.0,7825.0,33.0,0.0,0.0,20379.0,810.0,21189.0,5775.0,11667.0,0.0,0.0,3.0,11670.0,5725.0
343,2021,정읍시상수도,15282.0,10.0,2230.0,42.0,0.0,17564.0,0.0,1179.0,15970.0,0.0,0.0,0.0,17149.0,56.0,0.0,0.0,8368.0,3613.0,11981.0,125.0,10706.0,0.0,0.0,0.0,10706.0,64.0
344,2021,익산시상수도,29544.0,52.0,4811.0,53.0,0.0,34460.0,0.0,3742.0,34411.0,0.0,0.0,0.0,38153.0,0.0,0.0,0.0,15474.0,1879.0,17353.0,4352.0,4177.0,0.0,0.0,13779.0,17956.0,4344.0
345,2021,군산시상수도,47529.0,506.0,595.0,231.0,0.0,48861.0,0.0,3741.0,36019.0,0.0,0.0,0.0,39760.0,538.0,37187.0,0.0,15333.0,9.0,52529.0,820.0,3264.0,0.0,0.0,70427.0,73691.0,26.0
346,2021,전주시상수도,66029.0,80.0,934.0,353.0,0.0,67396.0,170.0,6335.0,45579.0,107.0,0.0,0.0,52021.0,161.0,4152.0,2500.0,9365.0,7722.0,23739.0,7334.0,4719.0,346.0,1556.0,16736.0,23357.0,4721.0
347,2021,홍성군상수도,11862.0,22.0,120.0,18.0,0.0,12022.0,0.0,1044.0,7747.0,0.0,0.0,0.0,8791.0,0.0,0.0,0.0,0.0,11872.0,11872.0,1181.0,4130.0,9123.0,0.0,0.0,13253.0,921.0
348,2021,당진시상수도,29026.0,185.0,1100.0,11.0,0.0,30322.0,32.0,2325.0,20829.0,0.0,0.0,19.0,23173.0,32.0,0.0,0.0,0.0,33547.0,33547.0,6690.0,4218.0,0.0,0.0,2056.0,6274.0,4964.0
349,2021,예산군상수도,8421.0,18.0,939.0,25.0,0.0,9403.0,139.0,1592.0,7158.0,0.0,0.0,0.0,8750.0,26.0,0.0,0.0,100.0,2753.0,2853.0,1638.0,415.0,0.0,0.0,0.0,415.0,616.0
350,2021,논산시상수도,17644.0,69.0,3186.0,23.0,0.0,20922.0,0.0,506.0,17896.0,0.0,0.0,0.0,18402.0,0.0,0.0,0.0,25344.0,5564.0,30908.0,5884.0,10733.0,0.0,0.0,7502.0,18235.0,3418.0
351,2021,서산시상수도,25500.0,13.0,1164.0,32.0,0.0,26709.0,432.0,381.0,19648.0,0.0,0.0,0.0,20029.0,432.0,0.0,0.0,0.0,14383.0,14383.0,541.0,5078.0,0.0,0.0,11275.0,16353.0,431.0
352,2021,아산시상수도,39739.0,309.0,639.0,12.0,0.0,40699.0,584.0,3468.0,27111.0,0.0,0.0,1.0,30580.0,455.0,0.0,0.0,0.0,22397.0,22397.0,1489.0,4900.0,0.0,0.0,16284.0,21184.0,1354.0
353,2021,보령시상수도,12695.0,179.0,855.0,25.0,0.0,13754.0,0.0,2477.0,7458.0,0.0,0.0,0.0,9935.0,0.0,0.0,0.0,31666.0,8112.0,39778.0,0.0,28646.0,0.0,0.0,12886.0,41532.0,0.0
354,2021,공주시상수도,9936.0,57.0,4420.0,32.0,0.0,14445.0,19.0,1885.0,16680.0,0.0,0.0,0.0,18565.0,19.0,0.0,0.0,12572.0,6083.0,18655.0,4144.0,6626.0,0.0,0.0,0.0,6626.0,2531.0
355,2021,천안시상수도,66318.0,850.0,1741.0,96.0,0.0,69005.0,0.0,4675.0,51722.0,0.0,0.0,11234.0,67631.0,44.0,0.0,0.0,52118.0,51611.0,103729.0,29177.0,3362.0,33.0,0.0,10586.0,13981.0,16395.0
356,2021,옥천군상수도,5245.0,19.0,200.0,4.0,0.0,5468.0,481.0,1421.0,2947.0,0.0,0.0,0.5,4368.5,0.0,0.0,0.0,14695.0,0.0,14695.0,2831.0,6902.0,0.0,0.0,5882.0,12784.0,2493.0
357,2021,제천시상수도,17045.0,94.0,128.0,24.0,0.0,17291.0,0.0,2988.0,8286.0,0.0,0.0,0.0,11274.0,0.0,0.0,0.0,19149.0,2238.0,21387.0,13060.0,19603.0,0.0,0.0,0.0,19603.0,11263.0
358,2021,충주시상수도,25080.0,389.0,629.0,2.0,0.0,26100.0,16132.0,3332.0,24718.0,0.0,432.0,0.0,28482.0,63.0,0.0,0.0,5532.0,24542.0,30074.0,16132.0,8268.0,0.0,0.0,3001.0,11269.0,10752.0
359,2021,청주시상수도,107748.0,276.0,1410.0,324.0,0.0,109758.0,0.0,9899.0,65459.0,0.0,0.0,568.0,75926.0,381.0,738.0,0.0,38367.0,937.0,40042.0,49326.0,15792.0,0.0,1118.0,26406.0,43316.0,17550.0
360,2021,고성군상수도,7844.0,42.0,389.0,16.0,0.0,8291.0,0.0,1173.0,3826.0,50.0,0.0,293.0,5342.0,0.0,0.0,0.0,0.0,20846.0,20846.0,414.0,0.0,0.0,0.0,22058.0,22058.0,408.0
361,2021,철원군상수도,8684.0,178.0,67.0,35.0,1.0,8965.0,13.0,1714.0,3745.0,0.0,0.0,5.0,5464.0,13.0,0.0,0.0,13379.0,65.0,13444.0,13458.0,2340.0,0.0,0.0,7645.0,9985.0,4814.0
362,2021,정선군상수도,5379.0,9.0,2700.0,0.0,0.0,8088.0,0.0,564.0,8102.0,0.0,0.0,0.0,8666.0,0.0,0.0,0.0,4801.0,0.0,4801.0,1472.0,2842.0,0.0,0.0,0.0,2842.0,1287.0
363,2021,홍천군상수도,10641.0,92.0,46.0,590.0,0.0,11369.0,6418.0,2715.0,5776.0,0.0,37.0,0.0,8528.0,5411.0,0.0,0.0,18759.0,4893.0,23652.0,6397.0,3544.0,315.0,0.0,21.0,3880.0,5390.0
364,2021,삼척시상수도,9556.0,32.0,184.0,72.0,0.0,9844.0,0.0,2680.0,5619.0,0.0,0.0,0.0,8299.0,0.0,0.0,0.0,21112.0,1189.0,22301.0,3406.0,1125.0,0.0,0.0,19407.0,20532.0,3096.0
365,2021,속초시상수도,11278.0,48.0,142.0,69.0,0.0,11537.0,182.0,9.0,6428.0,0.0,0.0,133.0,6570.0,13.0,8300.0,0.0,21362.0,3337.0,32999.0,182.0,2309.0,0.0,0.0,24132.0,26441.0,108.0
366,2021,태백시상수도,4920.0,16.0,4590.0,260.0,0.0,9786.0,0.0,494.0,6289.0,0.0,0.0,0.0,6783.0,0.0,0.0,0.0,0.0,0.0,0.0,0.0,0.0,0.0,0.0,0.0,0.0,0.0
367,2021,동해시상수도,10871.0,10.0,100.0,17.0,0.0,10998.0,260.0,2631.0,7087.0,0.0,0.0,0.0,9718.0,260.0,0.0,0.0,12266.0,1809.0,14075.0,440.0,1806.0,0.0,0.0,12056.0,13862.0,440.0
368,2021,강릉시상수도,24896.0,72.0,331.0,139.0,0.0,25438.0,772.0,3792.0,13735.0,0.0,0.0,5.0,17532.0,772.0,0.0,0.0,32434.0,56.0,32490.0,2532.0,5147.0,2.0,0.0,22334.0,27483.0,2451.0
369,2021,원주시상수도,41536.0,253.0,1481.0,217.0,0.0,43487.0,0.0,5577.0,23032.0,0.0,0.0,12.0,28621.0,231.0,0.0,0.0,14164.0,25684.0,39848.0,8345.0,27302.0,0.0,0.0,14727.0,42029.0,7160.0
370,2021,춘천시상수도,25350.0,143.0,1202.0,306.0,0.0,27001.0,11.0,5500.0,13235.0,0.0,1.0,0.0,18736.0,11.0,0.0,0.0,51631.0,7357.0,58988.0,4735.0,25796.0,33.0,0.0,2557.0,28386.0,2198.0
371,2021,인제군상수도,15928.0,117.0,331.0,85.0,0.0,16461.0,0.0,2511.0,3993.0,0.0,0.0,0.0,6504.0,81.0,0.0,0.0,14252.0,0.0,14252.0,22533.0,1872.0,0.0,0.0,27667.0,29539.0,12663.0
372,2021,평창군상수도,6679.0,65.0,442.0,67.0,0.0,7253.0,0.0,820.0,7016.0,0.0,0.0,0.0,7836.0,12.0,0.0,0.0,22576.0,1800.0,24376.0,7572.0,4570.0,0.0,0.0,14150.0,18720.0,7555.0
373,2021,영월군상수도,4334.0,60.0,2714.0,206.0,0.0,7314.0,0.0,492.0,5727.0,0.0,0.0,0.0,6219.0,276.0,0.0,0.0,1230.0,11264.0,12494.0,6438.0,3138.0,0.0,0.0,3610.0,6748.0,5940.0
374,2021,가평군상수도,8097.0,65.0,89.0,44.0,0.0,8295.0,0.0,0.0,6485.0,0.0,0.0,3.0,6488.0,0.0,0.0,0.0,11684.0,7016.0,18700.0,7909.0,1519.0,11547.0,0.0,506.0,13572.0,0.0
375,2021,여주시상수도,12981.0,49.0,46.0,51.0,0.0,13127.0,31.0,2067.0,6898.0,0.0,0.0,0.0,8965.0,31.0,0.0,0.0,22861.0,2153.0,25014.0,12247.0,12246.0,0.0,0.0,5430.0,17676.0,11120.0
376,2021,양평군상수도,14990.0,374.0,440.0,35.0,0.0,15839.0,12.0,2450.0,7652.0,0.0,0.0,2.0,10104.0,12.0,0.0,0.0,41516.0,9261.0,50777.0,14450.0,16829.0,0.0,0.0,20991.0,37820.0,6962.0
377,2021,포천시상수도,20631.0,88.0,0.0,925.0,0.0,21644.0,18.0,2812.0,14533.0,0.0,0.0,20.0,17365.0,18.0,0.0,0.0,21465.0,3410.0,24875.0,9432.0,7760.0,0.0,0.0,6186.0,13946.0,9432.0
378,2021,안성시상수도,26723.0,279.0,2111.0,60.0,0.0,29173.0,0.0,2436.0,20042.0,0.0,0.0,14.0,22492.0,0.0,0.0,0.0,6126.0,22710.0,28836.0,6514.0,7041.0,17.0,0.0,14344.0,21402.0,3867.0
379,2021,연천군상수도,12624.0,136.0,1109.0,20.0,0.0,13889.0,0.0,2090.0,7388.0,0.0,0.0,1.0,9479.0,0.0,0.0,0.0,20829.0,4463.0,25292.0,0.0,11113.0,0.0,0.0,1543.0,12656.0,0.0
380,2021,광주시상수도,31976.0,55.0,1858.0,1144.0,0.0,35033.0,0.0,1546.0,35020.0,0.0,357.0,0.0,36923.0,0.0,0.0,0.0,12943.0,40604.0,53547.0,45415.0,8755.0,500.0,0.0,42401.0,51656.0,9711.0
381,2021,화성시상수도,101390.0,941.0,917.0,277.0,0.0,103525.0,1264.0,3096.0,71219.0,0.0,0.0,161.0,74476.0,1160.0,0.0,0.0,92280.0,0.0,92280.0,31896.0,24732.0,0.0,0.0,348.0,25080.0,23538.0
382,2021,이천시상수도,32005.0,724.0,346.0,11.0,0.0,33086.0,0.0,2763.0,17277.0,0.0,0.0,15.0,20055.0,4170.0,0.0,0.0,14926.0,73484.0,88410.0,6381.0,16908.0,0.0,0.0,0.0,16908.0,3877.0
383,2021,파주시상수도,49896.0,635.0,612.0,255.0,0.0,51398.0,4293.0,902.0,43965.0,0.0,0.0,10.0,44877.0,3875.0,0.0,0.0,11914.0,82115.0,94029.0,4293.0,1981.0,0.0,0.0,4448.0,6429.0,3875.0
384,2021,용인시상수도,78321.0,172.0,17640.0,286.0,0.0,96419.0,269.0,6279.0,65697.0,0.0,0.0,42.0,72018.0,253.0,0.0,0.0,11561.0,27523.0,39084.0,12719.0,9160.0,0.0,0.0,11459.0,20619.0,8878.0
385,2021,하남시상수도,18148.0,887.0,292.0,40.0,0.0,19367.0,0.0,2159.0,16353.0,0.0,49.0,4.0,18565.0,0.0,3.0,0.0,1984.0,0.0,1987.0,0.0,4195.0,0.0,0.0,0.0,4195.0,5230.0
386,2021,양주시상수도,28694.0,73.0,75.0,235.0,0.0,29077.0,16.0,483.0,20760.0,0.0,0.0,0.0,21243.0,16.0,0.0,0.0,5701.0,14827.0,20528.0,5439.0,10064.0,0.0,0.0,5152.0,15216.0,4368.0
387,2021,의왕시상수도,15173.0,261.0,204.0,9.0,0.0,15647.0,71.0,1519.0,10980.0,0.0,0.0,57.0,12556.0,71.0,0.0,0.0,5548.0,23628.0,29176.0,3414.0,2752.0,0.0,0.0,40.0,2792.0,1665.0
388,2021,군포시상수도,18869.0,509.0,465.0,12.0,0.0,19855.0,18.0,2368.0,16415.0,0.0,0.0,0.0,18783.0,18.0,0.0,0.0,10009.0,27736.0,37745.0,23829.0,3940.0,43.0,0.0,137.0,4120.0,7532.0
389,2021,시흥시상수도,41529.0,402.0,682.0,248.0,44.0,42905.0,740.0,2306.0,36230.0,0.0,0.0,51.0,38587.0,663.0,0.0,0.0,3689.0,25163.0,28852.0,15369.0,7872.0,0.0,0.0,1843.0,9715.0,10098.0
390,2021,오산시상수도,17633.0,278.0,409.0,5.0,0.0,18325.0,0.0,1219.0,16338.0,0.0,0.0,0.0,17557.0,0.0,0.0,0.0,5976.0,8503.0,14479.0,1730.0,4319.0,0.0,0.0,450.0,4769.0,1142.0
391,2021,남양주시상수도,50123.0,252.0,1311.0,68.0,0.0,51754.0,39.0,5029.0,38387.0,0.0,0.0,21.0,43437.0,0.0,220.0,0.0,5784.0,25222.0,31226.0,7012.0,7295.0,0.0,0.0,123.0,7418.0,4135.0
392,2021,평택시상수도,92337.0,395.0,5056.0,2126.0,0.0,99914.0,737.0,5633.0,55460.0,0.0,3.0,5.0,61101.0,737.0,0.0,0.0,67316.0,2611.0,69927.0,51606.0,57372.0,440.0,0.0,4304.0,62116.0,35380.0
393,2021,김포시상수도,44543.0,237.0,0.0,221.0,0.0,45001.0,2232.0,3084.0,26030.0,0.0,0.0,9527.0,38641.0,2003.0,229.0,0.0,23700.0,21397.0,45326.0,26157.0,29951.0,0.0,0.0,18.0,29969.0,21368.0
394,2021,구리시상수도,12724.0,992.0,718.0,104.0,0.0,14538.0,173.0,2505.0,11467.0,0.0,0.0,26.0,13998.0,163.0,0.0,0.0,911.0,39468.0,40379.0,909.0,3169.0,0.0,0.0,30620.0,33789.0,842.0
395,2021,과천시상수도,5902.0,44.0,104.0,72.0,0.0,6122.0,1006.0,1103.0,4392.0,0.0,0.0,0.0,5495.0,503.0,0.0,0.0,1469.0,0.0,1469.0,1847.0,2156.0,0.0,0.0,0.0,2156.0,916.0
396,2021,고양시상수도,69928.0,815.0,1192.0,178.0,0.0,72113.0,0.0,5790.0,66378.0,0.0,0.0,1110.0,73278.0,0.0,8.0,0.0,7007.0,50408.0,57423.0,12420.0,20453.0,0.0,0.0,0.0,20453.0,4266.0
397,2021,안산시상수도,76847.0,735.0,1632.0,564.0,0.0,79778.0,0.0,7016.0,67807.0,0.0,0.0,19.0,74842.0,0.0,0.0,0.0,0.0,58995.0,58995.0,22742.0,27777.0,0.0,0.0,3132.0,30909.0,0.0
398,2021,동두천시상수도,16933.0,157.0,826.0,32.0,0.0,17948.0,351.0,206.0,27178.0,0.0,0.0,0.0,27384.0,140.0,0.0,0.0,0.0,27174.0,27174.0,14.0,16.0,0.0,0.0,15419.0,15435.0,14.0
399,2021,광명시상수도,19385.0,317.0,19109.0,74.0,11.0,38896.0,0.0,4143.0,29971.0,0.0,0.0,78.0,34192.0,243.0,1612.0,0.0,2694.0,20317.0,24623.0,1203.0,6901.0,23.0,0.0,0.0,6924.0,840.0
400,2021,부천시상수도,48673.0,878.0,996.0,185.0,3.0,50735.0,8.0,7451.0,35752.0,0.0,0.0,5.0,43208.0,8.0,1937.0,0.0,8548.0,16959.0,27444.0,9104.0,11210.0,0.0,0.0,13848.0,25058.0,5382.0
401,2021,안양시상수도,43410.0,859.0,666.0,1.0,0.0,44936.0,356.0,6154.0,29966.0,0.0,0.0,2.0,36122.0,348.0,0.0,0.0,18133.0,1500.0,19633.0,31149.0,5504.0,0.0,0.0,8951.0,14455.0,5793.0
402,2021,의정부시상수도,31810.0,199.0,1820.0,103.0,1.0,33933.0,355.0,3900.0,26254.0,0.0,2246.0,0.0,32400.0,355.0,0.0,0.0,1291.0,17338.0,18629.0,1659.0,0.0,0.0,0.0,0.0,0.0,1513.0
403,2021,성남시상수도,44176.0,402.0,1275.0,126.0,0.0,45979.0,0.0,9485.0,43105.0,0.0,0.0,3.0,52593.0,1213.0,561.0,0.0,7847.0,67484.0,75892.0,29159.0,4201.0,0.0,0.0,8065.0,12266.0,17585.0
404,2021,수원시상수도,80264.0,593.0,5133.0,32.0,30.0,86052.0,16065.0,8623.0,73508.0,0.0,0.0,2.0,82133.0,12037.0,0.0,0.0,1912.0,23409.0,25321.0,16065.0,7777.0,0.0,0.0,275.0,8052.0,12037.0
405,2021,울산광역시상수도,96918.0,188.0,4661.0,612.0,0.0,102379.0,0.0,17684.0,612.0,331.0,0.0,25.0,18652.0,0.0,55.0,23000.0,14347.0,9015.0,46417.0,11356.0,21967.0,0.0,2000.0,29066.0,53033.0,9202.0
406,2021,대전광역시상수도,113287.0,437.0,2612.0,412.0,0.0,116748.0,1529.0,29430.0,51151.0,250.0,0.0,1048.0,81879.0,1437.0,1.0,15000.0,34012.0,8690.0,57703.0,40152.0,34255.0,1233.0,2450.0,1200.0,39138.0,30537.0
407,2021,광주광역시상수도,110101.0,414.0,2851.0,1099.0,0.0,114465.0,127.0,24898.0,50454.0,73.0,0.0,4993.0,80418.0,127.0,4920.0,0.0,18527.0,15738.0,39185.0,42863.0,17607.0,1315.0,320.0,4807.0,24049.0,31130.0
408,2021,인천광역시상수도,230695.0,2323.0,7436.0,1677.0,0.0,242131.0,2219.0,56778.0,154039.0,0.0,0.0,136.0,210953.0,2056.0,5374.0,0.0,59262.0,44277.0,108913.0,100934.0,97054.0,3.0,0.0,237.0,97294.0,60493.0
409,2021,대구광역시상수도,192892.0,597.0,4000.0,808.0,6545.0,204842.0,571.0,50950.0,111896.0,649.0,0.0,7355.0,170850.0,537.0,1813.0,30000.0,36668.0,11019.0,79500.0,35832.0,42740.0,1442.0,1431.0,28461.0,74074.0,30188.0
410,2021,부산광역시상수도,361498.0,723.0,5534.0,7290.0,1591.0,376636.0,14543.0,76024.0,197016.0,0.0,0.0,6924.0,279964.0,13604.0,1081.0,0.0,24402.0,25277.0,50760.0,36768.0,61433.0,1399.0,0.0,8776.0,71608.0,26673.0
411,2021,서울특별시상수도,590091.0,1218.0,37620.0,7586.0,35416.0,671931.0,19599.0,134488.0,375833.0,968.0,32191.0,0.0,543480.0,6523.0,6345.0,0.0,0.0,37494.0,43839.0,63549.0,139270.0,994.0,0.0,0.0,140264.0,15242.0
1,2022,부산광역시남구시설관리공단,2328.0,0.0,0.0,0.0,0.0,2328.0,0.0,583.0,712.0,0.0,0.0,0.0,1295.0,0.0,0.0,0.0,0.0,155.0,155.0,0.0,39.0,0.0,0.0,0.0,39.0,0.0
2,2022,양주도시공사,20268.0,25.0,0.0,302.0,0.0,20595.0,0.0,10134.0,10327.0,0.0,301.0,0.0,20762.0,0.0,0.0,0.0,0.0,10535.0,10535.0,0.0,170.0,67.0,0.0,0.0,237.0,0.0
3,2022,합천군시설관리공단,4685.0,4.0,0.0,0.0,0.0,4689.0,0.0,1431.0,1994.0,0.0,3.0,0.0,3428.0,0.0,0.0,0.0,0.0,860.0,860.0,0.0,638.0,40.0,0.0,0.0,678.0,0.0
4,2022,단양관광공사,9388.0,0.0,0.0,0.0,0.0,9388.0,0.0,4706.0,4679.0,0.0,3.0,0.0,9388.0,0.0,0.0,0.0,0.0,3060.0,3060.0,0.0,60.0,0.0,0.0,0.0,60.0,0.0
5,2022,전남광주통합특별시 서구시설관리공단,18510.0,4.0,0.0,2.0,0.0,18516.0,0.0,11099.0,7411.0,4.0,2.0,0.0,18516.0,0.0,0.0,0.0,222.0,0.0,222.0,0.0,202.0,10.0,0.0,10.0,222.0,0.0
6,2022,전남광주통합특별시북구시설관리공단,4714.0,2.0,0.0,0.0,0.0,4716.0,0.0,2139.0,2575.0,0.0,0.0,0.0,4714.0,0.0,0.0,0.0,0.0,0.0,0.0,0.0,1275.0,64.0,0.0,0.0,1339.0,0.0
7,2022,김천시시설관리공단,4902.0,0.0,0.0,0.0,0.0,4902.0,20.0,2081.0,2670.0,0.0,7.0,0.0,4758.0,20.0,0.0,0.0,0.0,334.0,334.0,0.0,128.0,0.0,0.0,0.0,128.0,0.0
8,2022,예산군하수도,1440.0,18.0,8577.0,0.0,0.0,10035.0,0.0,0.0,8576.0,0.0,403.0,0.0,8979.0,380.0,0.0,0.0,2372.0,2628.0,5000.0,0.0,511.0,0.0,0.0,0.0,511.0,337.0
9,2022,평창군시설관리공단,1964.0,0.0,0.0,0.0,0.0,1964.0,0.0,1331.0,633.0,0.0,10.0,0.0,1974.0,0.0,0.0,0.0,100.0,1747.0,1847.0,0.0,0.0,0.0,0.0,1747.0,1747.0,0.0
10,2022,금산군하수도,576.0,7.0,5306.0,222.0,0.0,6111.0,0.0,356.0,6500.0,0.0,1.0,0.0,6857.0,0.0,0.0,0.0,12588.0,0.0,12588.0,0.0,829.0,0.0,3031.0,4862.0,8722.0,0.0
11,2022,서울물재생시설공단,143985.0,0.0,0.0,44.0,0.0,144029.0,0.0,19532.0,122813.0,0.0,0.0,0.0,142345.0,0.0,0.0,0.0,0.0,40995.0,40995.0,0.0,27347.0,112.0,0.0,0.0,27459.0,0.0
12,2022,경기교통공사,302366.0,272.0,0.0,1.0,0.0,302639.0,85483.0,1883.0,285207.0,0.0,93.0,0.0,287183.0,85427.0,0.0,0.0,14059.0,0.0,14059.0,0.0,147.0,166.0,0.0,0.0,313.0,0.0
13,2022,원주시시설관리공단,30613.0,0.0,0.0,0.0,0.0,30613.0,126.0,16177.0,14330.0,0.0,0.0,0.0,30507.0,126.0,0.0,0.0,0.0,2026.0,2026.0,0.0,0.0,0.0,0.0,1658.0,1658.0,0.0
14,2022,김포도시공사,70785.0,618.0,0.0,50.0,0.0,71453.0,0.0,20897.0,29336.0,0.0,3.0,0.0,50236.0,0.0,0.0,0.0,0.0,1184.0,1184.0,34121.0,867.0,123.0,0.0,11913.0,12903.0,0.0
15,2022,파주도시공사,31272.0,510.0,0.0,156.0,0.0,31938.0,0.0,14175.0,17261.0,0.0,8.0,0.0,31444.0,0.0,0.0,0.0,5910.0,32741.0,38651.0,0.0,3491.0,0.0,0.0,0.0,3491.0,0.0
16,2022,영천시시설관리공단,5601.0,0.0,0.0,0.0,0.0,5601.0,0.0,2294.0,2195.0,0.0,0.0,0.0,4489.0,0.0,0.0,0.0,0.0,282.0,282.0,0.0,0.0,0.0,0.0,179.0,179.0,0.0
17,2022,과천도시공사,31714.0,1204.0,0.0,0.0,0.0,32918.0,593.0,15876.0,271851.0,0.0,3.0,0.0,287730.0,593.0,0.0,180000.0,0.0,209882.0,389882.0,0.0,1495.0,126.0,0.0,0.0,1621.0,0.0
18,2022,울산광역시북구시설관리공단,9302.0,0.0,0.0,1.0,0.0,9303.0,0.0,4502.0,4800.0,0.0,1.0,0.0,9303.0,0.0,0.0,0.0,0.0,58.0,58.0,0.0,58.0,0.0,0.0,0.0,58.0,0.0
19,2022,포천도시공사,9959.0,114.0,0.0,49.0,0.0,10122.0,230.0,6446.0,3754.0,0.0,0.0,0.0,10200.0,39.0,0.0,0.0,0.0,37960.0,37960.0,1283.0,4771.0,66.0,0.0,1550.0,6387.0,1283.0
20,2022,안양도시공사,28836.0,226.0,0.0,83.0,0.0,29145.0,0.0,17529.0,12309.0,0.0,3.0,0.0,29841.0,0.0,0.0,0.0,590.0,27409.0,27999.0,0.0,1733.0,136.0,0.0,0.0,1869.0,0.0
21,2022,예천군하수도,1078.0,5.0,5204.0,277.0,0.0,6564.0,421.0,169.0,6345.0,0.0,50.0,0.0,6564.0,361.0,0.0,0.0,10191.0,71.0,10262.0,367.0,6821.0,0.0,0.0,3441.0,10262.0,319.0
22,2022,예천군상수도,4407.0,15.0,4901.0,35.0,0.0,9358.0,783.0,564.0,8794.0,0.0,0.0,0.0,9358.0,783.0,0.0,0.0,7679.0,537.0,8216.0,4284.0,7530.0,0.0,459.0,227.0,8216.0,3689.0
23,2022,고성군하수도,985.0,34.0,1300.0,13.0,0.0,2332.0,0.0,8.0,3615.0,0.0,0.0,0.0,3623.0,15.0,0.0,0.0,2125.0,42.0,2167.0,2759.0,1408.0,0.0,0.0,0.0,1408.0,483.0
24,2022,고성군상수도,6044.0,5.0,1358.0,93.0,0.0,7500.0,0.0,59.0,7368.0,0.0,0.0,0.0,7427.0,15.0,0.0,0.0,1129.0,106.0,1235.0,243.0,688.0,0.0,0.0,0.0,688.0,498.0
25,2022,세종도시교통공사,63487.0,120.0,0.0,8287.0,0.0,71894.0,12024.0,28958.0,22863.0,0.0,0.0,0.0,51821.0,3668.0,82.0,0.0,794.0,975.0,1851.0,793.0,239.0,90.0,0.0,0.0,329.0,793.0
26,2022,사천시시설관리공단,12439.0,0.0,0.0,0.0,0.0,12439.0,0.0,5619.0,6546.0,0.0,7.0,0.0,12172.0,0.0,0.0,0.0,300.0,429.0,729.0,0.0,429.0,0.0,0.0,0.0,429.0,0.0
27,2022,제주특별자치도공영버스,1191.0,56.0,19250.0,78.0,0.0,20575.0,13.0,12744.0,7028.0,0.0,0.0,0.0,19772.0,0.0,1.0,0.0,2612.0,0.0,2613.0,0.0,1578.0,0.0,0.0,356.0,1934.0,0.0
28,2022,서울특별시하수도,736153.0,4383.0,21205.0,2694.0,0.0,764435.0,32857.0,24524.0,395364.0,0.0,0.0,0.0,419888.0,29219.0,0.0,0.0,73392.0,74317.0,147709.0,63828.0,199527.0,0.0,0.0,55218.0,254745.0,51177.0
29,2022,경주시시설관리공단,10836.0,0.19,0.0,0.0,0.0,10836.19,94.0,6431.0,4277.0,0.0,0.0,0.0,10708.0,94.0,0.0,0.0,214.0,123.0,337.0,0.0,222.0,13.0,0.0,0.0,235.0,0.0
30,2022,인천광역시연수구시설안전관리공단,14641.0,0.0,0.0,3.0,0.0,14644.0,0.0,9440.0,5201.0,0.0,3.0,0.0,14644.0,0.0,0.0,0.0,0.0,84755.0,84755.0,0.0,84755.0,0.0,0.0,0.0,84755.0,0.0
31,2022,서울교통공사,1644988.0,6892.0,0.0,479861.0,0.0,2131741.0,344344.0,1217851.0,925197.0,77814.0,60.0,0.0,2220922.0,221670.0,6967.0,900000.0,271277.0,0.0,1178244.0,-153246.0,479506.0,633.0,200050.0,100887.0,781076.0,165271.0
32,2022,태안군하수도,1344.0,0.0,5919.0,6040.0,0.0,13303.0,0.0,221.0,7897.0,2044.0,0.0,0.0,10162.0,0.0,0.0,0.0,0.0,16262.0,16262.0,2809.0,2044.0,0.0,0.0,9764.0,11808.0,2487.0
33,2022,태안군상수도,8545.0,37.0,1169.0,0.0,0.0,9751.0,0.0,428.0,9182.0,0.0,111.0,0.0,9721.0,0.0,0.0,0.0,2510.0,500.0,3010.0,1242.0,4133.0,9.0,0.0,24943.0,29085.0,1242.0
34,2022,김제시하수도,2327.0,165.0,11394.0,35.0,0.0,13921.0,0.0,624.0,12550.0,0.0,0.0,0.0,13174.0,0.0,6.0,0.0,24172.0,268.0,24446.0,0.0,8751.0,0.0,0.0,9060.0,17811.0,0.0
35,2022,부여군하수도,2638.0,51.0,4531.0,84.0,0.0,7304.0,483.0,276.0,5538.0,0.0,0.0,0.0,5814.0,0.0,0.0,0.0,18168.0,1744.0,19912.0,0.0,2466.0,0.0,0.0,11104.0,13570.0,0.0
36,2022,하남시하수도,17804.0,127.0,4319.0,1188.0,0.0,23438.0,0.0,1097.0,19774.0,0.0,0.0,0.0,20871.0,23.0,0.0,0.0,2105.0,0.0,2105.0,2105.0,1619.0,0.0,0.0,0.0,1619.0,435.0
37,2022,서울에너지공사,201114.0,114.0,0.0,7601.0,0.0,208829.0,8376.0,23918.0,275717.0,3856.0,1572.0,0.0,305063.0,8376.0,102.0,95208.0,32003.0,1010.0,128323.0,15169.0,41248.0,90.0,2749.0,103.0,44190.0,15153.0
38,2022,충주시시설관리공단,20973.0,0.0,0.0,39.0,0.0,21012.0,0.0,9985.0,10988.0,0.0,39.0,0.0,21012.0,0.0,0.0,0.0,735.0,200.0,935.0,0.0,735.0,0.0,0.0,0.0,735.0,0.0
39,2022,세종특별자치시시설관리공단,35777.0,191.0,0.0,22.0,0.0,35990.0,0.0,10725.0,23337.0,0.0,0.0,0.0,34062.0,0.0,0.0,0.0,0.0,1437.0,1437.0,2985.0,1395.0,0.0,0.0,0.0,1395.0,1985.0
40,2022,밀양시시설관리공단,18145.0,0.0,0.0,136.0,0.0,18281.0,0.0,7194.0,10782.0,0.0,96.0,0.0,18072.0,0.0,0.0,0.0,0.0,1052.0,1052.0,0.0,954.0,0.0,0.0,0.0,954.0,0.0
41,2022,군산시하수도,47140.0,244.0,736.0,1549.0,0.0,49669.0,0.0,1745.0,24074.0,0.0,0.0,0.0,25819.0,0.0,0.0,0.0,28884.0,3447.0,32331.0,17587.0,23730.0,4525.0,0.0,0.0,28255.0,16265.0
42,2022,홍성군하수도,2064.0,2.0,6279.0,0.0,0.0,8345.0,0.0,201.0,8259.0,0.0,0.0,0.0,8460.0,0.0,0.0,0.0,84.0,0.0,84.0,0.0,532.0,0.0,0.0,0.0,532.0,0.0
43,2022,동해시하수도,9622.0,62.0,30.0,846.0,0.0,10560.0,49.0,366.0,4619.0,0.0,0.0,0.0,4985.0,49.0,0.0,0.0,6501.0,190.0,6691.0,1726.0,10543.0,0.0,0.0,0.0,10543.0,1674.0
44,2022,원주시하수도,21316.0,447.0,14467.0,45.0,0.0,36275.0,558.0,2968.0,30296.0,0.0,3.0,0.0,33267.0,546.0,0.0,0.0,33928.0,18594.0,52522.0,3595.0,30944.0,758.0,9751.0,467.0,41920.0,1612.0
45,2022,양주시하수도,25252.0,364.0,0.0,103.0,175.0,25894.0,175.0,884.0,22141.0,0.0,149.0,22.0,23196.0,290.0,700.0,0.0,26561.0,1791.0,29052.0,26561.0,4474.0,0.0,0.0,0.0,4474.0,6911.0
46,2022,서천군상수도,5761.0,6.0,1846.0,21.0,0.0,7634.0,25.0,785.0,3794.0,0.0,0.0,0.0,4579.0,25.0,0.0,0.0,6994.0,1659.0,8653.0,1367.0,854.0,0.0,0.0,5666.0,6520.0,1176.0
47,2022,부여군상수도,6417.0,86.0,2590.0,30.0,0.0,9123.0,4323.0,1462.0,5484.0,0.0,0.0,0.0,6946.0,0.0,0.0,0.0,18783.0,2414.0,21197.0,0.0,1697.0,0.0,0.0,10159.0,11856.0,0.0
48,2022,금산군상수도,4718.0,10.0,3646.0,12.0,0.0,8386.0,8.0,224.0,8268.0,0.0,1.0,0.0,8493.0,8.0,0.0,0.0,7823.0,1583.0,9406.0,2141.0,656.0,0.0,0.0,4370.0,5026.0,1325.0
49,2022,인천관광공사,54856.0,164.0,0.0,10929.0,0.0,65949.0,7539.0,9179.0,45302.0,0.0,2304.0,0.0,56785.0,7369.0,0.0,0.0,0.0,11677.0,11677.0,0.0,658.0,98.0,0.0,0.0,756.0,0.0
50,2022,광명도시공사,22853.0,0.0,0.0,3.0,0.0,22856.0,18.0,13107.0,9746.0,0.0,3.0,0.0,22856.0,18.0,0.0,0.0,2113.0,0.0,2113.0,64.0,2087.0,26.0,0.0,0.0,2113.0,64.0
51,2022,영덕군하수도,2120.0,26.0,4680.0,3.0,0.0,6829.0,79.0,275.0,5569.0,0.0,0.0,0.0,5844.0,79.0,0.0,0.0,6179.0,878.0,7057.0,0.0,0.0,0.0,0.0,0.0,0.0,0.0
52,2022,문경시하수도,3067.0,62.0,0.0,8.0,0.0,3137.0,0.0,2601.0,8272.0,0.0,0.0,0.0,10873.0,12.0,0.0,0.0,20708.0,0.0,20708.0,0.0,7257.0,11221.0,0.0,0.0,18478.0,1671.0
53,2022,논산시하수도,5210.0,80.0,7262.0,2.0,0.0,12554.0,0.0,777.0,11669.0,0.0,108.0,0.0,12554.0,0.0,0.0,0.0,17750.0,5023.0,22773.0,9438.0,3364.0,0.0,2818.0,16591.0,22773.0,9438.0
54,2022,과천시지식정보타운조성사업,9452.0,1793.0,0.0,2516.0,0.0,13761.0,805.0,0.0,28189.0,0.0,0.0,0.0,28189.0,0.0,0.0,0.0,0.0,102586.0,102586.0,0.0,0.0,0.0,0.0,73700.0,73700.0,411.0
55,2022,아산시시설관리공단,36156.0,0.0,0.0,0.0,0.0,36156.0,0.0,12943.0,23213.0,0.0,0.0,0.0,36156.0,0.0,0.0,0.0,0.0,3146.0,3146.0,142.0,0.0,0.0,0.0,2337.0,2337.0,142.0
56,2022,장수한우지방공사,6820.0,6.0,0.0,169.0,0.0,6995.0,0.0,918.0,5748.0,0.0,71.0,0.0,6737.0,0.0,0.0,0.0,44.0,0.0,44.0,0.0,669.0,0.0,0.0,0.0,669.0,0.0
57,2022,광주광역시광산구시설관리공단,22812.0,1.0,0.0,132.0,0.0,22945.0,0.0,14338.0,8474.0,0.0,133.0,0.0,22945.0,0.0,0.0,0.0,0.0,1557.0,1557.0,0.0,1087.0,0.0,0.0,470.0,1557.0,0.0
58,2022,대구광역시달성군시설관리공단,22990.0,0.0,0.0,0.0,0.0,22990.0,0.0,13158.0,9832.0,0.0,0.0,0.0,22990.0,0.0,0.0,0.0,300.0,1306.0,1606.0,0.0,512.0,794.0,0.0,0.0,1306.0,0.0
59,2022,김해시도시개발공사,67668.0,146.0,0.0,578.0,0.0,68392.0,190.0,14121.0,32011.0,0.0,356.0,0.0,46488.0,190.0,0.0,0.0,233.0,19197.0,19430.0,859.0,444.0,0.0,0.0,34021.0,34465.0,796.0
60,2022,합천군상수도,2820.0,101.0,972.0,0.0,0.0,3893.0,0.0,1945.0,2278.0,0.0,0.0,0.0,4223.0,0.0,0.0,0.0,9017.0,0.0,9017.0,0.0,5291.0,0.0,0.0,0.0,5291.0,0.0
61,2022,성남도시개발공사,100908.0,1058.0,0.0,45.0,0.0,102011.0,9235.0,55163.0,41220.0,0.0,3.0,0.0,96386.0,5123.0,0.0,0.0,66823.0,0.0,66823.0,17934.0,3116.0,0.0,0.0,0.0,3116.0,340.0
62,2022,부여군시설관리공단,5970.0,0.0,0.0,0.0,0.0,5970.0,0.0,3625.0,2345.0,0.0,0.0,0.0,5970.0,0.0,0.0,0.0,0.0,488.0,488.0,0.0,188.0,0.0,0.0,0.0,188.0,0.0
63,2022,세종특별자치시하수도,27434.0,219.0,11360.0,596.0,0.0,39609.0,0.0,1625.0,25978.0,0.0,0.0,8.0,27611.0,300.0,0.0,6150.0,12432.0,0.0,18582.0,12432.0,2714.0,0.0,0.0,0.0,2714.0,2317.0
64,2022,진천군하수도,1916.0,160.0,0.0,19.0,0.0,2095.0,11.0,444.0,10579.0,0.0,0.0,0.0,11023.0,11.0,0.0,0.0,35681.0,0.0,35681.0,13335.0,12053.0,0.0,4363.0,2116.0,18532.0,7765.0
65,2022,진천군상수도,19156.0,42.0,0.0,18.0,0.0,19216.0,0.0,1122.0,11227.0,0.0,0.0,0.0,12349.0,0.0,0.0,0.0,8675.0,4286.0,12961.0,741.0,6077.0,0.0,0.0,10988.0,17065.0,717.0
66,2022,울산광역시중구도시관리공단,8256.0,0.0,0.0,0.0,0.0,8256.0,0.0,5168.0,3088.0,0.0,0.0,0.0,8256.0,0.0,0.0,0.0,221.0,0.0,221.0,0.0,221.0,0.0,0.0,0.0,221.0,0.0
67,2022,이천시시설관리공단,6661.0,0.0,0.0,0.0,0.0,6661.0,0.0,4456.0,2181.0,0.0,24.0,0.0,6661.0,0.0,0.0,0.0,0.0,1029.0,1029.0,0.0,678.0,51.0,0.0,0.0,729.0,0.0
68,2022,부산관광공사,4860.0,175.0,0.0,34779.0,0.0,39814.0,10297.0,8215.0,22426.0,0.0,277.0,0.0,30918.0,9883.0,0.0,0.0,4625.0,0.0,4625.0,1480.0,842.0,1203.0,0.0,0.0,2045.0,1412.0
69,2022,구리도시공사,16887.0,23.0,0.0,216.0,0.0,17126.0,0.0,7671.0,5944.0,99.0,3.0,0.0,13717.0,0.0,0.0,0.0,0.0,4802.0,4802.0,0.0,0.0,0.0,0.0,0.0,0.0,0.0
70,2022,경상북도문화관광공사,72779.0,2915.0,0.0,1907.0,0.0,77601.0,5193.0,14643.0,52999.0,960.0,1883.0,0.0,70485.0,5193.0,40040.0,0.0,0.0,55165.0,95205.0,0.0,3112.0,89.0,45538.0,6792.0,55531.0,0.0
71,2022,제주에너지공사,26292.0,46.0,0.0,5095.0,0.0,31433.0,580.0,2054.0,8792.0,307.0,2626.0,290.0,14069.0,580.0,0.0,0.0,5906.0,8132.0,14038.0,2222.0,2477.0,52.0,5312.0,7641.0,15482.0,2101.0
72,2022,광양시하수도,10628.0,61.0,1494.0,3.0,0.0,12186.0,0.0,2705.0,9050.0,0.0,0.0,7.0,11762.0,0.0,0.0,0.0,24275.0,3130.0,27405.0,3482.0,13475.0,0.0,0.0,2746.0,16221.0,2549.0
73,2022,세종특별자치시상수도,34092.0,620.0,619.0,152.0,0.0,35483.0,0.0,1854.0,21804.0,559.0,0.0,3.0,24220.0,15.0,0.0,0.0,3771.0,0.0,3771.0,3771.0,272.0,0.0,0.0,0.0,272.0,4625.0
74,2022,여수시하수도,17512.0,63.0,4653.0,389.0,153.0,22770.0,985.0,1541.0,15992.0,0.0,0.0,2296.0,19829.0,528.0,0.0,0.0,28196.0,7164.0,35360.0,10688.0,19442.0,0.0,0.0,32.0,19474.0,5881.0
75,2022,옥천군하수도,1523.0,45.0,8232.0,17.0,0.0,9817.0,0.0,386.0,9412.0,0.0,0.0,21.0,9819.0,0.0,0.0,0.0,16307.0,0.0,16307.0,203.0,3742.0,0.0,1878.0,9599.0,15219.0,203.0
76,2022,남원시하수도,4124.0,207.0,838.0,10025.0,0.0,15194.0,0.0,1969.0,20107.0,8.0,0.0,0.0,22084.0,0.0,0.0,0.0,29492.0,0.0,29492.0,6021.0,6796.0,21595.0,0.0,2020.0,30411.0,5659.0
77,2022,영광군하수도,808.0,26.0,3639.0,3.0,0.0,4476.0,0.0,510.0,3555.0,0.0,0.0,0.0,4065.0,9.0,0.0,0.0,17217.0,0.0,17217.0,17217.0,1345.0,0.0,0.0,0.0,1345.0,1853.0
78,2022,영광군상수도,4366.0,163.0,1922.0,72.0,0.0,6523.0,0.0,1963.0,3215.0,0.0,0.0,0.0,5178.0,61.0,0.0,0.0,11988.0,0.0,11988.0,11988.0,2565.0,0.0,0.0,0.0,2565.0,3093.0
79,2022,거제해양관광개발공사,26262.0,49.0,0.0,13.0,0.0,26324.0,5.0,12293.0,13890.0,86.0,1.0,0.0,26270.0,5.0,0.0,0.0,0.0,162.0,162.0,4964.0,236.0,0.0,1200.0,0.0,1436.0,0.0
80,2022,대전관광공사,40978.0,330.0,0.0,9173.0,0.0,50481.0,1560.0,11651.0,26470.0,0.0,2480.0,0.0,40601.0,1295.0,0.0,0.0,0.0,9444.0,9444.0,8103.0,2541.0,0.0,0.0,0.0,2541.0,6095.0
81,2022,양평군하수도,8966.0,326.0,18442.0,6010.0,0.0,33744.0,574.0,1440.0,22234.0,0.0,613.0,0.0,24287.0,571.0,0.0,0.0,41574.0,9621.0,51195.0,15902.0,10004.0,31.0,0.0,13223.0,23258.0,12194.0
82,2022,천안시시설관리공단(폐지),38267.0,0.0,0.0,0.0,0.0,38267.0,0.0,17626.0,20186.0,0.0,5.0,0.0,37817.0,0.0,0.0,0.0,0.0,6188.0,6188.0,1015.0,6161.0,27.0,0.0,0.0,6188.0,1015.0
83,2022,여주도시관리공단(폐지),10735.0,0.0,0.0,4.0,0.0,10739.0,0.0,6157.0,4578.0,0.0,4.0,0.0,10739.0,0.0,0.0,0.0,0.0,198.0,198.0,200.0,145.0,53.0,0.0,0.0,198.0,0.0
84,2022,영월군시설관리공단,6996.0,0.0,0.0,0.0,0.0,6996.0,0.0,3532.0,3421.0,0.0,0.0,0.0,6953.0,0.0,0.0,0.0,0.0,639.0,639.0,0.0,507.0,22.0,0.0,0.0,529.0,0.0
85,2022,계룡시하수도,1764.0,24.0,16.0,46.0,0.0,1850.0,0.0,0.0,4190.0,0.0,0.0,0.0,4190.0,0.0,0.0,0.0,10044.0,1806.0,11850.0,1925.0,4389.0,15.0,2839.0,378.0,7621.0,1399.0
86,2022,의왕도시공사,20583.0,463.0,0.0,93879.0,0.0,114925.0,0.0,10528.0,11696.0,0.0,6.0,0.0,22230.0,0.0,0.0,0.0,23666.0,210.0,23876.0,0.0,257.0,19.0,0.0,0.0,276.0,0.0
87,2022,고양도시관리공사,85825.0,2023.0,0.0,2051.0,0.0,89899.0,27673.0,25424.0,64046.0,1720.0,4077.0,158.0,95425.0,6922.0,0.0,70000.0,11024.0,68787.0,149811.0,254.0,1569.0,700.0,0.0,48711.0,50980.0,254.0
88,2022,양양군상수도,6803.0,8.0,4141.0,8.0,0.0,10960.0,0.0,1922.0,3164.0,0.0,0.0,0.0,5086.0,0.0,0.0,0.0,7523.0,0.0,7523.0,7523.0,3518.0,0.0,0.0,0.0,3518.0,420.0
89,2022,계룡시상수도,4220.0,70.0,170.0,13.0,0.0,4473.0,0.0,0.0,2291.0,0.0,0.0,1.0,2292.0,0.0,0.0,0.0,2624.0,11127.0,13751.0,5280.0,1844.0,15.0,0.0,0.0,1859.0,566.0
90,2022,증평군하수도,3234.0,5.0,643.0,82.0,0.0,3964.0,0.0,275.0,4084.0,0.0,0.0,0.0,4359.0,0.0,0.0,0.0,7995.0,1667.0,9662.0,1381.0,0.0,0.0,1975.0,7293.0,9268.0,1381.0
91,2022,고양시하수도,61946.0,662.0,0.0,1707.0,0.0,64315.0,21.0,3250.0,41781.0,0.0,93.0,0.0,45124.0,21.0,0.0,0.0,72087.0,0.0,72087.0,22916.0,8635.0,21709.0,0.0,109.0,30453.0,15591.0
92,2022,음성군하수도,1811.0,92.0,8294.0,154.0,0.0,10351.0,3477.0,240.0,9944.0,0.0,1.0,0.0,10185.0,453.0,0.0,16316.0,2130.0,0.0,18446.0,456.0,1092.0,12554.0,0.0,262.0,13908.0,1534.0
93,2022,김천시하수도,7204.0,87.0,4006.0,31.0,0.0,11328.0,3.0,506.0,7737.0,0.0,1.0,0.0,8244.0,3.0,0.0,0.0,2530.0,8765.0,11295.0,6041.0,6698.0,0.0,0.0,220.0,6918.0,5003.0
94,2022,화순군하수도,1644.0,25.0,3683.0,73.0,0.0,5425.0,115.0,211.0,7584.0,0.0,0.0,0.0,7795.0,105.0,0.0,0.0,17877.0,3343.0,21220.0,2217.0,12046.0,0.0,0.0,0.0,12046.0,2207.0
95,2022,화순군상수도,7049.0,34.0,5443.0,18.0,0.0,12544.0,1.0,1313.0,5920.0,0.0,0.0,0.0,7233.0,1.0,0.0,0.0,16980.0,1163.0,18143.0,14619.0,14928.0,0.0,0.0,816.0,15744.0,10490.0
96,2022,영동군상수도,5565.0,79.0,16936.0,20.0,0.0,22600.0,4255.0,1829.0,2587.0,0.0,0.0,0.0,4416.0,3912.0,134.0,0.0,1393.0,325.0,1852.0,0.0,11827.0,0.0,0.0,2970.0,14797.0,0.0
97,2022,포항시시설관리공단,26082.0,0.0,0.0,195.0,0.0,26277.0,17.0,14444.0,11597.0,0.0,195.0,0.0,26236.0,17.0,0.0,0.0,0.0,597.0,597.0,0.0,597.0,0.0,0.0,0.0,597.0,0.0
98,2022,춘천도시공사,40391.0,169.0,0.0,253.0,0.0,40813.0,736.0,20059.0,20227.0,0.0,0.0,8.0,40294.0,446.0,0.0,0.0,5758.0,10683.0,16441.0,0.0,3117.0,0.0,0.0,0.0,3117.0,0.0
99,2022,이천시하수도,16947.0,272.0,0.0,1.0,0.0,17220.0,0.0,1165.0,1894.0,0.0,3.0,0.0,3062.0,0.0,2.0,0.0,0.0,65868.0,65870.0,0.0,113.0,0.0,0.0,38101.0,38214.0,0.0
100,2022,강릉관광개발공사,13945.0,71.0,0.0,27.0,0.0,14043.0,2853.0,4964.0,6969.0,0.0,0.0,0.0,11933.0,1427.0,0.0,0.0,1448.0,0.0,1448.0,0.0,296.0,26.0,0.0,0.0,322.0,133.0
101,2022,보령시시설관리공단,15201.7,0.0,0.0,152.9,0.0,15354.6,0.0,5707.9,8658.7,0.0,35.7,0.0,14402.300000000001,0.0,0.0,0.0,300.0,253.7,553.7,0.0,240.3,9.0,0.0,0.0,249.3,0.0
102,2022,당진도시공사,589.0,17.0,0.0,736.0,0.0,1342.0,0.0,578.0,737.0,0.0,77.0,0.0,1392.0,0.0,0.0,0.0,0.0,0.0,0.0,0.0,1630.0,0.0,0.0,0.0,1630.0,0.0
103,2022,연천군하수도,4347.0,238.0,9054.0,657.0,0.0,14296.0,0.0,607.0,11073.0,0.0,0.0,0.0,11680.0,1536.0,0.0,0.0,20634.0,0.0,20634.0,20634.0,9850.0,0.0,0.0,0.0,9850.0,9724.0
104,2022,칠곡군하수도,7061.0,139.0,20704.0,0.0,0.0,27904.0,162.0,185.0,26417.0,0.0,1.0,0.0,26603.0,162.0,0.0,0.0,11039.0,2957.0,13996.0,10379.0,286.0,0.0,0.0,6618.0,6904.0,8070.0
105,2022,의령친환경골프장관리사업소,2185.0,19.0,0.0,51.0,0.0,2255.0,0.0,510.0,576.0,0.0,0.0,0.0,1086.0,0.0,0.0,0.0,0.0,0.0,0.0,146.0,364.0,0.0,0.0,700.0,1064.0,0.0
106,2022,경기도고덕국제화계획지구조성사업,13221.0,74.0,0.0,18.0,0.0,13313.0,3657.0,0.0,5132.0,568.0,0.0,0.0,5700.0,3657.0,0.0,0.0,7785.0,0.0,7785.0,0.0,0.0,0.0,11800.0,0.0,11800.0,0.0
107,2022,인천광역시제물포구시설관리공단,13267.0,0.0,0.0,0.0,0.0,13267.0,0.0,8967.0,4298.0,0.0,2.0,0.0,13267.0,0.0,0.0,0.0,0.0,609.0,609.0,0.0,0.0,0.0,0.0,609.0,609.0,0.0
108,2022,여수시도시관리공단,38642.0,0.0,0.0,0.0,0.0,38642.0,5.0,27314.0,11328.0,0.0,0.0,0.0,38642.0,5.0,0.0,0.0,0.0,2659.0,2659.0,0.0,2159.0,0.0,0.0,0.0,2159.0,0.0
109,2022,단양군상수도,5799.0,7.0,2316.0,58.0,0.0,8180.0,0.0,60.0,4977.0,0.0,0.0,0.0,5037.0,94.0,0.0,0.0,8047.0,0.0,8047.0,0.0,7954.0,0.0,0.0,0.0,7954.0,1701.0
110,2022,영덕군상수도,4603.0,38.0,2900.0,34.0,0.0,7575.0,10.0,1659.0,1843.0,0.0,0.0,0.0,3502.0,819.0,0.0,0.0,100.0,2349.0,2449.0,809.0,2669.0,0.0,0.0,1136.0,3805.0,809.0
111,2022,양산시시설관리공단,20311.0,0.0,0.0,0.0,0.0,20311.0,0.0,9234.0,11075.0,0.0,2.0,0.0,20311.0,0.0,0.0,0.0,454.0,200.0,654.0,0.0,368.0,86.0,0.0,0.0,454.0,0.0
112,2022,동두천시하수도,13193.0,124.0,4018.0,79.0,0.0,17414.0,0.0,1858.0,7318.0,0.0,0.0,6.0,9182.0,19.0,0.0,0.0,2086.0,12705.0,14791.0,1554.0,4771.0,0.0,0.0,10067.0,14838.0,688.0
113,2022,부산광역시기장군도시관리공단,25812.0,0.0,0.0,6297.0,0.0,32109.0,0.0,13597.0,10227.0,0.0,6053.0,0.0,29877.0,0.0,0.0,0.0,0.0,2055.0,2055.0,0.0,1889.0,148.0,0.0,0.0,2037.0,0.0
114,2022,함안지방공사,18583.0,230.0,0.0,0.0,0.0,18813.0,0.0,6283.0,6916.0,0.0,3376.0,0.0,16575.0,0.0,2.0,0.0,0.0,0.0,2.0,9382.0,74.0,5.0,0.0,2434.0,2513.0,0.0
115,2022,의성군상수도,5115.0,18.0,5694.0,678.0,0.0,11505.0,0.0,1091.0,9243.0,0.0,0.0,0.0,10334.0,0.0,0.0,0.0,11476.0,1109.0,12585.0,1048.0,9196.0,0.0,0.0,2325.0,11521.0,36.0
116,2022,안산도시공사,79943.0,599.0,0.0,806.0,0.0,81348.0,3827.0,36650.0,36830.0,178.0,760.0,0.0,74418.0,856.0,0.0,0.0,0.0,41595.0,41595.0,6830.0,3828.0,244.0,0.0,1501.0,5573.0,3429.0
117,2022,파주시하수도,44463.0,569.0,6844.0,334.0,0.0,52210.0,0.0,1281.0,32189.0,0.0,0.0,0.0,33470.0,0.0,0.0,0.0,0.0,127224.0,127224.0,0.0,0.0,0.0,0.0,41044.0,41044.0,0.0
118,2022,포항시하수도,23396.0,463.0,50196.0,128.0,0.0,74183.0,0.0,4593.0,0.0,11399.0,165.0,0.0,16157.0,0.0,0.0,0.0,47352.0,0.0,47352.0,7742.0,5905.0,0.0,31547.0,631.0,38083.0,13267.0
119,2022,보령시하수도,5273.0,296.0,7.0,1039.0,0.0,6615.0,0.0,386.0,385.0,0.0,240.0,4.0,1015.0,0.0,0.0,0.0,39596.0,18638.0,58234.0,8327.0,24020.0,10966.0,0.0,479.0,35465.0,5000.0
120,2022,제주관광공사,54464.0,198.0,0.0,12125.0,0.0,66787.0,0.0,4038.0,43712.0,424.0,12576.0,0.0,60750.0,0.0,2700.0,0.0,4892.0,9941.0,17533.0,5662.0,1508.0,64.0,599.0,9470.0,11641.0,5662.0
121,2022,울주군시설관리공단,20711.0,0.0,0.0,0.0,0.0,20711.0,0.0,12049.0,8419.0,0.0,243.0,0.0,20711.0,0.0,0.0,0.0,0.0,2658.0,2658.0,0.0,2658.0,0.0,0.0,0.0,2658.0,0.0
122,2022,양평공사,15725.0,30.0,0.0,3015.0,0.0,18770.0,70.0,7329.0,9413.0,0.0,1202.0,0.0,17944.0,70.0,0.0,0.0,0.0,0.0,0.0,78.0,201.0,0.0,0.0,0.0,201.0,78.0
123,2022,당진시하수도,10231.0,351.0,10795.0,165.0,0.0,21542.0,764.0,551.0,14448.0,0.0,5.0,0.0,15004.0,739.0,0.0,0.0,52917.0,449.0,53366.0,8974.0,20527.0,0.0,3614.0,739.0,24880.0,7803.0
124,2022,평택도시공사,109730.0,596.0,0.0,4005.0,0.0,114331.0,44892.0,9384.0,11625.0,702.0,4936.0,0.0,26647.0,31099.0,2000.0,531117.0,303.0,84996.0,618416.0,20665.0,811.0,1.0,510000.0,167773.0,678585.0,14315.0
125,2022,강화군시설관리공단,11882.0,0.0,0.0,0.0,0.0,11882.0,4.0,7335.0,4547.0,0.0,0.0,0.0,11882.0,4.0,0.0,0.0,0.0,1084.0,1084.0,968.0,1084.0,0.0,0.0,0.0,1084.0,0.0
126,2022,군포도시공사,37906.0,486.0,0.0,217.0,0.0,38609.0,242.0,15617.0,22948.0,0.0,171.0,0.0,38736.0,0.0,0.0,0.0,30829.0,2884.0,33713.0,0.0,3075.0,0.0,0.0,181.0,3256.0,152.0
127,2022,전주시시설관리공단,37491.0,233.0,0.0,0.0,0.0,37724.0,0.0,22634.0,14812.0,233.0,45.0,0.0,37724.0,0.0,0.0,0.0,3645.0,0.0,3645.0,0.0,3645.0,0.0,0.0,0.0,3645.0,0.0
128,2022,화성도시공사,122370.0,2221.0,0.0,2290.0,0.0,126881.0,145536.0,32251.0,62999.0,0.0,241.0,0.0,95491.0,18491.0,0.0,0.0,4109.0,1722.0,5831.0,0.0,3208.0,1575.0,0.0,1401.0,6184.0,421.0
129,2022,화성시하수도,67858.0,689.0,0.0,180.0,0.0,68727.0,9023.0,1222.0,59517.0,0.0,135.0,0.0,60874.0,5395.0,0.0,0.0,95801.0,0.0,95801.0,22316.0,39548.0,0.0,0.0,1258.0,40806.0,15649.0
130,2022,울산광역시남구도시관리공단,15624.0,80.0,0.0,0.0,0.0,15704.0,0.0,7683.0,7941.0,80.0,0.0,0.0,15704.0,0.0,0.0,0.0,0.0,444.0,444.0,0.0,396.0,48.0,0.0,0.0,444.0,0.0
131,2022,강릉시하수도,20057.0,94.0,3947.0,3.0,0.0,24101.0,136.0,1080.0,19387.0,0.0,0.0,29.0,20496.0,136.0,0.0,0.0,31142.0,4.0,31146.0,9216.0,4789.0,0.0,0.0,-1.0,4788.0,7545.0
132,2022,인천경제자유구역청,412628.0,24963.0,0.0,53978.0,0.0,491569.0,442.0,1433.0,214756.0,0.0,464.0,0.0,216653.0,442.0,11758.0,0.0,742813.0,94105.0,848676.0,374316.0,13082.0,0.0,0.0,0.0,13082.0,205255.0
133,2022,거제시하수도,6265.0,757.0,1666.0,419.0,0.0,9107.0,28682.0,642.0,14437.0,194.0,0.0,2.0,15275.0,0.0,4.0,14000.0,76736.0,1977.0,92717.0,0.0,6394.0,0.0,0.0,34457.0,40851.0,18998.0
134,2022,노원구시설관리공단,20119.0,0.0,0.0,0.0,0.0,20119.0,117.0,12758.0,7361.0,0.0,0.0,0.0,20119.0,0.0,0.0,0.0,0.0,196.0,196.0,0.0,196.0,0.0,0.0,0.0,196.0,0.0
135,2022,남양주도시공사,89518.0,1589.0,0.0,1222.0,0.0,92329.0,84558.0,27408.0,34024.0,0.0,3.0,0.0,61435.0,30174.0,44339.0,0.0,0.0,18926.0,63265.0,1934.0,9157.0,0.0,0.0,80.0,9237.0,126.0
136,2022,중구시설관리공단,22659.0,0.0,0.0,149.0,0.0,22808.0,0.0,14215.0,8444.0,0.0,149.0,0.0,22808.0,0.0,0.0,0.0,0.0,462.0,462.0,0.0,0.0,0.0,0.0,462.0,462.0,0.0
137,2022,함안군상수도,8259.0,70.0,0.0,42.0,0.0,8371.0,0.0,0.0,4982.0,0.0,0.0,0.0,4982.0,0.0,0.0,0.0,9299.0,5456.0,14755.0,1045.0,3897.0,0.0,0.0,9184.0,13081.0,1045.0
138,2022,통영관광개발공사,10415.0,89.0,0.0,1132.0,0.0,11636.0,0.0,5800.0,4267.0,0.0,49.0,0.0,10116.0,0.0,0.0,0.0,0.0,10673.0,10673.0,0.0,151.0,0.0,0.0,0.0,151.0,0.0
139,2022,영양고추유통공사,16666.0,26.0,0.0,570.0,0.0,17262.0,0.0,2253.0,18626.0,559.0,7.0,0.0,21445.0,0.0,3.0,27000.0,121.0,265.0,27389.0,0.0,543.0,0.0,26900.0,174.0,27617.0,0.0
140,2022,음성군상수도,18770.0,82.0,255.0,32.0,0.0,19139.0,10.0,955.0,13420.0,0.0,0.0,0.0,14375.0,10.0,19.0,0.0,17955.0,3286.0,21260.0,1411.0,7985.0,0.0,0.0,12068.0,20053.0,1117.0
141,2022,울산광역시도시공사,30976.0,2401.0,0.0,3150.0,0.0,36527.0,3584.0,3423.0,21912.0,1233.0,127.0,600.0,27295.0,2149.0,0.0,25975.0,25884.0,362029.0,413888.0,6462.0,15122.0,0.0,3136.0,88707.0,106965.0,5515.0
142,2022,문경관광진흥공단(폐지),8369.0,81.0,0.0,-81.0,0.0,8369.0,0.0,3430.0,4939.0,0.0,0.0,0.0,8369.0,0.0,0.0,0.0,108.0,100.0,208.0,0.0,100.0,8.0,0.0,0.0,108.0,0.0
143,2022,부안군상수도,9453.0,48.0,2500.0,32.0,0.0,12033.0,35.0,1709.0,8873.0,0.0,0.0,0.0,10582.0,34.0,0.0,0.0,4289.0,3431.0,7720.0,2135.0,4685.0,0.0,0.0,8.0,4693.0,1922.0
144,2022,관악구시설관리공단,15005.0,95.0,0.0,126.0,0.0,15226.0,0.0,9246.0,5759.0,95.0,126.0,0.0,15226.0,0.0,0.0,0.0,0.0,0.0,0.0,0.0,169.0,130.0,0.0,0.0,299.0,0.0
145,2022,안동시시설관리공단,26009.0,0.0,0.0,3.0,0.0,26012.0,0.0,11650.0,14359.0,0.0,3.0,0.0,26012.0,0.0,0.0,0.0,0.0,637.0,637.0,0.0,436.0,0.0,0.0,0.0,436.0,0.0
146,2022,인천환경공단,136454.0,0.0,0.0,879.0,0.0,137333.0,70.0,44256.0,91052.0,0.0,874.0,0.0,136182.0,70.0,0.0,0.0,4354.0,43011.0,47365.0,3366.0,38036.0,0.0,0.0,8910.0,46946.0,2968.0
147,2022,제천시하수도,7115.0,102.0,12446.0,70.0,0.0,19733.0,254.0,3385.0,11418.0,0.0,0.0,0.0,14803.0,181.0,0.0,0.0,31385.0,5172.0,36557.0,5589.0,9461.0,0.0,0.0,27056.0,36517.0,3212.0
148,2022,은평구시설관리공단,10895.0,0.0,0.0,78.0,0.0,10973.0,0.0,5836.0,5059.0,0.0,78.0,0.0,10973.0,0.0,0.0,0.0,0.0,184.0,184.0,0.0,184.0,0.0,0.0,0.0,184.0,0.0
149,2022,충주시하수도,23859.0,251.0,10146.0,81.0,0.0,34337.0,258.0,4901.0,12172.0,0.0,0.0,0.0,17073.0,2894.0,0.0,0.0,23897.0,20407.0,44304.0,0.0,25239.0,0.0,0.0,16685.0,41924.0,2135.0
150,2022,충청남도개발공사,280901.0,5042.0,0.0,3767.0,0.0,289710.0,0.0,5078.0,75572.0,169.0,1200.0,14692.0,96711.0,0.0,627.0,141508.0,271995.0,28899.0,443029.0,0.0,75274.0,1656.0,153503.0,137189.0,367622.0,0.0
151,2022,창원레포츠파크,25749.0,0.0,270.0,0.0,0.0,26019.0,672.0,10958.0,14738.0,0.0,323.0,0.0,26019.0,2.0,0.0,0.0,0.0,2530.0,2530.0,0.0,1661.0,125.0,0.0,0.0,1786.0,0.0
152,2022,부산지방공단스포원(부산시설공단 통합),29895.0,0.0,1286.0,0.0,0.0,31181.0,1173.0,11408.0,15315.0,0.0,1232.0,0.0,27955.0,1173.0,0.0,0.0,3068.0,0.0,3068.0,0.0,2867.0,45.0,0.0,0.0,2912.0,0.0
153,2022,광주환경공단,70024.0,99.0,0.0,59.0,0.0,70182.0,47.0,21018.0,47596.0,0.0,0.0,0.0,68614.0,47.0,0.0,0.0,12420.0,35.0,12455.0,621.0,11628.0,0.0,0.0,0.0,11628.0,605.0
154,2022,대구공공시설관리공단,229135.0,56.0,0.0,232.0,0.0,229423.0,2739.0,90421.0,135688.0,0.0,0.0,0.0,226109.0,2698.0,0.0,0.0,0.0,43369.0,43369.0,237.0,37765.0,695.0,0.0,107.0,38567.0,237.0
155,2022,부산환경공단,209531.0,0.0,0.0,0.0,0.0,209531.0,8413.0,43423.0,156952.0,0.0,1346.0,0.0,201721.0,8413.0,0.0,0.0,0.0,15862.0,15862.0,954.0,14918.0,164.0,0.0,94.0,15176.0,954.0
156,2022,창원시설공단,82962.0,0.0,0.0,302.0,0.0,83264.0,0.0,32719.0,50544.0,0.0,2.0,0.0,83265.0,0.0,0.0,0.0,0.0,0.0,0.0,0.0,1725.0,270.0,0.0,0.0,1995.0,0.0
157,2022,구미시설공단(폐지),45689.0,0.0,0.0,94.0,0.0,45783.0,0.0,17531.0,28158.0,0.0,94.0,0.0,45783.0,0.0,0.0,0.0,0.0,1320.0,1320.0,0.0,1290.0,30.0,0.0,0.0,1320.0,0.0
158,2022,청주시시설관리공단,41584.0,335.0,0.0,7.0,0.0,41926.0,0.0,19021.0,22554.0,0.0,8.0,0.0,41583.0,0.0,0.0,0.0,2099.0,444.0,2543.0,161.0,2057.0,41.0,0.0,0.0,2098.0,161.0
159,2022,정선군시설관리공단,11903.0,0.0,0.0,0.0,0.0,11903.0,0.0,6853.0,5050.0,0.0,0.0,0.0,11903.0,0.0,0.0,0.0,0.0,307.0,307.0,100.0,229.0,78.0,0.0,0.0,307.0,0.0
160,2022,동해시시설관리공단,9726.0,0.0,0.0,0.0,0.0,9726.0,0.0,5796.0,3928.0,0.0,2.0,0.0,9726.0,0.0,0.0,0.0,0.0,443.0,443.0,0.0,58.0,0.0,0.0,0.0,58.0,385.0
161,2022,속초시시설관리공단,20092.0,0.0,0.0,0.0,0.0,20092.0,0.0,14153.0,5939.0,0.0,0.0,0.0,20092.0,0.0,0.0,0.0,0.0,169.0,169.0,0.0,0.0,0.0,0.0,169.0,169.0,0.0
162,2022,연천군시설관리공단,10802.0,0.0,0.0,0.0,0.0,10802.0,0.0,5012.0,5383.0,0.0,3.0,0.0,10398.0,0.0,0.0,0.0,0.0,244.0,244.0,0.0,144.0,95.0,0.0,0.0,239.0,0.0
163,2022,가평군시설관리공단,13091.0,0.0,0.0,216.0,0.0,13307.0,220.0,7827.0,4716.0,0.0,215.0,0.0,12758.0,20.0,0.0,0.0,257.0,0.0,257.0,200.0,216.0,0.0,0.0,33.0,249.0,0.0
164,2022,의정부시시설관리공단(폐지),32874.0,183.0,0.0,90.0,0.0,33147.0,0.0,21595.0,10472.0,0.0,180.0,0.0,32247.0,0.0,0.0,0.0,0.0,504.0,504.0,0.0,425.0,64.0,0.0,0.0,489.0,0.0
165,2022,오산시시설관리공단(폐지),15711.0,0.0,0.0,0.0,0.0,15711.0,0.0,8164.0,7127.0,0.0,0.0,0.0,15291.0,0.0,0.0,0.0,0.0,469.0,469.0,0.0,237.0,25.0,0.0,0.0,262.0,0.0
166,2022,안성시시설관리공단,25784.0,0.0,0.0,8.0,0.0,25792.0,0.0,16450.0,7637.0,0.0,652.0,0.0,24739.0,0.0,0.0,0.0,1449.0,0.0,1449.0,0.0,1443.0,0.0,0.0,0.0,1443.0,0.0
167,2022,시흥도시공사,62937.0,0.0,0.0,69.0,0.0,63006.0,10504.0,21228.0,40409.0,0.0,41.0,0.0,61678.0,7864.0,0.0,80235.0,3733.0,526.0,84494.0,988.0,37979.0,149.0,35215.0,0.0,73343.0,373.0
168,2022,부천도시공사,57577.0,583.0,0.0,1.0,0.0,58161.0,31126.0,23915.0,35114.0,0.0,3.0,0.0,59032.0,182.0,0.0,0.0,0.0,136206.0,136206.0,0.0,103164.0,0.0,0.0,0.0,103164.0,9275.0
169,2022,수원도시공사,104368.0,98.0,0.0,50.0,0.0,104516.0,0.0,32734.0,34871.0,0.0,2176.0,0.0,69781.0,46.0,0.0,0.0,2853.0,1553.0,4406.0,7331.0,989.0,0.0,0.0,0.0,989.0,4400.0
170,2022,울산시설공단,64316.0,0.0,0.0,0.0,0.0,64316.0,0.0,33804.0,28457.0,0.0,0.0,0.0,62261.0,0.0,0.0,0.0,0.0,3244.0,3244.0,0.0,3106.0,50.0,0.0,44.0,3200.0,0.0
171,2022,대전광역시시설관리공단,88062.0,364.0,0.0,240.0,0.0,88666.0,1600.0,30591.0,50783.0,0.0,8384.0,0.0,89758.0,19.0,0.0,0.0,18032.0,0.0,18032.0,1550.0,8699.0,27.0,143.0,45.0,8914.0,1530.0
172,2022,인천광역시서구시설관리공단,40778.0,0.0,0.0,3.0,0.0,40781.0,0.0,26783.0,13995.0,0.0,3.0,0.0,40781.0,0.0,0.0,0.0,1000.0,971.0,1971.0,0.0,718.0,253.0,0.0,0.0,971.0,0.0
173,2022,인천광역시계양구시설관리공단,10422.0,0.0,0.0,0.0,0.0,10422.0,0.0,7457.0,2965.0,0.0,0.0,0.0,10422.0,0.0,0.0,0.0,0.0,0.0,0.0,0.0,31.0,0.0,0.0,0.0,31.0,0.0
174,2022,인천광역시부평구시설관리공단,19648.0,0.0,0.0,0.0,0.0,19648.0,0.0,14173.0,5472.0,0.0,3.0,0.0,19648.0,0.0,0.0,0.0,0.0,507.0,507.0,0.0,360.0,147.0,0.0,0.0,507.0,0.0
175,2022,남동구도시관리공단,13364.0,0.0,0.0,3.0,0.0,13367.0,0.0,6020.0,7344.0,0.0,3.0,0.0,13367.0,0.0,0.0,0.0,0.0,565.0,565.0,0.0,165.0,0.0,0.0,0.0,165.0,0.0
176,2022,인천광역시미추홀구시설관리공단,15466.0,0.0,0.0,3.0,0.0,15469.0,0.0,9638.0,5828.0,0.0,3.0,0.0,15469.0,0.0,0.0,0.0,500.0,524.0,1024.0,0.0,524.0,0.0,0.0,0.0,524.0,0.0
177,2022,인천시설공단,131495.0,555.0,0.0,143.0,0.0,132193.0,195.0,62142.0,58778.0,0.0,0.0,0.0,120920.0,0.0,0.0,0.0,8682.0,0.0,8682.0,0.0,8503.0,37.0,0.0,13.0,8553.0,0.0
178,2022,부산시설공단,143940.0,657.0,0.0,20259.0,0.0,164856.0,86.0,52252.0,91632.0,0.0,8211.0,1.0,152096.0,84.0,0.0,0.0,9693.0,0.0,9693.0,12386.0,19970.0,0.0,0.0,122.0,20092.0,1804.0
179,2022,중랑구시설관리공단,13978.0,0.0,0.0,0.0,0.0,13978.0,0.0,7759.0,6219.0,0.0,0.0,0.0,13978.0,0.0,0.0,0.0,321.0,0.0,321.0,0.0,321.0,0.0,0.0,0.0,321.0,0.0
180,2022,종로구시설관리공단,14523.0,0.0,0.0,15.0,0.0,14538.0,0.0,7839.0,6520.0,0.0,0.0,0.0,14359.0,0.0,0.0,0.0,0.0,1123.0,1123.0,0.0,261.0,0.0,0.0,0.0,261.0,0.0
181,2022,용산구시설관리공단,19245.0,0.0,0.0,310.0,0.0,19555.0,0.0,10159.0,9086.0,0.0,310.0,0.0,19555.0,0.0,0.0,0.0,150.0,0.0,150.0,0.0,150.0,0.0,0.0,0.0,150.0,0.0
182,2022,영등포구시설관리공단,17533.0,0.0,0.0,0.0,0.0,17533.0,0.0,9490.0,8043.0,0.0,0.0,0.0,17533.0,0.0,0.0,0.0,0.0,293.0,293.0,0.0,213.0,80.0,0.0,0.0,293.0,0.0
183,2022,양천구시설관리공단,16134.0,0.0,0.0,45.0,0.0,16179.0,0.0,9479.0,6655.0,0.0,45.0,0.0,16179.0,0.0,0.0,0.0,0.0,78.0,78.0,0.0,0.0,0.0,0.0,78.0,78.0,0.0
184,2022,송파구시설관리공단,19329.0,0.0,0.0,37.0,0.0,19366.0,35.0,11525.0,7804.0,0.0,37.0,0.0,19366.0,35.0,0.0,0.0,0.0,389.0,389.0,0.0,0.0,0.0,0.0,389.0,389.0,0.0
185,2022,성북구도시관리공단,21990.0,146.0,693.0,-146.0,0.0,22683.0,0.0,13735.0,8255.0,0.0,693.0,0.0,22683.0,0.0,0.0,0.0,3462.0,400.0,3862.0,0.0,3462.0,0.0,0.0,0.0,3462.0,0.0
186,2022,성동구도시관리공단,29779.0,0.0,0.0,164.0,0.0,29943.0,0.0,15103.0,14676.0,0.0,164.0,0.0,29943.0,0.0,0.0,0.0,609.0,0.0,609.0,0.0,609.0,0.0,0.0,0.0,609.0,0.0
187,2022,서대문구도시관리공단,14785.0,0.0,0.0,0.0,0.0,14785.0,0.0,7567.0,7218.0,0.0,0.0,0.0,14785.0,0.0,0.0,0.0,749.0,151.0,900.0,0.0,805.0,95.0,0.0,0.0,900.0,0.0
188,2022,마포구시설관리공단,21855.0,0.0,0.0,0.0,0.0,21855.0,0.0,10390.0,9696.0,0.0,1769.0,0.0,21855.0,0.0,0.0,0.0,0.0,190.0,190.0,0.0,0.0,0.0,0.0,190.0,190.0,0.0
189,2022,동작구시설관리공단,16490.0,246.0,0.0,0.0,0.0,16736.0,0.0,8827.0,7662.0,246.0,12.0,0.0,16747.0,0.0,0.0,0.0,0.0,191.0,191.0,0.0,180.0,11.0,0.0,0.0,191.0,0.0
190,2022,동대문구시설관리공단,16655.0,0.0,0.0,0.0,0.0,16655.0,0.0,9745.0,6910.0,0.0,0.0,0.0,16655.0,0.0,0.0,0.0,0.0,220.0,220.0,0.0,201.0,19.0,0.0,0.0,220.0,0.0
191,2022,도봉구시설관리공단,17011.0,0.0,0.0,1.0,0.0,17012.0,0.0,8510.0,8501.0,0.0,1.0,0.0,17012.0,0.0,0.0,0.0,77.0,0.0,77.0,0.0,0.0,0.0,0.0,77.0,77.0,0.0
192,2022,금천구시설관리공단,12188.0,0.0,0.0,135.0,0.0,12323.0,0.0,6565.0,5623.0,0.0,135.0,0.0,12323.0,0.0,0.0,0.0,0.0,445.0,445.0,0.0,0.0,0.0,0.0,0.0,0.0,0.0
193,2022,구로구시설관리공단,12692.0,0.0,0.0,8.0,0.0,12700.0,0.0,5750.0,6906.0,0.0,1.0,0.0,12657.0,0.0,0.0,0.0,0.0,600.0,600.0,0.0,338.0,0.0,0.0,0.0,338.0,0.0
194,2022,광진구시설관리공단,22528.0,0.0,0.0,1.0,0.0,22529.0,0.0,12709.0,9819.0,0.0,1.0,0.0,22529.0,0.0,0.0,0.0,0.0,6099.0,6099.0,36.0,0.0,0.0,0.0,6135.0,6135.0,0.0
195,2022,강서구시설관리공단,16152.0,177.0,0.0,2.0,0.0,16331.0,124.0,9708.0,6444.0,177.0,2.0,0.0,16331.0,124.0,0.0,0.0,0.0,564.0,564.0,0.0,496.0,68.0,0.0,0.0,564.0,0.0
196,2022,강북구도시관리공단,18004.0,0.0,0.0,0.0,0.0,18004.0,0.0,11524.0,6480.0,0.0,0.0,0.0,18004.0,0.0,0.0,0.0,0.0,714.0,714.0,260.0,598.0,138.0,0.0,0.0,736.0,0.0
197,2022,강동구도시관리공단,17397.0,0.0,0.0,0.0,0.0,17397.0,0.0,9364.0,8033.0,0.0,0.0,0.0,17397.0,0.0,0.0,0.0,0.0,225.0,225.0,0.0,136.0,89.0,0.0,0.0,225.0,0.0
198,2022,강남구도시관리공단,33763.0,0.0,0.0,0.0,0.0,33763.0,0.0,16780.0,16983.0,0.0,0.0,0.0,33763.0,0.0,0.0,0.0,0.0,7556.0,7556.0,0.0,6335.0,0.0,0.0,0.0,6335.0,0.0
199,2022,서울시설공단,401825.0,3984.0,0.0,1794.0,0.0,407603.0,6273.0,226887.0,162651.0,0.0,1268.0,0.0,390806.0,6112.0,0.0,0.0,0.0,26127.0,26127.0,1464.0,22245.0,243.0,0.0,596.0,23084.0,1455.0
200,2022,창녕군시설관리공단,16197.0,82.0,0.0,60.0,0.0,16339.0,0.0,6486.0,8087.0,0.0,1001.0,0.0,15574.0,0.0,1.0,0.0,0.0,1561.0,1562.0,0.0,333.0,0.0,0.0,0.0,333.0,0.0
201,2022,청도공영사업공사,29908.0,7.0,0.0,7550.0,0.0,37465.0,0.0,1366.0,34849.0,0.0,0.0,0.0,36215.0,0.0,0.0,0.0,0.0,200.0,200.0,763.0,290.0,22.0,0.0,400.0,712.0,0.0
202,2022,하남도시공사,64610.0,2927.0,0.0,39737.0,0.0,107274.0,871.0,9279.0,21932.0,138.0,7490.0,0.0,38839.0,510.0,1372.0,240214.0,1080.0,196943.0,439609.0,16172.0,154568.0,1322.0,207951.0,0.0,363841.0,11136.0
203,2022,용인도시공사,90694.0,3024.0,0.0,12.0,0.0,93730.0,49219.0,21252.0,74108.0,91.0,3728.0,1.0,99180.0,21904.0,2.0,633.0,16166.0,215257.0,232058.0,5413.0,5830.0,530.0,4.0,25287.0,31651.0,1245.0
204,2022,경기평택항만공사,23385.0,108.0,0.0,104.0,0.0,23597.0,0.0,1443.0,17885.0,0.0,1097.0,0.0,20425.0,685.0,0.0,0.0,0.0,663.0,663.0,18861.0,3004.0,0.0,561.0,107.0,3672.0,0.0
205,2022,광주도시관리공사,61169.0,286.0,0.0,1091.0,0.0,62546.0,27.0,22459.0,35776.0,0.0,25.0,0.0,58260.0,27.0,0.0,0.0,48425.0,485.0,48910.0,569.0,2774.0,0.0,0.0,0.0,2774.0,569.0
206,2022,경기관광공사,34324.0,175.0,0.0,763.0,0.0,35262.0,5381.0,5211.0,27232.0,0.0,0.0,0.0,32443.0,5113.0,1216.0,0.0,0.0,40.0,1256.0,13002.0,267.0,480.0,0.0,267.0,1014.0,5113.0
207,2022,구리농수산물공사,14298.0,532.0,0.0,10542.0,0.0,25372.0,0.0,5076.0,5090.0,0.0,10219.0,0.0,20385.0,0.0,0.0,0.0,0.0,38530.0,38530.0,184.0,706.0,47.0,0.0,1144.0,1897.0,82.0
208,2022,광주광역시 관광공사,17840.0,24.0,2800.0,42.0,0.0,20706.0,170.0,5852.0,14525.0,0.0,0.0,0.0,20377.0,13.0,421.0,0.0,0.0,0.0,421.0,1593.0,176.0,90.0,0.0,0.0,266.0,0.0
209,2022,서울특별시농수산식품공사,85540.0,1271.0,0.0,41430.0,0.0,128241.0,127.0,26265.0,46655.0,1309.0,37620.0,0.0,111849.0,126.0,159.0,20274.0,19628.0,19490.0,59551.0,9968.0,26695.0,647.0,2705.0,4463.0,34510.0,9278.0
210,2022,제주특별자치도개발공사,397510.0,4320.0,0.0,5257.0,0.0,407087.0,27212.0,46137.0,283974.0,643.0,3650.0,0.0,334404.0,2202.0,7.0,14100.0,38494.0,182283.0,234884.0,0.0,83944.0,1346.0,279.0,25598.0,111167.0,9297.0
211,2022,경남개발공사,153409.0,4057.0,0.0,1337.0,0.0,158803.0,8731.0,5124.0,94253.0,1800.0,3906.0,461.0,105544.0,1262.0,1050.0,106568.0,1004.0,126362.0,234984.0,309331.0,23441.0,142.0,0.0,161776.0,185359.0,6949.0
212,2022,경상북도개발공사,162318.0,1091.0,0.0,9719.0,0.0,173128.0,0.0,7629.0,100459.0,0.0,1384.0,8858.0,118330.0,5378.0,0.0,69021.0,0.0,146572.0,215593.0,9600.0,83427.0,416.0,15093.0,6000.0,104936.0,2571.0
213,2022,전남개발공사,13582.0,6960.0,0.0,1317.0,0.0,21859.0,0.0,7973.0,18039.0,0.0,5324.0,7163.0,38499.0,0.0,8136.0,85000.0,227930.0,161832.0,482898.0,76.0,6584.0,16.0,50000.0,114861.0,171461.0,0.0
214,2022,전북개발공사,47731.0,1469.0,0.0,1278.0,0.0,50478.0,945.0,4313.0,16943.0,3286.0,876.0,281.0,25699.0,887.0,0.0,103649.0,1141.0,141133.0,245923.0,694.0,52280.0,70.0,6921.0,19075.0,78346.0,191.0
215,2022,충북개발공사,224851.0,1834.0,0.0,1546.0,0.0,228231.0,114.0,5273.0,170435.0,59.0,2111.0,0.0,177878.0,69.0,0.0,136400.0,591.0,331871.0,468862.0,716.0,152.0,69.0,0.0,276897.0,277118.0,677.0
216,2022,강원개발공사,193579.0,1196.0,0.0,8333.0,0.0,203108.0,2540.0,7118.0,127437.0,6055.0,38993.0,0.0,179603.0,2540.0,635755.0,0.0,0.0,195943.0,831698.0,3981.0,2961.0,617.0,339150.0,283814.0,626542.0,3981.0
217,2022,경기주택도시공사,1057268.0,31171.0,0.0,64052.0,0.0,1152491.0,2584.0,39009.0,117249.0,5757.0,36941.0,96241.0,295197.0,2584.0,0.0,3508960.0,138516.0,412245.0,4059721.0,974323.0,558386.0,19396.0,50547.0,3160027.0,3788356.0,0.0
218,2022,대전도시공사,93614.0,4924.0,15277.0,2740.0,0.0,116555.0,75406.0,28329.0,64600.0,431.0,8388.0,9852.0,111600.0,21776.0,320.0,214862.0,38064.0,228734.0,481980.0,0.0,32679.0,0.0,101559.0,134229.0,268467.0,28695.0
219,2022,광주광역시도시공사,92574.0,4317.0,0.0,11799.0,0.0,108690.0,5888.0,21907.0,48870.0,2792.0,10272.0,0.0,83841.0,5134.0,478772.0,9725.0,242488.0,0.0,730985.0,12715.0,424553.0,52.0,105628.0,369.0,530602.0,9778.0
220,2022,인천도시공사,63788.0,6396.0,0.0,59586.0,0.0,129770.0,5831.0,25910.0,104715.0,8737.0,5862.0,210405.0,355629.0,5469.0,264314.0,3342809.0,49537.0,288203.0,3944863.0,79506.0,1695471.0,1996.0,1543912.0,131441.0,3372820.0,78872.0
221,2022,대구도시개발공사,15100.0,10022.0,0.0,22112.0,0.0,47234.0,0.0,10793.0,30486.0,2144.0,2816.0,5344.0,51583.0,0.0,0.0,39795.0,5473.0,742206.0,787474.0,0.0,7277.0,760.0,108435.0,437692.0,554164.0,0.0
222,2022,부산도시공사,276508.0,10597.0,250.0,14688.0,0.0,302043.0,12.0,18519.0,47282.0,2939.0,8809.0,1357.0,78906.0,2.0,9335.0,349936.0,37376.0,560295.0,956942.0,418.0,448105.0,11041.0,122134.0,7828.0,589108.0,412.0
223,2022,서울주택도시개발공사,1324707.0,52514.0,0.0,36154.0,0.0,1413375.0,0.0,72370.0,1400524.0,84770.0,96629.0,39924.0,1694217.0,0.0,87201.0,2567784.0,680778.0,0.0,3335763.0,3255500.0,1561837.0,14560.0,1219975.0,63480.0,2859852.0,0.0
224,2022,대전교통공사,41129.0,146.0,0.0,48662.0,0.0,89937.0,2586.0,58488.0,24529.0,0.0,23.0,0.0,83040.0,2586.0,123.0,0.0,8319.0,0.0,8442.0,1843.0,5743.0,0.0,0.0,1663.0,7406.0,1393.0
225,2022,광주교통공사,25497.0,551.0,0.0,56092.0,0.0,82140.0,1835.0,45716.0,29920.0,1.0,640.0,0.0,76277.0,1835.0,0.0,0.0,0.0,1318.0,1318.0,12765.0,4466.0,44.0,0.0,1952.0,6462.0,4162.0
226,2022,인천교통공사,229351.0,1019.0,113140.0,6183.0,0.0,349693.0,6626.0,174886.0,161829.0,2383.0,7935.0,0.0,347033.0,6588.0,342.0,10000.0,35673.0,3389.0,49404.0,61817.0,8930.0,0.0,0.0,4051.0,12981.0,45116.0
227,2022,대구교통공사,168866.0,853.0,138651.0,3506.0,0.0,311876.0,7644.0,199606.0,128645.0,5471.0,159.0,0.0,333881.0,7644.0,0.0,159000.0,84937.0,57544.0,301481.0,10311.0,29654.0,705.0,0.0,160831.0,191190.0,6929.0
228,2022,부산교통공사,250815.0,1426.0,302686.0,8928.0,0.0,563855.0,8435.0,322564.0,254748.0,8104.0,2242.0,0.0,587658.0,8435.0,0.0,362000.0,74531.0,190352.0,626883.0,186456.0,180107.0,0.0,189413.0,42032.0,411552.0,92438.0
229,2022,진주시공영개발,35075.0,1592.0,0.0,30.0,0.0,36697.0,0.0,0.0,31.0,0.0,0.0,0.0,31.0,0.0,0.0,0.0,0.0,170294.0,170294.0,256.0,176.0,0.0,0.0,0.0,176.0,98.0
230,2022,창원시주택건설사업,1990.0,66.0,0.0,34.0,0.0,2090.0,0.0,249.0,740.0,0.0,0.0,0.0,989.0,0.0,0.0,1342.0,300.0,3235.0,4877.0,0.0,801.0,0.0,863.0,3259.0,4923.0,0.0
231,2022,광양시공영개발,0.0,75.0,0.0,0.0,0.0,75.0,0.0,130.0,44.0,0.0,0.0,0.0,174.0,0.0,4549.0,0.0,0.0,12278.0,16827.0,13.0,0.0,0.0,0.0,16633.0,16633.0,13.0
232,2022,순천시공영개발,0.0,870.0,0.0,120.0,0.0,990.0,0.0,207.0,111.0,0.0,0.0,0.0,318.0,0.0,0.0,0.0,0.0,0.0,0.0,0.0,0.0,0.0,0.0,0.0,0.0,455.0
233,2022,목포시공영개발,1.0,47.0,0.0,0.0,0.0,48.0,0.0,153.0,204.0,0.0,0.0,0.0,357.0,0.0,410.0,0.0,0.0,0.0,410.0,0.0,0.0,0.0,0.0,0.0,0.0,0.0
234,2022,익산시공영개발,18599.0,137.0,460.0,3716.0,0.0,22912.0,0.0,202.0,118.0,0.0,0.0,0.0,320.0,0.0,0.0,0.0,0.0,3610.0,3610.0,5153.0,3648.0,0.0,0.0,11000.0,14648.0,2723.0
235,2022,계룡시공영개발,9340.0,273.0,3000.0,1.0,0.0,12614.0,0.0,0.0,36.0,0.0,0.0,0.0,36.0,0.0,0.0,0.0,0.0,15570.0,15570.0,278.0,0.0,0.0,0.0,26388.0,26388.0,0.0
236,2022,세종특별자치시공영개발,8.0,119.0,0.0,5953.0,0.0,6080.0,0.0,0.0,1683.0,0.0,0.0,0.0,1683.0,0.0,0.0,0.0,3222.0,3704.0,6926.0,9799.0,0.0,0.0,0.0,0.0,0.0,7358.0
237,2022,아산시공영개발,0.0,7.0,185.0,0.0,0.0,192.0,0.0,0.0,201.0,0.0,0.0,0.0,201.0,0.0,0.0,0.0,373.0,313.0,686.0,0.0,0.0,0.0,0.0,264.0,264.0,0.0
238,2022,천안시공영개발,145.0,6627.0,0.0,0.0,0.0,6772.0,0.0,9.0,39.0,0.0,0.0,0.0,48.0,0.0,0.0,0.0,103379.0,0.0,103379.0,0.0,0.0,0.0,0.0,108901.0,108901.0,0.0
239,2022,음성군공영개발,81.0,86.0,2000.0,48.0,0.0,2215.0,0.0,0.0,0.0,44.0,13.0,0.0,57.0,7.0,0.0,0.0,0.0,33.0,33.0,0.0,0.0,0.0,0.0,15.0,15.0,1445.0
240,2022,충주시공영개발,7739.0,88.0,7487.0,58.0,0.0,15372.0,8.0,301.0,139.0,0.0,0.0,0.0,440.0,8.0,0.0,0.0,1425.0,12344.0,13769.0,731.0,22876.0,0.0,0.0,0.0,22876.0,367.0
241,2022,강릉시공영개발,1451.0,134.0,108.0,99.0,0.0,1792.0,9.0,138.0,95.0,0.0,0.0,0.0,233.0,9.0,203.0,0.0,8222.0,0.0,8425.0,18.0,0.0,0.0,0.0,3715.0,3715.0,18.0
242,2022,원주시공영개발,23043.0,416.0,0.0,18.0,0.0,23477.0,0.0,179.0,26.0,0.0,0.0,0.0,205.0,0.0,130.0,0.0,0.0,5870.0,6000.0,24027.0,5648.0,0.0,0.0,22100.0,27748.0,0.0
243,2022,춘천시공영개발,31.0,200.0,0.0,290.0,0.0,521.0,0.0,0.0,34.0,0.0,0.0,0.0,34.0,0.0,0.0,0.0,3539.0,10.0,3549.0,6246.0,587.0,1756.0,0.0,0.0,2343.0,1483.0
244,2022,경기도판교테크노밸리조성사업,37.0,1044.0,0.0,7721.0,0.0,8802.0,15.0,0.0,10843.0,0.0,0.0,0.0,10843.0,15.0,0.0,0.0,0.0,22752.0,22752.0,0.0,0.0,0.0,0.0,18824.0,18824.0,0.0
245,2022,안성시공영개발,4089.0,699.0,0.0,0.0,1.0,4789.0,0.0,250.0,27.0,0.0,0.0,0.0,277.0,0.0,0.0,0.0,0.0,0.0,0.0,67821.0,0.0,0.0,0.0,69338.0,69338.0,0.0
246,2022,의왕시공영개발,0.0,191.0,0.0,10.0,0.0,201.0,0.0,649.0,284.0,0.0,0.0,0.0,933.0,0.0,0.0,0.0,0.0,5325.0,5325.0,0.0,542.0,0.0,0.0,0.0,542.0,379.0
247,2022,시흥시공영개발,13707.0,2684.0,0.0,88.0,0.0,16479.0,153.0,1328.0,378.0,0.0,0.0,0.0,1706.0,20.0,1.0,0.0,12734.0,254038.0,266773.0,19283.0,0.0,0.0,0.0,102466.0,102466.0,14818.0
248,2022,의정부시공영개발,1928.0,175.0,0.0,2000.0,0.0,4103.0,0.0,453.0,0.0,0.0,0.0,0.0,453.0,0.0,0.0,0.0,39987.0,7630.0,47617.0,0.0,40045.0,0.0,0.0,9306.0,49351.0,0.0
249,2022,성남시공영개발,471.0,765.0,0.0,86.0,0.0,1322.0,0.0,1553.0,867.0,0.0,2.0,0.0,2422.0,0.0,0.0,0.0,81941.0,265.0,82206.0,105.0,246.0,0.0,0.0,9348.0,9594.0,64.0
250,2022,제주특별자치도하수도,63841.0,531.0,18894.0,1260.0,0.0,84526.0,0.0,10693.0,58596.0,4893.0,0.0,201.0,74383.0,448.0,0.0,41100.0,153776.0,59290.0,254166.0,153776.0,86462.0,120.0,54768.0,23776.0,165126.0,13631.0
251,2022,창녕군하수도,1188.0,184.0,4711.0,2111.0,0.0,8194.0,0.0,0.0,5247.0,0.0,0.0,0.0,5247.0,0.0,0.0,0.0,18623.0,6908.0,25531.0,3475.0,8070.0,0.0,0.0,3.0,8073.0,2658.0
252,2022,양산시하수도,24913.0,497.0,3117.0,125.0,0.0,28652.0,340.0,907.0,22668.0,0.0,0.0,4.0,23579.0,0.0,0.0,0.0,1196.0,35495.0,36691.0,2587.0,2466.0,0.0,0.0,0.0,2466.0,2203.0
253,2022,밀양시하수도,6823.0,149.0,7814.0,33.0,0.0,14819.0,0.0,567.0,8184.0,0.0,0.0,0.0,8751.0,0.0,0.0,0.0,22855.0,13.0,22868.0,8355.0,11568.0,0.0,0.0,8587.0,20155.0,6374.0
254,2022,통영시하수도,3059.0,5.0,0.0,10.0,0.0,3074.0,0.0,0.0,2185.0,0.0,0.0,0.0,2185.0,0.0,0.0,0.0,1663.0,0.0,1663.0,371.0,2505.0,0.0,0.0,47.0,2552.0,366.0
255,2022,거창군하수도,1261.0,158.0,9287.0,3.0,0.0,10709.0,0.0,282.0,9114.0,0.0,0.0,0.0,9396.0,0.0,0.0,0.0,11455.0,3972.0,15427.0,7567.0,11137.0,0.0,0.0,2.0,11139.0,5531.0
256,2022,사천시하수도,9527.5,54.9,1023.4,205.2,0.0,10811.0,0.0,121.7,8795.2,0.0,0.0,5.2,8922.100000000002,0.0,0.0,0.0,6611.9,0.0,6611.9,784.6,2700.5,0.0,0.0,0.0,2700.5,747.4
257,2022,김해시하수도,43810.0,1223.0,6685.0,211.0,0.0,51929.0,0.0,2081.0,28067.0,0.0,0.0,0.0,30148.0,0.0,13.0,0.0,43570.0,69524.0,113107.0,35571.0,32195.0,0.0,0.0,21053.0,53248.0,28238.0
258,2022,진주시하수도,18364.0,260.0,15955.0,66.0,0.0,34645.0,0.0,4222.0,35645.0,0.0,0.0,25.0,39892.0,0.0,6.0,0.0,25244.0,13021.0,38271.0,25244.0,5181.0,0.0,0.0,0.0,5181.0,9544.0
259,2022,창원시하수도,68229.0,378.0,1193.0,2085.0,0.0,71885.0,402.0,9575.0,62709.0,0.0,392.0,0.0,72676.0,228.0,45.0,0.0,22777.0,11482.0,34304.0,44929.0,19010.0,0.0,0.0,19.0,19029.0,28166.0
260,2022,영주시하수도,2696.0,89.0,6499.0,10.0,0.0,9294.0,0.0,1464.0,15261.0,0.0,0.0,0.0,16725.0,0.0,0.0,0.0,10906.0,5999.0,16905.0,1035.0,3293.0,0.0,0.0,153.0,3446.0,912.0
261,2022,상주시하수도,1823.0,63.0,1672.0,24.0,0.0,3582.0,0.0,325.0,8563.0,0.0,0.0,0.0,8888.0,117.0,0.0,0.0,26880.0,0.0,26880.0,26880.0,2636.0,0.0,10918.0,0.0,13554.0,4506.0
262,2022,경산시하수도,16596.0,94.0,4968.0,154.0,0.0,21812.0,604.0,735.0,18083.0,0.0,3.0,0.0,18821.0,585.0,0.0,0.0,34680.0,11912.0,46592.0,4794.0,26650.0,0.0,0.0,7572.0,34222.0,3952.0
263,2022,영천시하수도,4764.0,99.0,7033.0,86.0,0.0,11982.0,0.0,2120.0,8554.0,0.0,0.0,0.0,10674.0,36.0,0.0,0.0,26138.0,171.0,26309.0,26138.0,13897.0,0.0,0.0,0.0,13897.0,9844.0
264,2022,안동시하수도,9112.0,191.0,4045.0,71.0,0.0,13419.0,14.0,679.0,12647.0,0.0,0.0,0.0,13326.0,14.0,0.0,0.0,20464.0,15223.0,35687.0,2771.0,7796.0,0.0,0.0,9907.0,17703.0,1525.0
265,2022,구미시하수도,56011.0,522.0,4995.0,467.0,15.0,62010.0,696.0,1082.0,42023.0,0.0,0.0,7.0,43112.0,686.0,0.0,0.0,0.0,107996.0,107996.0,11520.0,32136.0,0.0,0.0,76000.0,108136.0,7564.0
266,2022,경주시하수도,13528.0,82.0,12048.0,16.0,0.0,25674.0,229.0,3001.0,26927.0,0.0,27.0,0.0,29955.0,75.0,0.0,0.0,39717.0,1210.0,40927.0,8141.0,8873.0,0.0,13872.0,1001.0,23746.0,6461.0
267,2022,영암군하수도,105.0,42.0,4450.0,642.0,0.0,5239.0,15846.0,1435.0,5418.0,0.0,0.0,1.0,6854.0,5190.0,0.0,0.0,15846.0,0.0,15846.0,15846.0,17136.0,0.0,0.0,0.0,17136.0,5190.0
268,2022,나주시하수도,2550.0,44.0,5679.0,5.0,0.0,8278.0,0.0,887.0,9843.0,0.0,0.0,0.0,10730.0,0.0,0.0,0.0,22258.0,2895.0,25153.0,3258.0,650.0,0.0,0.0,15237.0,15887.0,2811.0
269,2022,순천시하수도,24424.0,493.0,2212.0,592.0,0.0,27721.0,0.0,2461.0,9284.0,0.0,526.0,8.0,12279.0,0.0,0.0,0.0,21692.0,41706.0,63398.0,4918.0,24134.0,6874.0,0.0,24000.0,55008.0,3675.0
270,2022,목포시하수도,18985.0,87.0,1960.0,170.0,173.0,21375.0,0.0,5420.0,13996.0,4524.0,32.0,19512.0,43484.0,0.0,85.0,0.0,31043.0,22743.0,53871.0,4553.0,25365.0,0.0,0.0,382.0,25747.0,2507.0
271,2022,정읍시하수도,11176.0,37.0,7816.0,27.0,3.0,19059.0,0.0,740.0,15235.0,0.0,0.0,560.0,16535.0,21.0,0.0,0.0,14073.0,2779.0,16852.0,5036.0,7489.0,0.0,0.0,159.0,7648.0,3786.0
272,2022,익산시하수도,0.0,0.0,0.0,0.0,0.0,0.0,0.0,2210.0,34280.0,0.0,0.0,0.0,36490.0,0.0,0.0,0.0,0.0,0.0,0.0,0.0,12586.0,0.0,0.0,0.0,12586.0,13055.0
273,2022,완주군하수도,3905.0,47.0,0.0,0.0,0.0,3952.0,0.0,718.0,3029.0,0.0,0.0,0.0,3747.0,0.0,0.0,0.0,0.0,1005.0,1005.0,498.0,1728.0,0.0,0.0,0.0,1728.0,416.0
274,2022,전주시하수도,60972.0,443.0,0.0,7.0,0.0,61422.0,0.0,2402.0,30315.0,0.0,200.0,3.0,32920.0,0.0,0.0,0.0,41530.0,0.0,41530.0,59055.0,17301.0,0.0,0.0,9814.0,27115.0,28608.0
275,2022,서산시하수도,9338.0,205.0,3623.0,26.0,0.0,13192.0,3238.0,274.0,14707.0,0.0,0.0,0.0,14981.0,2769.0,0.0,0.0,28522.0,17954.0,46476.0,5596.0,46.0,21605.0,0.0,0.0,21651.0,4028.0
276,2022,아산시하수도,21462.0,816.0,899.0,53.0,0.0,23230.0,0.0,1048.0,3046.0,0.0,5.0,0.0,4099.0,0.0,16500.0,0.0,8155.0,9800.0,34455.0,1983.0,8146.0,0.0,0.0,27629.0,35775.0,1983.0
277,2022,천안시하수도,54034.0,1703.0,1036.0,705.0,0.0,57478.0,0.0,2915.0,36405.0,0.0,40.0,0.0,39360.0,87.0,0.0,0.0,101361.0,0.0,101361.0,56173.0,2198.0,0.0,14703.0,16171.0,33072.0,25224.0
278,2022,공주시하수도,3022.0,32.0,8000.0,288.0,0.0,11342.0,376.0,472.0,11408.0,48.0,0.0,0.0,11928.0,121.0,0.0,0.0,24782.0,2955.0,27737.0,6944.0,4389.0,0.0,0.0,14003.0,18392.0,3811.0
279,2022,청주시하수도,104134.0,699.0,5396.0,129.0,0.0,110358.0,314.0,4083.0,63890.0,0.0,110.0,0.0,68083.0,314.0,0.0,0.0,108400.0,9080.0,117480.0,22636.0,9945.0,0.0,2277.0,125914.0,138136.0,8291.0
280,2022,속초시하수도,10878.0,37.0,37.0,210.0,0.0,11162.0,0.0,1827.0,5799.0,0.0,0.0,2.0,7628.0,20.0,0.0,0.0,11249.0,59.0,11308.0,11249.0,11323.0,0.0,0.0,0.0,11323.0,2247.0
281,2022,춘천시하수도,15252.0,300.0,1506.0,300.0,0.0,17358.0,15709.0,168.0,25154.0,0.0,0.0,0.0,25322.0,15709.0,0.0,0.0,17213.0,0.0,17213.0,77501.0,7175.0,0.0,7970.0,0.0,15145.0,78011.0
282,2022,가평군하수도,6273.0,84.0,8785.0,1300.0,0.0,16442.0,669.0,1279.0,11814.0,0.0,0.0,13.0,13106.0,373.0,0.0,0.0,20315.0,7359.0,27674.0,0.0,4329.0,18.0,0.0,20164.0,24511.0,0.0
283,2022,김포시하수도,31198.0,150.0,0.0,88.0,0.0,31436.0,0.0,777.0,31091.0,0.0,18.0,0.0,31886.0,0.0,0.0,0.0,52326.0,7364.0,59690.0,5078.0,2498.0,0.0,0.0,37876.0,40374.0,2913.0
284,2022,안양시하수도,52936.0,2010.0,0.0,86.0,0.0,55032.0,0.0,2288.0,39870.0,0.0,0.0,8.0,42166.0,0.0,1000.0,0.0,7473.0,87829.0,96302.0,12252.0,14564.0,0.0,0.0,40000.0,54564.0,12252.0
285,2022,평택시하수도,46462.0,377.0,505.0,537.0,0.0,47881.0,356.0,1159.0,30112.0,0.0,7.0,0.0,31278.0,356.0,0.0,0.0,57436.0,16329.0,73765.0,27855.0,39812.0,0.0,0.0,20243.0,60055.0,20066.0
286,2022,광주시하수도,39941.0,633.0,25400.0,5347.0,0.0,71321.0,0.0,1291.0,43973.0,0.0,920.0,0.0,46184.0,5291.0,0.0,0.0,41690.0,6938.0,48628.0,67777.0,2843.0,0.0,0.0,68969.0,71812.0,8947.0
287,2022,안성시하수도,10508.0,252.0,12183.0,4948.0,0.0,27891.0,0.0,932.0,22467.0,0.0,1190.0,3.0,24592.0,666.0,0.0,0.0,13465.0,14868.0,28333.0,6301.0,5315.0,0.0,0.0,0.0,5315.0,960.0
288,2022,남양주시하수도,43403.0,695.0,23475.0,2132.0,0.0,69705.0,3785.0,1827.0,54787.0,0.0,9643.0,0.0,66257.0,3105.0,0.0,0.0,9939.0,37413.0,47352.0,11764.0,7475.0,0.0,0.0,5612.0,13087.0,9709.0
289,2022,의왕시하수도,17809.0,184.0,50.0,65.0,0.0,18108.0,0.0,706.0,10855.0,0.0,39.0,0.0,11600.0,181.0,0.0,0.0,3994.0,18514.0,22508.0,19156.0,1902.0,0.0,0.0,0.0,1902.0,9884.0
290,2022,용인시하수도,69343.0,478.0,11145.0,557.0,0.0,81523.0,165.0,4366.0,82550.0,0.0,124.0,0.0,87040.0,150.0,85.0,0.0,49546.0,61476.0,111107.0,21067.0,6856.0,0.0,0.0,28791.0,35647.0,9404.0
291,2022,군포시하수도,14735.0,568.0,810.0,8.0,0.0,16121.0,13.0,1115.0,15847.0,0.0,13.0,0.0,16975.0,13.0,0.0,0.0,6271.0,33824.0,40095.0,2533.0,1568.0,0.0,0.0,10.0,1578.0,1285.0
292,2022,여주시하수도,1719.0,38.0,18430.0,63.0,36.0,20286.0,0.0,964.0,14834.0,0.0,0.0,0.0,15798.0,21.0,0.0,0.0,2184.0,1839.0,4023.0,2681.0,1053.0,0.0,0.0,4376.0,5429.0,1999.0
293,2022,오산시하수도,27983.0,443.0,0.0,74.0,0.0,28500.0,10978.0,2151.0,20179.0,0.0,1.0,2.0,22333.0,0.0,0.0,0.0,4705.0,41166.0,45871.0,0.0,2789.0,171.0,0.0,613.0,3573.0,7681.0
294,2022,포천시하수도,12028.0,361.0,12360.0,430.0,0.0,25179.0,274.0,854.0,17358.0,0.0,61.0,0.0,18273.0,253.0,0.0,0.0,43901.0,10452.0,54353.0,8403.0,35932.0,0.0,0.0,9025.0,44957.0,6629.0
295,2022,시흥시하수도,45944.0,209.0,540.0,215.0,0.0,46908.0,2100.0,1489.0,38741.0,0.0,0.0,2.0,40232.0,1588.0,0.0,0.0,24423.0,25927.0,50350.0,11394.0,291.0,26884.0,0.0,8392.0,35567.0,9049.0
296,2022,구리시하수도,22627.0,1065.0,9617.0,176.0,0.0,33485.0,691.0,1542.0,15637.0,0.0,0.0,0.0,17179.0,684.0,11.0,0.0,7877.0,23433.0,31321.0,12455.0,1882.0,0.0,0.0,21322.0,23204.0,5317.0
297,2022,성남시하수도,45117.0,190.0,500.0,219.0,0.0,46026.0,8016.0,4068.0,37483.0,0.0,6.0,0.0,41557.0,158.0,0.0,0.0,32138.0,24040.0,56178.0,0.0,10035.0,0.0,0.0,8.0,10043.0,7203.0
298,2022,과천시하수도,5767.0,58.0,0.0,0.0,0.0,5825.0,0.0,1190.0,4109.0,0.0,0.0,0.0,5299.0,0.0,0.0,0.0,1538.0,1696.0,3234.0,476.0,640.0,0.0,0.0,871.0,1511.0,471.0
299,2022,안산시하수도,67639.0,543.0,787.0,202.0,0.0,69171.0,0.0,3034.0,37685.0,0.0,3.0,0.0,40722.0,0.0,0.0,0.0,22546.0,45525.0,68071.0,20374.0,23086.0,0.0,0.0,102.0,23188.0,14556.0
300,2022,부천시하수도,66877.0,4485.0,10.0,1118.0,0.0,72490.0,0.0,3345.0,35260.0,0.0,483.0,158.0,39246.0,0.0,20165.0,0.0,17247.0,0.0,37412.0,17247.0,22453.0,0.0,0.0,0.0,22453.0,4150.0
301,2022,광명시하수도,15983.0,158.0,60.0,804.0,0.0,17005.0,0.0,986.0,11412.0,0.0,0.0,1.0,12399.0,0.0,1.0,0.0,2403.0,10169.0,12573.0,2987.0,2599.0,0.0,0.0,0.0,2599.0,2231.0
302,2022,의정부시하수도,25623.0,212.0,656.0,368.0,0.0,26859.0,0.0,3362.0,18287.0,0.0,0.0,0.0,21649.0,12.0,0.0,0.0,14606.0,0.0,14606.0,14606.0,13319.0,0.0,0.0,0.0,13319.0,8126.0
303,2022,수원시하수도,77041.0,811.0,3126.0,3777.0,0.0,84755.0,0.0,2981.0,53206.0,0.0,2468.0,0.0,58655.0,0.0,0.0,0.0,67175.0,39691.0,106866.0,26356.0,16692.0,0.0,0.0,19602.0,36294.0,21010.0
304,2022,울산광역시하수도,157951.0,146.0,854.0,1972.0,0.0,160923.0,1051.0,7359.0,97144.0,0.0,0.0,120.0,104623.0,1009.0,10.0,5000.0,36539.0,3494.0,45043.0,16397.0,73478.0,0.0,0.0,0.0,73478.0,13079.0
305,2022,대전광역시하수도,88776.0,1151.0,6855.0,4415.0,0.0,101197.0,34.0,1193.0,81598.0,0.0,0.0,0.0,82791.0,34.0,33075.0,0.0,20476.0,8230.0,61781.0,61786.0,31331.0,0.0,0.0,2493.0,33824.0,21655.0
306,2022,광주광역시하수도,95864.0,249.0,10182.0,1024.0,0.0,107319.0,0.0,1176.0,58254.0,0.0,0.0,0.0,59430.0,0.0,0.0,0.0,0.0,59129.0,59129.0,11200.0,1069.0,0.0,0.0,59434.0,60503.0,0.0
307,2022,인천광역시하수도,205293.0,528.0,1573.0,1732.0,0.0,209126.0,11712.0,1367.0,146306.0,306.0,0.0,0.0,147979.0,3095.0,0.0,0.0,30547.0,16175.0,46722.0,11712.0,15398.0,0.0,0.0,67173.0,82571.0,3095.0
308,2022,대구광역시하수도,166830.0,3001.0,28536.0,2528.0,0.0,200895.0,38.0,885.0,119147.0,0.0,183.0,0.0,120215.0,38.0,20000.0,0.0,70711.0,9108.0,99819.0,48790.0,4720.0,26969.0,0.0,51010.0,82699.0,33136.0
309,2022,부산광역시하수도,243056.0,1079.0,412.0,12670.0,0.0,257217.0,248.0,1974.0,133086.0,0.0,0.0,0.0,135060.0,248.0,0.0,0.0,98450.0,19175.0,117625.0,98755.0,77886.0,0.0,42951.0,6453.0,127290.0,80291.0
310,2022,제주특별자치도상수도,86971.0,454.0,3228.0,1109.0,0.0,91762.0,0.0,13073.0,42686.0,2197.0,0.0,49.0,58005.0,33.0,16.0,38900.0,67338.0,12085.0,118339.0,23519.0,92545.0,1007.0,18283.0,804.0,112639.0,17538.0
311,2022,거창군상수도,6007.0,38.0,1328.0,30.0,0.0,7403.0,0.0,1335.0,3374.0,0.0,0.0,0.0,4709.0,0.0,0.0,0.0,18250.0,2722.0,20972.0,1542.0,6809.0,8294.0,0.0,2.0,15105.0,1223.0
312,2022,창녕군상수도,8369.0,66.0,0.0,21.0,0.0,8456.0,0.0,659.0,7835.0,0.0,0.0,0.0,8494.0,0.0,0.0,0.0,0.0,7378.0,7378.0,0.0,478.0,0.0,0.0,0.0,478.0,0.0
313,2022,양산시상수도,34622.0,312.0,206.0,266.0,0.0,35406.0,0.0,4803.0,33123.0,0.0,17.0,0.0,37943.0,0.0,0.0,0.0,47.0,21431.0,21478.0,1012.0,3600.0,0.0,0.0,1.0,3601.0,0.0
314,2022,거제시상수도,20851.0,67.0,420.0,109.0,0.0,21447.0,0.0,499.0,22467.0,201.0,0.0,18.0,23185.0,1237.0,0.0,0.0,16618.0,4618.0,21236.0,1732.0,321.0,0.0,1017.0,13895.0,15233.0,1237.0
315,2022,밀양시상수도,9213.0,41.0,18.0,1.0,0.0,9273.0,0.0,1721.0,9889.0,0.0,0.0,0.0,11610.0,0.0,0.0,0.0,39555.0,0.0,39555.0,10406.0,32384.0,0.0,0.0,0.0,32384.0,9761.0
316,2022,김해시상수도,55367.0,553.0,809.0,465.0,0.0,57194.0,0.0,7311.0,23721.0,0.0,40.0,0.0,31072.0,248.0,0.0,0.0,0.0,39265.0,39265.0,31150.0,17938.0,0.0,0.0,6263.0,24201.0,22731.0
317,2022,사천시상수도,14908.0,25.0,705.0,92.0,0.0,15730.0,0.0,267.0,15148.0,0.0,1.0,0.0,15416.0,0.0,332.0,0.0,2341.0,0.0,2673.0,3279.0,3304.0,0.0,0.0,0.0,3304.0,776.0
318,2022,통영시상수도,14520.0,18.0,0.0,141.0,0.0,14679.0,0.0,366.0,15456.0,0.0,0.0,0.0,15822.0,0.0,0.0,0.0,976.0,0.0,976.0,976.0,13.0,0.0,0.0,0.0,13.0,0.0
319,2022,진주시상수도,27816.0,185.0,4199.0,207.0,0.0,32407.0,0.0,5627.0,16694.0,0.0,0.0,10.0,22331.0,0.0,0.0,0.0,10010.0,26333.0,36343.0,10544.0,15256.0,0.0,0.0,5124.0,20380.0,5403.0
320,2022,창원시상수도,78387.0,312.0,16506.0,1958.0,0.0,97163.0,0.0,14025.0,50454.0,0.0,0.0,0.0,64479.0,454.0,0.0,0.0,18927.0,0.0,18927.0,18927.0,12091.0,0.0,0.0,0.0,12091.0,17274.0
321,2022,경산시상수도,29991.0,226.0,3074.0,90.0,0.0,33381.0,573.0,4061.0,20151.0,0.0,1.0,0.0,24213.0,497.0,11368.0,0.0,19045.0,5407.0,35820.0,15151.0,30157.0,0.0,0.0,50.0,30207.0,9113.0
322,2022,문경시상수도,8519.0,70.0,2028.0,179.0,0.0,10796.0,0.0,2770.0,5570.0,0.0,0.0,0.0,8340.0,0.0,0.0,0.0,30078.0,3910.0,33988.0,0.0,9247.0,11634.0,0.0,0.0,20881.0,0.0
323,2022,상주시상수도,9821.0,194.0,100.0,15.0,62.0,10192.0,62.0,1948.0,5455.0,0.0,0.0,0.0,7403.0,0.0,0.0,0.0,53308.0,0.0,53308.0,53308.0,19379.0,0.0,0.0,0.0,19379.0,24501.0
324,2022,칠곡군상수도,12397.0,55.0,3494.0,30.0,0.0,15976.0,98.0,1963.0,12780.0,0.0,2098.0,0.0,16841.0,97.0,0.0,0.0,15592.0,1589.0,17181.0,1553.0,3619.0,0.0,0.0,8785.0,12404.0,1318.0
325,2022,울진군상수도,4242.0,68.0,2901.0,111.0,0.0,7322.0,105.0,1644.0,4159.0,0.0,0.0,0.0,5803.0,81.0,0.0,0.0,9094.0,0.0,9094.0,3593.0,4112.0,0.0,0.0,0.0,4112.0,2774.0
326,2022,영천시상수도,13096.0,61.0,4442.0,1.0,0.0,17600.0,0.0,2517.0,12367.0,0.0,0.0,17.0,14901.0,0.0,0.0,0.0,35557.0,3312.0,38869.0,6321.0,30862.0,0.0,0.0,4.0,30866.0,4735.0
327,2022,영주시상수도,10074.0,76.0,95.0,68.0,0.0,10313.0,0.0,2576.0,5979.0,0.0,0.0,0.0,8555.0,0.0,0.0,0.0,0.0,0.0,0.0,0.0,0.0,0.0,0.0,0.0,0.0,0.0
328,2022,구미시상수도,58212.0,136.0,3478.0,75.0,8.0,61909.0,522.0,5265.0,40042.0,60.0,0.0,0.0,45367.0,522.0,8.0,0.0,4785.0,11928.0,16721.0,9108.0,5218.0,0.0,0.0,10004.0,15222.0,5696.0
329,2022,안동시상수도,25274.0,443.0,1555.0,65.0,0.0,27337.0,115.0,3295.0,9149.0,0.0,2.0,0.0,12446.0,63.0,6.0,0.0,38661.0,18827.0,57494.0,9211.0,11501.0,12.0,0.0,9916.0,21429.0,7939.0
330,2022,김천시상수도,12948.0,104.0,2224.0,7.0,0.0,15283.0,3.0,2067.0,8081.0,0.0,1.0,0.0,10149.0,3.0,0.0,0.0,21893.0,7733.0,29626.0,7773.0,9240.0,0.0,0.0,12457.0,21697.0,5455.0
331,2022,경주시상수도,35331.0,200.0,1400.0,261.0,415.0,37607.0,3118.0,6234.0,31441.0,0.0,300.0,10.0,37985.0,3118.0,0.0,0.0,31819.0,1273.0,33092.0,9357.0,32320.0,0.0,0.0,394.0,32714.0,9357.0
332,2022,포항시상수도,52073.0,33.0,1950.0,240.0,0.0,54296.0,0.0,9398.0,37368.0,0.0,13.0,0.0,46779.0,0.0,0.0,0.0,27533.0,6829.0,34362.0,3153.0,30503.0,0.0,0.0,0.0,30503.0,2513.0
333,2022,영암군상수도,10469.0,37.0,3693.0,173.0,0.0,14372.0,20513.0,2311.0,9660.0,0.0,0.0,0.7,11971.7,2869.0,0.0,0.0,20513.0,0.0,20513.0,20513.0,11056.0,0.0,0.0,0.0,11056.0,2869.0
334,2022,광양시상수도,14411.0,93.0,497.0,315.0,0.0,15316.0,0.0,2357.0,8107.0,0.0,0.0,5.0,10469.0,0.0,0.0,0.0,15551.0,1075.0,16626.0,13725.0,12551.0,0.0,0.0,646.0,13197.0,8161.0
335,2022,나주시상수도,11597.0,51.0,2074.0,7.0,0.0,13729.0,0.0,257.0,14759.0,0.0,0.0,0.0,15016.0,0.0,0.0,0.0,12732.0,2111.0,14843.0,5052.0,4470.0,0.0,0.0,676.0,5146.0,4457.0
336,2022,순천시상수도,25407.0,374.0,381.0,857.0,0.0,27019.0,35.0,2019.0,12138.0,0.0,0.0,4.0,14161.0,34.0,0.0,0.0,11278.0,10535.0,21813.0,25334.0,8601.0,3511.0,0.0,0.0,12112.0,13780.0
337,2022,여수시상수도,31000.0,496.0,348.0,40.0,339.0,32223.0,339.0,4985.0,24827.0,0.0,223.0,0.0,30035.0,582.0,5500.0,1050.0,37894.0,0.0,44444.0,37894.0,16649.0,0.0,0.0,0.0,16649.0,12054.0
338,2022,목포시상수도,18188.0,225.0,320.0,45.0,0.0,18778.0,0.0,3013.0,14907.0,0.0,0.0,3.0,17923.0,22.0,35.0,0.0,12270.0,1146.0,13451.0,8314.0,3543.0,0.0,0.0,1517.0,5060.0,7259.0
339,2022,고창군상수도,4927.0,18.0,5240.0,0.0,22.0,10207.0,0.0,9338.0,0.0,0.0,0.0,0.0,9338.0,0.0,0.0,0.0,6736.0,585.0,7321.0,0.0,1762.0,0.0,0.0,0.0,1762.0,0.0
340,2022,완주군상수도,5029.0,49.0,0.0,0.0,0.0,5078.0,0.0,664.0,3010.0,0.0,2.0,0.0,3676.0,0.0,0.0,0.0,7.0,0.0,7.0,644.0,674.0,0.0,0.0,0.0,674.0,0.0
341,2022,김제시상수도,10880.0,49.0,774.0,72.0,0.0,11775.0,2570.0,1686.0,7377.0,0.0,0.0,0.0,9063.0,0.0,0.0,0.0,16168.0,2756.0,18924.0,0.0,1956.0,0.0,0.0,11866.0,13822.0,0.0
342,2022,남원시상수도,7154.0,205.0,90.0,208.0,0.0,7657.0,7.0,2180.0,5881.0,0.0,0.0,0.0,8061.0,7.0,0.0,0.0,22584.0,732.0,23316.0,8315.0,7830.0,0.0,0.0,0.0,7830.0,6665.0
343,2022,정읍시상수도,14974.0,7.0,3889.0,49.0,447.0,19366.0,0.0,1004.0,16018.0,0.0,0.0,0.0,17022.0,18.0,0.0,0.0,5884.0,1412.0,7296.0,256.0,6613.0,0.0,0.0,0.0,6613.0,236.0
344,2022,익산시상수도,29083.0,93.0,2038.0,281.0,0.0,31495.0,0.0,3783.0,20929.0,0.0,0.0,0.0,24712.0,0.0,0.0,0.0,14738.0,1777.0,16515.0,8718.0,20604.0,0.0,0.0,0.0,20604.0,3810.0
345,2022,군산시상수도,47073.0,580.0,689.0,105.0,0.0,48447.0,0.0,3816.0,35430.0,0.0,0.0,0.0,39246.0,0.0,4442.0,0.0,15320.0,6123.0,25885.0,290.0,2953.0,0.0,0.0,19815.0,22768.0,283.0
346,2022,전주시상수도,70909.0,61.0,3029.0,381.0,0.0,74380.0,605.0,6598.0,47133.0,145.0,0.0,0.0,53876.0,587.0,203.0,0.0,8310.0,7624.0,16137.0,10106.0,5383.0,0.0,3406.0,16434.0,25223.0,9234.0
347,2022,홍성군상수도,12120.0,5.0,120.0,0.0,0.0,12245.0,0.0,613.0,8581.0,0.0,0.0,0.0,9194.0,0.0,0.0,0.0,0.0,6367.0,6367.0,554.0,571.0,0.0,0.0,4463.0,5034.0,467.0
348,2022,당진시상수도,31719.0,479.0,758.0,20.0,0.0,32976.0,0.0,2510.0,37297.0,0.0,0.0,0.0,39807.0,75.0,0.0,0.0,50178.0,2490.0,52668.0,8128.0,6624.0,0.0,0.0,1.0,6625.0,6375.0
349,2022,예산군상수도,7792.0,32.0,1373.0,21.0,0.0,9218.0,26.0,1631.0,0.0,0.0,0.0,0.0,1631.0,641.0,6.0,0.0,100.0,0.0,106.0,1009.0,1450.0,0.0,0.0,0.0,1450.0,0.0
350,2022,논산시상수도,17367.0,40.0,2302.0,11.0,0.0,19720.0,0.0,543.0,19090.0,0.0,87.0,0.0,19720.0,0.0,0.0,0.0,6658.0,15050.0,21708.0,11000.0,13626.0,3005.0,0.0,5077.0,21708.0,11000.0
351,2022,서산시상수도,22857.0,102.0,3051.0,16.0,0.0,26026.0,0.0,616.0,21279.0,0.0,44.0,0.0,21939.0,0.0,0.0,0.0,7008.0,12065.0,19073.0,1324.0,8175.0,0.0,0.0,209.0,8384.0,1205.0
352,2022,아산시상수도,46132.0,454.0,692.0,6.0,0.0,47284.0,340.0,3618.0,38741.0,0.0,0.0,0.0,42359.0,399.0,0.0,0.0,0.0,12440.0,12440.0,2553.0,2320.0,0.0,0.0,2627.0,4947.0,2218.0
353,2022,보령시상수도,14304.0,284.0,1756.0,63.0,0.0,16407.0,294.0,2319.0,17732.0,0.0,0.0,60.0,20111.0,110.0,0.0,0.0,40718.0,19197.0,59915.0,10062.0,22300.0,8621.0,0.0,356.0,31277.0,9602.0
354,2022,공주시상수도,11438.4,84.0,5620.0,48.6,0.0,17191.0,218.0,2215.0,18766.0,0.0,247.0,0.0,21228.0,216.0,0.0,0.0,16475.0,2104.0,18579.0,7204.0,8281.0,0.0,0.0,0.0,8281.0,6386.0
355,2022,천안시상수도,67993.0,986.0,1753.0,223.0,0.0,70955.0,0.0,4764.0,53808.0,0.0,970.0,0.0,59542.0,1527.0,0.0,0.0,20791.0,70032.0,90823.0,33828.0,7721.0,104.0,0.0,20886.0,28711.0,17821.0
356,2022,옥천군상수도,5423.0,84.0,0.0,6.0,0.0,5513.0,3047.0,1553.0,2731.0,0.0,64.0,0.0,4348.0,0.0,0.0,0.0,16571.0,999.0,17570.0,3047.0,7910.0,0.0,0.0,7062.0,14972.0,3047.0
357,2022,제천시상수도,18096.0,42.0,123.0,16.0,0.0,18277.0,0.0,2955.0,8740.0,0.0,277.0,0.0,11972.0,0.0,0.0,0.0,15567.0,1952.0,17519.0,5441.0,22722.0,0.0,0.0,258.0,22980.0,4704.0
358,2022,충주시상수도,25495.0,260.0,663.0,30.0,0.0,26448.0,10251.0,3507.0,14979.0,0.0,0.0,0.0,18486.0,213.0,0.0,0.0,21207.0,14476.0,35683.0,10251.0,8348.0,0.0,0.0,23281.0,31629.0,5329.0
359,2022,청주시상수도,110055.0,693.0,1662.0,1009.0,0.0,113419.0,0.0,9327.0,66175.0,0.0,4.0,0.0,75506.0,165.0,22035.0,0.0,0.0,62617.0,84652.0,36065.0,19026.0,0.0,0.0,59259.0,78285.0,20376.0
360,2022,고성군상수도,18837.0,196.0,395.0,-372.0,0.0,19056.0,147.0,1152.0,3967.0,62.0,28.0,0.0,5209.0,130.0,0.0,0.0,0.0,11534.0,11534.0,251.0,0.0,0.0,0.0,0.0,0.0,41.0
361,2022,철원군상수도,7854.0,108.0,70.0,0.0,0.0,8032.0,0.0,1796.0,3545.0,0.0,0.0,0.0,5341.0,32.0,0.0,0.0,11849.0,66.0,11915.0,4032.0,4394.0,0.0,0.0,7599.0,11993.0,8719.0
362,2022,정선군상수도,6193.0,13.0,2392.0,1437.0,0.0,10035.0,0.0,490.0,8042.0,0.0,0.0,0.0,8532.0,13.0,0.0,0.0,4677.0,0.0,4677.0,1551.0,2927.0,0.0,0.0,0.0,2927.0,13.0
363,2022,홍천군상수도,9762.0,143.0,1105.0,36.0,0.0,11046.0,74.0,2693.0,6717.0,0.0,0.0,0.0,9410.0,22.0,0.0,0.0,23485.0,0.0,23485.0,12153.0,4421.0,179.0,0.0,0.0,4600.0,7339.0
364,2022,삼척시상수도,9917.0,53.0,213.0,10.0,0.0,10193.0,0.0,2611.0,6770.0,0.0,0.0,0.0,9381.0,0.0,0.0,0.0,24618.0,871.0,25489.0,2725.0,605.0,0.0,0.0,18693.0,19298.0,2542.0
365,2022,속초시상수도,12086.0,64.0,170.0,26.0,0.0,12346.0,0.0,2369.0,4875.0,0.0,0.0,0.0,7244.0,13.0,0.0,0.0,7675.0,0.0,7675.0,7675.0,3217.0,0.0,0.0,0.0,3217.0,3526.0
366,2022,태백시상수도,4125.0,201.0,6135.0,12482.0,0.0,22943.0,0.0,477.0,6272.0,0.0,0.0,0.0,6749.0,0.0,0.0,0.0,0.0,0.0,0.0,0.0,4225.0,0.0,0.0,14226.0,18451.0,0.0
367,2022,동해시상수도,10785.0,77.0,300.0,2.0,0.0,11164.0,19.0,2379.0,7842.0,0.0,0.0,0.0,10221.0,19.0,0.0,0.0,16074.0,1003.0,17077.0,908.0,14422.0,0.0,0.0,1.0,14423.0,90.0
368,2022,강릉시상수도,28268.0,107.0,333.0,131.0,0.0,28839.0,690.0,3910.0,13543.0,35.0,0.0,0.0,17488.0,659.0,0.0,0.0,27443.0,51.0,27494.0,4390.0,8290.0,11.0,0.0,15535.0,23836.0,3944.0
369,2022,원주시상수도,40075.0,379.0,1578.0,46.0,0.0,42078.0,0.0,5744.0,25174.0,0.0,28.0,0.0,30946.0,209.0,1874.0,0.0,14730.0,11786.0,28390.0,7204.0,22133.0,0.0,0.0,1982.0,24115.0,3661.0
370,2022,춘천시상수도,27291.0,374.0,1220.0,677.0,0.0,29562.0,57.0,5255.0,14479.0,0.0,0.0,0.0,19734.0,57.0,0.0,0.0,29638.0,8427.0,38065.0,32964.0,12247.0,0.0,0.0,3300.0,15547.0,18231.0
371,2022,인제군상수도,8866.0,102.0,334.0,52.0,0.0,9354.0,0.0,2700.0,5026.0,0.0,0.0,0.0,7726.0,69.0,0.0,0.0,22136.0,0.0,22136.0,4417.0,3339.0,0.0,0.0,12024.0,15363.0,6987.0
372,2022,평창군상수도,7073.0,121.0,442.0,127.0,0.0,7763.0,44.0,816.0,6911.0,0.0,0.0,0.0,7727.0,40.0,0.0,0.0,30132.0,659.0,30791.0,4355.0,6403.0,0.0,0.0,13240.0,19643.0,4165.0
373,2022,영월군상수도,4482.0,153.0,3580.0,250.0,0.0,8465.0,0.0,483.0,6315.0,0.0,0.0,0.0,6798.0,170.0,0.0,0.0,23271.0,0.0,23271.0,23271.0,5497.0,0.0,0.0,0.0,5497.0,3547.0
374,2022,가평군상수도,8682.0,91.0,91.0,69.0,0.0,8933.0,0.0,2034.0,4984.0,0.0,39648.0,0.0,46666.0,0.0,0.0,0.0,17396.0,8433.0,25829.0,2115.0,4657.0,5817.0,0.0,0.0,10474.0,0.0
375,2022,여주시상수도,14050.0,102.0,46.0,32.0,0.0,14230.0,368.0,2106.0,7349.0,0.0,0.0,0.0,9455.0,365.0,0.0,0.0,40677.0,1011.0,41688.0,7548.0,27978.0,0.0,0.0,11753.0,39731.0,6932.0
376,2022,양평군상수도,12598.0,474.0,559.0,187.0,0.0,13818.0,17.0,2411.0,8308.0,0.0,0.0,2.0,10721.0,17.0,0.0,0.0,39160.0,3633.0,42793.0,22801.0,16801.0,0.0,0.0,8351.0,25152.0,14444.0
377,2022,포천시상수도,23224.0,212.0,0.0,1076.0,0.0,24512.0,34.0,2816.0,15383.0,0.0,0.0,0.0,18199.0,34.0,0.0,0.0,17664.0,5025.0,22689.0,12821.0,5988.0,0.0,0.0,8612.0,14600.0,12821.0
378,2022,안성시상수도,28209.0,233.0,2189.0,139.0,0.0,30770.0,0.0,2384.0,21059.0,0.0,11.0,0.0,23454.0,0.0,0.0,0.0,16239.0,25395.0,41634.0,5067.0,13796.0,0.0,0.0,1.0,13797.0,4514.0
379,2022,연천군상수도,12897.0,304.0,445.0,3026.0,0.0,16672.0,0.0,2190.0,5998.0,0.0,0.0,0.0,8188.0,0.0,0.0,0.0,17590.0,2886.0,20476.0,19820.0,11551.0,0.0,0.0,4.0,11555.0,13626.0
380,2022,광주시상수도,32860.0,344.0,4802.0,628.0,0.0,38634.0,0.0,1569.0,28646.0,0.0,340.0,0.0,30555.0,0.0,0.0,0.0,23751.0,30010.0,53761.0,17920.0,21796.0,0.0,0.0,7748.0,29544.0,8929.0
381,2022,화성시상수도,105892.0,1021.0,875.0,116.0,0.0,107904.0,1339.0,3100.0,81708.0,0.0,4.0,0.0,84812.0,1229.0,0.0,0.0,124500.0,0.0,124500.0,14651.0,18229.0,0.0,0.0,60161.0,78390.0,12038.0
382,2022,이천시상수도,34249.0,458.0,288.0,42.0,0.0,35037.0,0.0,2728.0,17551.0,0.0,0.0,4.0,20283.0,4679.0,0.0,0.0,23867.0,31808.0,55675.0,9544.0,13759.0,0.0,0.0,0.0,13759.0,6047.0
383,2022,파주시상수도,53066.0,795.0,713.0,342.0,0.0,54916.0,187.0,821.0,45309.0,0.0,11.0,0.0,46141.0,0.0,0.0,0.0,5766.0,0.0,5766.0,94549.0,1199.0,315.0,0.0,3441.0,4955.0,187.0
384,2022,용인시상수도,78563.0,69.0,1774.0,664.0,0.0,81070.0,412.0,6359.0,67631.0,0.0,37.0,0.0,74027.0,408.0,31.0,0.0,15455.0,12658.0,28144.0,10086.0,9290.0,0.0,0.0,10145.0,19435.0,8045.0
385,2022,하남시상수도,19763.0,304.0,356.0,91.0,0.0,20514.0,0.0,2101.0,13199.0,0.0,15.0,0.0,15315.0,40.0,0.0,0.0,1819.0,0.0,1819.0,1819.0,8238.0,0.0,0.0,0.0,8238.0,3007.0
386,2022,양주시상수도,29829.0,50.0,75.0,924.0,0.0,30878.0,10.0,453.0,21387.0,0.0,0.0,0.0,21840.0,10.0,0.0,0.0,5619.0,6480.0,12099.0,6858.0,8532.0,0.0,0.0,6878.0,15410.0,6174.0
387,2022,의왕시상수도,16367.0,453.0,298.0,95.0,4.0,17217.0,4.0,1444.0,10279.0,0.0,3.0,2.0,11728.0,3.0,0.0,0.0,3653.0,0.0,3653.0,3653.0,2259.0,0.0,0.0,0.0,2259.0,1762.0
388,2022,군포시상수도,19000.0,363.0,1443.0,54.0,0.0,20860.0,269.0,2135.0,14193.0,0.0,0.0,0.0,16328.0,30.0,0.0,0.0,5738.0,23215.0,28953.0,27514.0,2569.0,0.0,0.0,49.0,2618.0,6417.0
389,2022,시흥시상수도,42374.0,208.0,15482.0,454.0,0.0,58518.0,543.0,3210.0,35941.0,0.0,5.0,0.0,39156.0,530.0,0.0,0.0,4050.0,13441.0,17491.0,14814.0,1285.0,0.0,0.0,7542.0,8827.0,9537.0
390,2022,오산시상수도,18803.0,0.0,0.0,4575.0,0.0,23378.0,0.0,0.0,17396.0,0.0,1.0,0.0,17397.0,0.0,0.0,0.0,1603.0,7350.0,8953.0,0.0,3967.0,0.0,0.0,37.0,4004.0,0.0
391,2022,남양주시상수도,50983.0,297.0,1454.0,156.0,0.0,52890.0,0.0,5048.0,39142.0,0.0,7.0,0.0,44197.0,0.0,0.0,0.0,4869.0,26162.0,31031.0,8867.0,3095.0,0.0,0.0,45.0,3140.0,4858.0
392,2022,평택시상수도,76310.0,505.0,13300.0,6784.0,0.0,96899.0,665.0,5200.0,59444.0,0.0,0.0,0.0,64644.0,665.0,0.0,0.0,121116.0,13566.0,134682.0,50324.0,64432.0,25.0,0.0,14964.0,79421.0,37751.0
393,2022,김포시상수도,45842.0,1240.0,0.0,292.0,0.0,47374.0,229.0,3433.0,28000.0,0.0,6.0,0.0,31439.0,209.0,5300.0,0.0,23675.0,978.0,29953.0,19063.0,19093.0,0.0,0.0,195.0,19288.0,16249.0
394,2022,구리시상수도,12523.0,84.0,722.0,80.0,0.0,13409.0,0.0,2380.0,11993.0,0.0,0.0,1.0,14374.0,32.0,2200.0,0.0,2099.0,0.0,4299.0,2099.0,4934.0,0.0,0.0,0.0,4934.0,508.0
395,2022,과천시상수도,6426.0,66.0,115.0,5.0,0.0,6612.0,0.0,1107.0,4534.0,0.0,0.0,0.0,5641.0,119.0,0.0,0.0,3288.0,0.0,3288.0,3288.0,1128.0,0.0,0.0,0.0,1128.0,41.0
396,2022,고양시상수도,70382.0,297.0,916.0,796.0,0.0,72391.0,0.0,5584.0,68373.0,0.0,44.0,2793.0,76794.0,1825.0,7241.0,0.0,3627.0,0.0,10868.0,3627.0,14132.0,0.0,0.0,0.0,14132.0,9785.0
397,2022,안산시상수도,75924.0,350.0,1247.0,562.0,0.0,78083.0,0.0,7830.0,67886.0,0.0,1.0,0.0,75717.0,0.0,0.0,0.0,0.0,41496.0,41496.0,0.0,14012.0,0.0,0.0,252.0,14264.0,0.0
398,2022,동두천시상수도,17052.0,91.0,774.0,10.0,0.0,17927.0,3.0,201.0,18468.0,0.0,1.0,0.0,18670.0,3.0,0.0,0.0,0.0,26383.0,26383.0,267.0,38.0,0.0,0.0,22915.0,22953.0,260.0
399,2022,광명시상수도,20300.0,186.0,23215.0,260.0,4.0,43965.0,4.0,3879.0,31717.0,0.0,17.0,1.0,35614.0,29.0,0.0,0.0,12265.0,0.0,12265.0,12265.0,7348.0,9.0,0.0,0.0,7357.0,2427.0
400,2022,부천시상수도,47828.0,2840.0,1159.0,642.0,1.0,52470.0,1011.0,6936.0,43162.0,0.0,227.0,0.0,50325.0,0.0,1200.0,0.0,12542.0,4937.0,18679.0,7569.0,9786.0,0.0,0.0,4750.0,14536.0,5889.0
401,2022,안양시상수도,45628.0,1212.0,495.0,332.0,0.0,47667.0,53.0,5946.0,32146.0,0.0,1.0,0.0,38093.0,53.0,0.0,0.0,14459.0,5800.0,20259.0,39317.0,6840.0,0.0,0.0,10452.0,17292.0,16680.0
402,2022,의정부시상수도,32210.0,367.0,1331.0,530.0,0.0,34438.0,0.0,4079.0,25704.0,0.0,50.0,0.0,29833.0,20.0,1000.0,0.0,4184.0,0.0,5184.0,4184.0,10563.0,0.0,0.0,0.0,10563.0,3462.0
403,2022,성남시상수도,45882.0,1864.0,1078.0,293.0,0.0,49117.0,17117.0,50133.0,3575.0,0.0,43345.0,0.0,97053.0,0.0,0.0,0.0,7544.0,50299.0,57843.0,0.0,1210.0,0.0,0.0,7889.0,9099.0,0.0
404,2022,수원시상수도,81435.0,409.0,1212.0,771.0,197.0,84024.0,1094.0,8653.0,71522.0,0.0,0.0,2.0,80177.0,1021.0,0.0,0.0,1880.0,17928.0,19808.0,6164.0,4963.0,0.0,0.0,16.0,4979.0,4483.0
405,2022,울산광역시상수도,98756.0,158.0,5005.0,374.0,0.0,104293.0,310.0,17686.0,68182.0,352.0,0.0,135.0,86355.0,304.0,3.0,0.0,10387.0,-1298.0,9092.0,16452.0,12290.0,0.0,2000.0,9534.0,23824.0,11810.0
406,2022,대전광역시상수도,112240.0,559.0,3803.0,523.0,0.0,117125.0,1067.0,30706.0,62770.0,473.0,0.0,0.0,93949.0,204.0,945.0,0.0,7585.0,32041.0,40571.0,30023.0,30011.0,0.0,975.0,0.0,30986.0,22394.0
407,2022,광주광역시상수도,109337.0,723.0,3077.0,1264.0,0.0,114401.0,1817.0,24269.0,60800.0,65.0,3226.0,0.0,88360.0,1430.0,6.0,0.0,23655.0,13264.0,36925.0,45985.0,12709.0,63.0,320.0,15509.0,28601.0,35197.0
408,2022,인천광역시상수도,233788.0,950.0,24521.0,1795.0,0.0,261054.0,254.0,56062.0,164793.0,0.0,0.0,278.0,221133.0,205.0,194.0,43109.0,49636.0,10164.0,103103.0,65966.0,73739.0,0.0,0.0,3349.0,77088.0,41483.0
409,2022,대구광역시상수도,193301.0,960.0,10973.0,1000.0,1436.0,207670.0,533.0,52824.0,118996.0,930.0,0.0,1265.0,174015.0,533.0,113.0,35000.0,31838.0,27625.0,94576.0,17091.0,39485.0,1697.0,2018.0,30642.0,73842.0,14834.0
410,2022,부산광역시상수도,327541.0,1003.0,7513.0,2833.0,975.0,339865.0,28024.0,96519.0,177013.0,0.0,0.0,4542.0,278074.0,26600.0,373.0,0.0,43880.0,17691.0,61944.0,40998.0,57201.0,0.0,0.0,9747.0,66948.0,25445.0
411,2022,서울특별시상수도,701576.0,2508.0,58121.0,10152.0,0.0,772357.0,13242.0,133741.0,389290.0,965.0,0.0,0.0,523996.0,13285.0,15001.0,0.0,0.0,21942.0,36943.0,76007.0,176872.0,2128.0,0.0,0.0,179000.0,15453.0
1,2023,여주도시공사,13052.0,0.0,0.0,4.0,0.0,13056.0,22000.0,7440.0,5612.0,0.0,4.0,0.0,13056.0,0.0,0.0,0.0,0.0,2303.0,2303.0,22000.0,235.0,68.0,0.0,0.0,303.0,0.0
2,2023,구미도시공사,48121.0,0.0,0.0,142.0,0.0,48263.0,0.0,18142.0,29979.0,0.0,142.0,0.0,48263.0,0.0,0.0,0.0,2000.0,949.0,2949.0,0.0,898.0,51.0,0.0,0.0,949.0,0.0
3,2023,천안도시공사,41940.0,36.0,0.0,0.0,0.0,41976.0,450.0,18755.0,22859.0,0.0,5.0,0.0,41619.0,450.0,0.0,0.0,0.0,10763.0,10763.0,0.0,6593.0,141.0,0.0,0.0,6734.0,0.0
4,2023,익산시도시관리공단,3578.0,1.0,0.0,1.0,0.0,3580.0,0.0,1581.0,1515.0,0.0,0.0,0.0,3096.0,0.0,0.0,0.0,200.0,201.0,401.0,0.0,180.0,0.0,0.0,0.0,180.0,0.0
5,2023,부산광역시남구시설관리공단,7456.0,0.0,0.0,0.0,0.0,7456.0,129.0,2526.0,4756.0,0.0,0.0,0.0,7282.0,129.0,0.0,0.0,0.0,344.0,344.0,83.0,344.0,0.0,0.0,0.0,344.0,83.0
6,2023,양주도시공사,22934.0,175.0,0.0,275.0,0.0,23384.0,0.0,10631.0,12339.0,0.0,251.0,0.0,23221.0,0.0,0.0,0.0,0.0,18505.0,18505.0,0.0,388.0,0.0,0.0,0.0,388.0,0.0
7,2023,합천군시설관리공단,14562.0,39.0,0.0,23.0,0.0,14624.0,157.0,4468.0,8492.0,0.0,10.0,0.0,12970.0,154.0,0.0,0.0,0.0,625.0,625.0,21.0,410.0,5.0,0.0,0.0,415.0,21.0
8,2023,단양관광공사,11385.0,55.0,0.0,0.0,0.0,11440.0,0.0,5504.0,6009.0,0.0,6.0,0.0,11519.0,0.0,0.0,0.0,0.0,518.0,518.0,0.0,312.0,52.0,0.0,0.0,364.0,0.0
9,2023,전남광주통합특별시 서구시설관리공단,19694.0,0.0,0.0,0.0,0.0,19694.0,0.0,19693.0,0.0,1.0,0.0,0.0,19694.0,0.0,0.0,0.0,508.0,0.0,508.0,0.0,498.0,10.0,0.0,0.0,508.0,0.0
10,2023,전남광주통합특별시북구시설관리공단,8057.0,43.0,0.0,7.0,0.0,8107.0,0.0,3407.0,4650.0,0.0,0.0,0.0,8057.0,0.0,0.0,0.0,0.0,0.0,0.0,0.0,259.0,0.0,0.0,0.0,259.0,0.0
11,2023,김천시시설관리공단,9190.0,0.0,0.0,0.0,0.0,9190.0,19.0,3360.0,5520.0,0.0,10.0,0.0,8890.0,19.0,0.0,0.0,0.0,87.0,87.0,0.0,86.0,0.0,0.0,0.0,86.0,0.0
12,2023,예산군하수도,2000.0,127.0,12645.0,0.0,0.0,14772.0,0.0,0.0,9944.0,0.0,0.0,0.0,9944.0,0.0,0.0,0.0,426.0,0.0,426.0,0.0,922.0,0.0,0.0,0.0,922.0,2567.0
13,2023,평창군시설관리공단,3233.0,0.0,0.0,0.0,0.0,3233.0,14.0,1809.0,1416.0,0.0,0.0,0.0,3225.0,14.0,0.0,0.0,0.0,385.0,385.0,0.0,385.0,0.0,0.0,0.0,385.0,0.0
14,2023,금산군하수도,585.0,38.0,6426.0,30.0,0.0,7079.0,0.0,320.0,6164.0,0.0,18.0,0.0,6502.0,0.0,0.0,0.0,15704.0,417.0,16121.0,0.0,1841.0,0.0,3031.0,10124.0,14996.0,0.0
15,2023,서울물재생시설공단,159856.0,0.0,0.0,14.0,0.0,159870.0,0.0,20301.0,134398.0,0.0,0.0,0.0,154699.0,0.0,0.0,0.0,0.0,38775.0,38775.0,0.0,21289.0,0.0,0.0,0.0,21289.0,6555.0
16,2023,경기교통공사,368198.0,3.0,0.0,6.0,0.0,368207.0,55425.0,4405.0,352619.0,0.0,623.0,0.0,357647.0,71682.0,0.0,0.0,0.0,0.0,0.0,0.0,58.0,162.0,0.0,0.0,220.0,0.0
17,2023,원주시시설관리공단,34030.0,0.0,0.0,0.0,0.0,34030.0,104.0,17567.0,16145.0,0.0,1.0,0.0,33713.0,104.0,0.0,0.0,0.0,3223.0,3223.0,68.0,0.0,0.0,0.0,3223.0,3223.0,68.0
18,2023,김포도시공사,62903.0,1372.0,0.0,62.0,0.0,64337.0,0.0,21469.0,28580.0,0.0,3.0,409.0,50461.0,0.0,1032.0,0.0,0.0,444.0,1476.0,0.0,418.0,59.0,0.0,21962.0,22439.0,0.0
19,2023,파주도시공사,30876.0,119.0,0.0,391.0,0.0,31386.0,29.0,13954.0,18032.0,0.0,8.0,0.0,31994.0,28.0,0.0,0.0,8707.0,0.0,8707.0,2416.0,5002.0,0.0,0.0,0.0,5002.0,659.0
20,2023,영천시시설관리공단,4616.0,0.0,0.0,0.0,0.0,4616.0,252.0,2433.0,2038.0,0.0,0.0,0.0,4471.0,252.0,0.0,0.0,0.0,159.0,159.0,0.0,0.0,0.0,0.0,840.0,840.0,0.0
21,2023,과천도시공사,33706.0,3904.0,0.0,0.0,0.0,37610.0,8076.0,16258.0,11404.0,0.0,378.0,0.0,28040.0,3159.0,0.0,110000.0,0.0,2939.0,112939.0,0.0,2755.0,109.0,180000.0,38346.0,221210.0,0.0
22,2023,울산광역시북구시설관리공단,10193.0,0.0,0.0,16.0,0.0,10209.0,0.0,4620.0,5573.0,0.0,0.0,0.0,10193.0,0.0,0.0,0.0,0.0,45.0,45.0,0.0,45.0,0.0,0.0,0.0,45.0,0.0
23,2023,포천도시공사,12659.0,476.0,0.0,137.0,0.0,13272.0,69.0,7365.0,4587.0,0.0,0.0,0.0,11952.0,0.0,0.0,0.0,0.0,57224.0,57224.0,4436.0,7633.0,35.0,0.0,1794.0,9462.0,4436.0
24,2023,안양도시공사,30829.0,741.0,0.0,125.0,0.0,31695.0,0.0,18296.0,14092.0,0.0,3.0,0.0,32391.0,0.0,0.0,0.0,311.0,0.0,311.0,0.0,944.0,58.0,0.0,0.0,1002.0,0.0
25,2023,예천군하수도,1046.0,10.0,6390.0,259.0,0.0,7705.0,106.0,587.0,7113.0,0.0,5.0,0.0,7705.0,47.0,0.0,0.0,0.0,8632.0,8632.0,1940.0,5209.0,0.0,3440.0,0.0,8649.0,1498.0
26,2023,예천군상수도,4421.0,20.0,5189.0,4.0,0.0,9634.0,20.0,1136.0,8497.0,0.0,1.0,0.0,9634.0,10.0,0.0,0.0,11501.0,459.0,11960.0,3524.0,11575.0,0.0,0.0,459.0,12034.0,2198.0
27,2023,고성군하수도,1054.0,47.0,1000.0,0.0,0.0,2101.0,16.0,7.0,4070.0,0.0,0.0,0.0,4077.0,16.0,0.0,0.0,1082.0,0.0,1082.0,54.0,988.0,0.0,0.0,0.0,988.0,54.0
28,2023,고성군상수도,6607.0,15.0,2500.0,58.0,0.0,9180.0,16.0,63.0,9158.0,0.0,0.0,0.0,9221.0,16.0,0.0,0.0,1135.0,0.0,1135.0,138.0,660.0,0.0,0.0,0.0,660.0,138.0
29,2023,세종도시교통공사,71303.0,788.0,0.0,2307.0,0.0,74398.0,23118.0,32324.0,23295.0,0.0,7916.0,0.0,63535.0,20194.0,0.0,0.0,36694.0,0.0,36694.0,122.0,7160.0,0.0,0.0,0.0,7160.0,122.0
30,2023,사천시시설관리공단,13914.0,0.0,0.0,2.0,0.0,13916.0,264.0,7313.0,6595.0,0.0,8.0,0.0,13916.0,264.0,0.0,0.0,303.0,302.0,605.0,0.0,302.0,0.0,0.0,3.0,305.0,0.0
31,2023,제주특별자치도공영버스,1181.0,50.0,23930.0,27.0,0.0,25188.0,13.0,13014.0,7403.0,0.0,0.0,0.0,20417.0,13.0,19.0,0.0,1481.0,3854.0,5354.0,0.0,5348.0,0.0,0.0,0.0,5348.0,0.0
32,2023,서울특별시하수도,735406.0,9177.0,24654.0,2916.0,0.0,772153.0,23068.0,24345.0,414531.0,0.0,696.0,0.0,439572.0,23068.0,43000.0,0.0,49942.0,0.0,92942.0,70590.0,219493.0,0.0,0.0,55086.0,274579.0,70590.0
33,2023,경주시시설관리공단,14076.63,0.27,0.0,3.0,0.0,14079.9,115.67,8343.93,5706.23,0.0,0.0,0.0,14050.16,115.67,0.0,0.0,203.37,113.53,316.9,0.0,203.2,0.0,0.0,0.0,203.2,0.0
34,2023,인천광역시연수구시설안전관리공단,15613.0,0.0,0.0,3.0,0.0,15616.0,0.0,10812.0,4801.0,0.0,3.0,0.0,15616.0,0.0,0.0,0.0,0.0,125.0,125.0,0.0,113.0,12.0,0.0,0.0,125.0,0.0
35,2023,서울교통공사,1843786.0,12335.0,0.0,306192.0,0.0,2162313.0,223623.0,1220536.0,1071724.0,105065.0,66.0,0.0,2397391.0,101548.0,10933.0,1080000.0,616155.0,0.0,1707088.0,51466.0,429577.0,728.0,663681.0,70473.0,1164459.0,243757.0
36,2023,태안군하수도,1430.0,131.0,9569.0,0.0,0.0,11130.0,0.0,230.0,9556.0,0.0,147.0,0.0,9933.0,0.0,0.0,0.0,0.0,24215.0,24215.0,2747.0,19764.0,0.0,0.0,0.0,19764.0,1440.0
37,2023,태안군상수도,8690.0,61.0,255.0,5.0,0.0,9011.0,0.0,457.0,8670.0,0.0,0.03,4591.0,13718.03,0.0,0.0,0.0,0.0,5426.0,5426.0,865.0,4452.0,0.0,0.0,138.0,4590.0,752.0
38,2023,김제시하수도,2420.0,327.0,10993.0,430.0,0.0,14170.0,8.0,634.0,12699.0,0.0,0.0,0.0,13333.0,8.0,6.0,0.0,0.0,22870.0,22876.0,7403.0,14122.0,8110.0,0.0,0.0,22232.0,6025.0
39,2023,부여군하수도,3220.0,204.0,61.0,28.0,0.0,3513.0,0.0,0.0,5919.0,0.0,0.0,0.0,5919.0,0.0,0.0,0.0,0.0,19881.0,19881.0,0.0,1479.0,0.0,0.0,12390.0,13869.0,0.0
40,2023,하남시하수도,19922.0,579.0,3974.0,45.0,0.0,24520.0,0.0,1258.0,21249.0,0.0,0.0,0.0,22507.0,0.0,0.0,0.0,1114.0,0.0,1114.0,0.0,1654.0,0.0,0.0,0.0,1654.0,0.0
41,2023,서울에너지공사,249019.0,294.0,0.0,8909.0,0.0,258222.0,26264.0,22253.0,297947.0,10131.0,2872.0,0.0,333203.0,26185.0,64.0,80124.0,54222.0,0.0,134410.0,14195.0,41450.0,123.0,2713.0,182.0,44468.0,13840.0
42,2023,충주시시설관리공단,23786.0,0.0,0.0,57.0,0.0,23843.0,0.0,11685.0,12101.0,0.0,57.0,0.0,23843.0,0.0,0.0,0.0,1527.0,0.0,1527.0,0.0,1526.0,1.0,0.0,0.0,1527.0,0.0
43,2023,세종특별자치시시설관리공단,40004.0,345.0,0.0,2.0,0.0,40351.0,0.0,11828.0,24501.0,0.0,0.0,0.0,36329.0,0.0,0.0,0.0,0.0,2056.0,2056.0,2970.0,1961.0,0.0,0.0,0.0,1961.0,1970.0
44,2023,밀양시시설관리공단,20443.0,0.0,254.0,160.0,0.0,20857.0,200.0,7497.0,13191.0,0.0,90.0,0.0,20778.0,200.0,0.0,0.0,0.0,1596.0,1596.0,95.0,1596.0,0.0,0.0,0.0,1596.0,95.0
45,2023,군산시하수도,49610.0,416.0,1899.0,954.0,0.0,52879.0,0.0,2189.0,26548.0,0.0,0.0,0.0,28737.0,0.0,0.0,0.0,29722.0,900.0,30622.0,11112.0,42095.0,0.0,0.0,502.0,42597.0,9514.0
46,2023,홍성군하수도,2009.0,8.0,0.0,0.0,0.0,2017.0,0.0,191.0,9306.0,0.0,0.0,0.0,9497.0,0.0,0.0,0.0,0.0,8373.0,8373.0,0.0,0.0,0.0,0.0,0.0,0.0,0.0
47,2023,동해시하수도,9849.0,93.0,80.0,100.0,0.0,10122.0,29.0,350.0,5468.0,0.0,0.0,0.0,5818.0,29.0,0.0,0.0,15681.0,226.0,15907.0,1060.0,15929.0,0.0,0.0,0.0,15929.0,1060.0
48,2023,원주시하수도,22195.0,698.0,16423.0,27.0,0.0,39343.0,384.0,2314.0,35744.0,0.0,378.0,0.0,38436.0,383.0,7396.0,0.0,26695.0,0.0,34091.0,10632.0,17233.0,0.0,10510.0,574.0,28317.0,6058.0
49,2023,양주시하수도,26270.0,716.0,550.0,90.0,0.0,27626.0,274.0,975.0,31892.0,0.0,122.0,0.0,32989.0,233.0,4000.0,0.0,50037.0,3336.0,57373.0,15170.0,5531.0,0.0,0.0,22098.0,27629.0,11570.0
50,2023,서천군상수도,6007.0,14.0,165.0,500.0,0.0,6686.0,25.0,821.0,4145.0,0.0,2.0,0.0,4968.0,20.0,0.0,831.0,2297.0,0.0,3128.0,3551.0,2406.0,1742.0,456.0,0.0,4604.0,3382.0
51,2023,부여군상수도,7559.0,0.0,0.0,229.0,0.0,7788.0,0.0,0.0,7545.0,0.0,0.0,0.0,7545.0,0.0,0.0,0.0,0.0,22098.0,22098.0,0.0,0.0,0.0,0.0,15888.0,15888.0,0.0
52,2023,금산군상수도,4882.0,16.0,5320.0,12.0,0.0,10230.0,0.0,130.0,8500.0,0.0,0.7,0.0,8630.7,8.0,0.0,0.0,3606.0,11.0,3617.0,3934.0,1245.0,0.0,0.0,1824.0,3069.0,3097.0
53,2023,인천관광공사,58641.0,367.0,0.0,11606.0,0.0,70614.0,8258.0,9848.0,54279.0,0.0,2690.0,0.0,66817.0,7677.0,0.0,0.0,0.0,2981.0,2981.0,0.0,855.0,20.0,0.0,0.0,875.0,0.0
54,2023,광명도시공사,26626.0,0.0,0.0,22.0,0.0,26648.0,52.0,13930.0,11077.0,0.0,3.0,0.0,25010.0,52.0,0.0,0.0,23784.0,1980.0,25764.0,538.0,405.0,50.0,0.0,0.0,455.0,68.0
55,2023,영덕군하수도,1477.0,78.0,4503.0,0.0,0.0,6058.0,50.0,317.0,5741.0,0.0,0.0,0.0,6058.0,50.0,0.0,0.0,4847.0,0.0,4847.0,1269.0,4586.0,0.0,0.0,1468.0,6054.0,1219.0
56,2023,문경시하수도,3559.0,215.0,9865.0,5275.0,0.0,18914.0,0.0,2390.0,0.0,0.0,0.0,0.0,2390.0,0.0,0.0,0.0,30328.0,0.0,30328.0,0.0,24547.0,10433.0,0.0,0.0,34980.0,0.0
57,2023,논산시하수도,5190.0,125.0,12328.0,5.0,0.0,17648.0,1893.0,582.0,11570.0,0.0,312.0,0.0,12464.0,1893.0,0.0,0.0,0.0,9602.0,9602.0,3087.0,4373.0,0.0,0.0,13594.0,17967.0,3087.0
58,2023,과천시지식정보타운조성사업,0.0,1261.0,0.0,0.0,0.0,1261.0,0.0,8369.0,0.0,0.0,0.0,0.0,8369.0,0.0,0.0,0.0,0.0,40700.0,40700.0,0.0,0.0,0.0,0.0,44080.0,44080.0,0.0
59,2023,아산시시설관리공단,41088.0,0.0,0.0,0.0,0.0,41088.0,0.0,19007.0,22052.0,0.0,0.0,0.0,41059.0,0.0,0.0,0.0,1812.0,0.0,1812.0,9.0,1537.0,100.0,0.0,0.0,1637.0,9.0
60,2023,장수한우지방공사,6365.0,16.0,0.0,153.0,0.0,6534.0,0.0,782.0,5793.0,0.0,85.0,0.0,6660.0,0.0,1.0,0.0,0.0,0.0,1.0,0.0,69.0,45.0,0.0,0.0,114.0,0.0
61,2023,광주광역시광산구시설관리공단,24587.0,190.0,0.0,250.0,0.0,25027.0,0.0,15373.0,9214.0,0.0,440.0,0.0,25027.0,0.0,0.0,0.0,0.0,1457.0,1457.0,269.0,956.0,74.0,0.0,427.0,1457.0,269.0
62,2023,대구광역시달성군시설관리공단,26533.0,0.0,0.0,108.0,0.0,26641.0,0.0,14397.0,11515.0,0.0,85.0,0.0,25997.0,0.0,0.0,0.0,300.0,1893.0,2193.0,0.0,1627.0,256.0,0.0,0.0,1883.0,0.0
63,2023,김해시도시개발공사,60286.0,405.0,0.0,471.0,0.0,61162.0,440.0,15760.0,37484.0,0.0,393.0,0.0,53637.0,440.0,2799.0,0.0,455.0,17584.0,20838.0,908.0,455.0,0.0,0.0,22341.0,22796.0,869.0
64,2023,합천군상수도,2886.0,200.0,2219.0,0.0,0.0,5305.0,0.0,2272.0,2015.0,0.0,324.0,0.0,4611.0,0.0,0.0,0.0,12165.0,0.0,12165.0,4259.0,4111.0,0.0,0.0,0.0,4111.0,4245.0
65,2023,성남도시개발공사,127044.0,2442.0,0.0,310.0,0.0,129796.0,9128.0,59010.0,62245.0,0.0,3.0,0.0,121258.0,8929.0,0.0,0.0,0.0,0.0,0.0,17848.0,4419.0,84.0,0.0,2669.0,7172.0,130.0
66,2023,부여군시설관리공단,6700.0,0.0,0.0,0.0,0.0,6700.0,0.0,4001.0,2699.0,0.0,0.0,0.0,6700.0,0.0,0.0,0.0,0.0,116.0,116.0,0.0,116.0,0.0,0.0,0.0,116.0,0.0
67,2023,세종특별자치시하수도,28563.0,2795.0,0.0,749.0,0.0,32107.0,0.0,1484.0,78214.0,142.0,65.0,0.0,79905.0,0.0,0.0,0.0,24656.0,5882.0,30538.0,2617.0,16777.0,17437.0,0.0,742.0,34956.0,2283.0
68,2023,진천군하수도,2087.0,435.0,5637.0,21.0,0.0,8180.0,11.0,444.0,11775.0,0.0,0.0,0.0,12219.0,11.0,0.0,0.0,34674.0,0.0,34674.0,12590.0,14487.0,0.0,4371.0,2255.0,21113.0,7092.0
69,2023,진천군상수도,20160.0,129.0,5870.0,2322.0,0.0,28481.0,2193.0,1349.0,11298.0,0.0,0.0,0.0,12647.0,0.0,0.0,0.0,6570.0,0.0,6570.0,0.0,12743.0,0.0,0.0,8.0,12751.0,0.0
70,2023,울산광역시중구도시관리공단,8427.0,0.0,0.0,0.0,0.0,8427.0,0.0,5053.0,3374.0,0.0,0.0,0.0,8427.0,0.0,0.0,0.0,559.0,0.0,559.0,0.0,163.0,180.0,0.0,216.0,559.0,0.0
71,2023,이천시시설관리공단,8196.0,0.0,0.0,0.0,0.0,8196.0,0.0,5193.0,2960.0,0.0,43.0,0.0,8196.0,0.0,0.0,0.0,0.0,951.0,951.0,0.0,604.0,47.0,0.0,0.0,651.0,0.0
72,2023,부산관광공사,8809.0,354.0,0.0,34511.0,0.0,43674.0,7245.0,8075.0,30992.0,0.0,191.0,0.0,39258.0,6802.0,0.0,0.0,0.0,2030.0,2030.0,1016.0,105.0,290.0,0.0,0.0,395.0,1015.0
73,2023,구리도시공사,13142.0,18.0,0.0,121.0,0.0,13281.0,26.0,8750.0,8194.0,170.0,3.0,0.0,17117.0,17.0,0.0,0.0,491.0,5871.0,6362.0,57.0,507.0,0.0,0.0,1600.0,2107.0,57.0
74,2023,경상북도문화관광공사,62207.0,3547.0,0.0,3965.0,0.0,69719.0,4244.0,14553.0,49827.0,846.0,1537.0,0.0,66763.0,4244.0,52154.0,0.0,0.0,1605.0,53759.0,0.0,8174.0,66.0,5307.0,66.0,13613.0,0.0
75,2023,제주에너지공사,20278.0,311.0,0.0,2322.0,0.0,22911.0,526.0,2611.0,8730.0,205.0,3358.0,2629.0,17533.0,490.0,0.0,0.0,13984.0,8280.0,22264.0,1561.0,1624.0,139.0,5312.0,8232.0,15307.0,1561.0
76,2023,광양시하수도,10826.0,179.0,1283.0,10.0,0.0,12298.0,0.0,2641.0,8959.0,0.0,0.0,4.0,11604.0,0.0,0.0,0.0,23917.0,1996.0,25913.0,10545.0,14062.0,0.0,0.0,0.0,14062.0,8891.0
77,2023,세종특별자치시상수도,36546.0,1467.0,697.0,113.0,0.0,38823.0,0.0,1821.0,32082.0,3056.0,2290.0,0.0,39249.0,0.0,0.0,0.0,3275.0,85504.0,88779.0,6016.0,12700.0,0.0,3517.0,40609.0,56826.0,4962.0
78,2023,여수시하수도,18367.0,366.0,8830.0,36.0,0.0,27599.0,722.0,1563.0,17713.0,0.0,0.0,0.0,19276.0,706.0,0.0,0.0,24596.0,0.0,24596.0,23637.0,21785.0,0.0,0.0,0.0,21785.0,14896.0
79,2023,옥천군하수도,1517.0,114.0,8959.0,240.0,0.0,10830.0,0.0,385.0,9532.0,0.0,0.0,0.0,9917.0,0.0,900.0,0.0,30641.0,0.0,31541.0,279.0,28899.0,0.0,1878.0,1212.0,31989.0,279.0
80,2023,남원시하수도,4563.612,354.491,14143.948,1568.54,0.0,20630.591,0.0,1773.907,22551.606,0.0,0.568,0.0,24326.081,0.0,0.0,0.0,13585.491,0.0,13585.491,10280.621,2071.184,14667.39,0.0,44678.03,61416.604,10157.498
81,2023,영광군하수도,797.0,184.0,3245.0,1.0,0.0,4227.0,63.0,489.0,3447.0,0.0,0.0,0.0,3936.0,63.0,0.0,0.0,26373.0,0.0,26373.0,4106.0,2481.0,0.0,0.0,0.0,2481.0,4058.0
82,2023,영광군상수도,4099.0,398.0,473.0,26.0,0.0,4996.0,60.0,1936.0,4372.0,0.0,0.0,0.0,6308.0,60.0,0.0,0.0,6707.0,0.0,6707.0,9937.0,4169.0,0.0,0.0,0.0,4169.0,7474.0
83,2023,거제해양관광개발공사,30028.0,530.0,0.0,3243.0,0.0,33801.0,0.0,14345.0,16656.0,65.0,1.0,0.0,31067.0,0.0,0.0,0.0,0.0,497.0,497.0,0.0,1376.0,0.0,1300.0,0.0,2676.0,0.0
84,2023,대전관광공사,43493.0,496.0,0.0,4217.0,0.0,48206.0,1027.0,15268.0,27819.0,0.0,3712.0,0.0,46799.0,994.0,0.0,0.0,0.0,19721.0,19721.0,19.0,1830.0,0.0,0.0,4.0,1834.0,19.0
85,2023,양평군하수도,9512.0,535.0,20947.0,75.0,0.0,31069.0,5777.0,1468.0,26777.0,0.0,23.0,0.0,28268.0,5006.0,0.0,0.0,59596.0,0.0,59596.0,28095.0,15405.0,0.0,0.0,15834.0,31239.0,18173.0
86,2023,영월군시설관리공단,7823.0,0.0,0.0,0.0,0.0,7823.0,0.0,3858.0,3892.0,0.0,0.0,0.0,7750.0,0.0,0.0,0.0,0.0,615.0,615.0,0.0,375.0,211.0,0.0,0.0,586.0,0.0
87,2023,계룡시하수도,1867.0,43.0,0.0,1.0,0.0,1911.0,9.0,0.0,4503.0,0.0,1.0,0.0,4504.0,9.0,0.0,0.0,8152.0,0.0,8152.0,871.0,2339.0,0.0,2839.0,3.0,5181.0,677.0
88,2023,의왕도시공사,21086.0,2974.0,0.0,21380.0,0.0,45440.0,42.0,10836.0,14714.0,0.0,7.0,24320.0,49877.0,42.0,0.0,0.0,20352.0,0.0,20352.0,0.0,8378.0,55.0,0.0,45000.0,53433.0,0.0
89,2023,고양도시관리공사,92359.0,4207.0,0.0,837.0,0.0,97403.0,2895.0,27096.0,63036.0,3601.0,23212.0,0.0,116945.0,2339.0,0.0,488000.0,10112.0,102550.0,600662.0,7353.0,6694.0,0.0,60000.0,305950.0,372644.0,4346.0
90,2023,양양군상수도,6497.0,61.0,583.0,28.0,0.0,7169.0,0.0,1892.0,3242.0,0.0,0.0,0.0,5134.0,0.0,0.0,0.0,7624.0,0.0,7624.0,0.0,5731.0,0.0,0.0,0.0,5731.0,2860.0
91,2023,계룡시상수도,4326.0,480.0,180.0,10.0,0.0,4996.0,0.0,0.0,2538.0,0.0,0.0,0.0,2538.0,0.0,0.0,0.0,2367.0,0.0,2367.0,7516.0,2252.0,0.0,0.0,0.0,2252.0,972.0
92,2023,증평군하수도,3672.0,10.0,5247.0,127.0,0.0,9056.0,0.0,251.0,4315.0,0.0,0.0,0.0,4566.0,0.0,0.0,0.0,5909.0,0.0,5909.0,999.0,5914.0,0.0,1971.0,81.0,7966.0,804.0
93,2023,고양시하수도,65962.0,876.0,50.0,308.0,0.0,67196.0,0.0,3268.0,71777.0,0.0,0.0,0.0,75045.0,0.0,0.0,0.0,62238.0,0.0,62238.0,24424.0,11389.0,6234.0,0.0,0.0,17623.0,8997.0
94,2023,음성군하수도,2036.0,93.0,9749.0,688.0,0.0,12566.0,601.0,405.0,12003.0,5.0,0.0,0.0,12413.0,157.0,0.0,0.0,30271.0,0.0,30271.0,2335.0,2858.0,27254.0,0.0,369.0,30481.0,1291.0
95,2023,김천시하수도,7019.0,119.0,4628.0,25.0,0.0,11791.0,11.0,479.0,8308.0,0.0,1.0,0.0,8788.0,11.0,0.0,0.0,3127.0,2983.0,6110.0,5506.0,43150.0,0.0,0.0,0.0,43150.0,3755.0
96,2023,화순군하수도,1435.0,68.0,6051.0,270.0,0.0,7824.0,388.0,259.0,8968.0,0.0,0.0,0.0,9227.0,315.0,0.0,0.0,40739.0,0.0,40739.0,1860.0,35128.0,0.0,0.0,0.0,35128.0,1424.0
97,2023,화순군상수도,6730.0,38.0,1919.0,182.0,0.0,8869.0,15.0,1740.0,5452.0,0.0,0.0,0.0,7192.0,11.0,0.0,0.0,17453.0,1176.0,18629.0,5962.0,13705.0,0.0,0.0,897.0,14602.0,4863.0
98,2023,영동군상수도,5864.0,134.0,12590.0,1.0,0.0,18589.0,2490.0,1769.0,2894.0,0.0,0.0,0.0,4663.0,2438.0,148.0,0.0,3177.0,207.0,3532.0,0.0,8591.0,0.0,0.0,200.0,8791.0,0.0
99,2023,포항시시설관리공단,29400.0,0.0,0.0,190.0,0.0,29590.0,41.0,15912.0,13447.0,0.0,190.0,0.0,29549.0,41.0,0.0,0.0,0.0,492.0,492.0,0.0,492.0,0.0,0.0,0.0,492.0,0.0
100,2023,춘천도시공사,44996.0,277.0,0.0,117.0,0.0,45390.0,2829.0,22621.0,22196.0,0.0,0.0,81.0,44898.0,0.0,10.0,0.0,7582.0,11250.0,18842.0,0.0,4188.0,0.0,0.0,0.0,4188.0,378.0
101,2023,이천시하수도,17660.0,576.0,0.0,41.0,0.0,18277.0,0.0,1178.0,2321.0,0.0,0.0,0.0,3499.0,0.0,0.0,0.0,17979.0,41814.0,59793.0,0.0,0.0,150.0,0.0,54346.0,54496.0,0.0
102,2023,강릉관광개발공사,28267.0,119.0,0.0,46.0,0.0,28432.0,5293.0,4010.0,13368.0,0.0,0.0,0.0,17378.0,8301.0,0.0,0.0,0.0,2.0,2.0,0.0,1771.0,0.0,0.0,0.0,1771.0,2222.0
103,2023,보령시시설관리공단,17079.0,0.0,0.0,179.0,0.0,17258.0,0.0,6661.0,9557.0,0.0,173.0,0.0,16391.0,0.0,0.0,0.0,300.0,859.0,1159.0,0.0,329.0,8.0,0.0,0.0,337.0,0.0
104,2023,당진도시공사,1091.0,48.0,0.0,67.0,0.0,1206.0,0.0,551.0,643.0,0.0,0.0,0.0,1194.0,0.0,0.0,0.0,0.0,0.0,0.0,0.0,0.0,0.0,0.0,0.0,0.0,0.0
105,2023,연천군하수도,4412.0,618.0,12847.0,465.0,0.0,18342.0,0.0,644.0,15765.0,0.0,0.0,0.0,16409.0,1653.0,0.0,0.0,26803.0,0.0,26803.0,0.0,16121.0,0.0,0.0,86.0,16207.0,5355.0
106,2023,칠곡군하수도,7083.0,179.0,22655.0,0.0,0.0,29917.0,284.0,179.0,28314.0,0.0,0.0,0.0,28493.0,284.0,0.0,0.0,10892.0,2024.0,12916.0,10077.0,0.0,0.0,0.0,6550.0,6550.0,6162.0
107,2023,의령친환경골프장관리사업소,2106.0,48.0,0.0,0.0,0.0,2154.0,0.0,561.0,495.0,0.0,0.0,0.0,1056.0,0.0,0.0,0.0,1579.0,0.0,1579.0,88.0,648.0,0.0,0.0,700.0,1348.0,88.0
108,2023,경기도고덕국제화계획지구조성사업,6242.0,17.0,0.0,275.0,0.0,6534.0,2096.0,0.0,7109.0,324.0,0.0,0.0,7433.0,2096.0,0.0,0.0,9002.0,0.0,9002.0,0.0,0.0,0.0,7250.0,0.0,7250.0,0.0
109,2023,인천광역시제물포구시설관리공단,15675.0,0.0,0.0,0.0,0.0,15675.0,0.0,10603.0,5069.0,0.0,3.0,0.0,15675.0,0.0,0.0,0.0,0.0,149.0,149.0,0.0,0.0,0.0,0.0,149.0,149.0,0.0
110,2023,여수시도시관리공단,47072.0,0.0,0.0,0.0,0.0,47072.0,20.0,33252.0,13820.0,0.0,0.0,0.0,47072.0,0.0,0.0,0.0,0.0,3670.0,3670.0,676.0,2493.0,0.0,0.0,0.0,2493.0,0.0
111,2023,단양군상수도,6236.0,37.0,2577.0,61.0,0.0,8911.0,0.0,63.0,5514.0,0.0,0.0,0.0,5577.0,0.0,0.0,0.0,12530.0,0.0,12530.0,811.0,10247.0,0.0,0.0,0.0,10247.0,799.0
112,2023,영덕군상수도,5483.0,78.0,700.0,10.0,0.0,6271.0,281.0,1820.0,0.0,0.0,0.0,0.0,1820.0,0.0,0.0,0.0,0.0,4205.0,4205.0,0.0,5335.0,0.0,0.0,1417.0,6752.0,236.0
113,2023,양산시시설관리공단,23949.0,0.0,0.0,0.0,0.0,23949.0,0.0,10792.0,13155.0,0.0,2.0,0.0,23949.0,0.0,0.0,0.0,234.0,200.0,434.0,0.0,234.0,0.0,0.0,0.0,234.0,0.0
114,2023,동두천시하수도,11552.0,288.0,660.0,139.0,0.0,12639.0,0.0,1780.0,9955.0,0.0,0.0,0.0,11735.0,0.0,0.0,0.0,6639.0,16788.0,23427.0,0.0,5068.0,0.0,0.0,10676.0,15744.0,0.0
115,2023,부산광역시기장군도시관리공단,29999.0,0.0,0.0,7631.0,0.0,37630.0,0.0,15157.0,12504.0,0.0,7278.0,0.0,34939.0,0.0,0.0,0.0,0.0,1394.0,1394.0,0.0,1217.0,171.0,0.0,0.0,1388.0,0.0
116,2023,함안지방공사,26448.0,340.0,0.0,92.0,0.0,26880.0,0.0,6140.0,8067.0,0.0,6961.0,0.0,21168.0,290.0,2.0,0.0,0.0,0.0,2.0,316.0,81.0,14.0,0.0,664.0,759.0,0.0
117,2023,의성군상수도,5974.0,25.0,5595.0,40.0,0.0,11634.0,0.0,852.0,9946.0,0.0,0.0,0.0,10798.0,0.0,0.0,0.0,11851.0,1425.0,13276.0,957.0,2180.0,0.0,0.0,9744.0,11924.0,957.0
118,2023,안산도시공사,95867.0,1544.0,0.0,415.0,0.0,97826.0,11834.0,37970.0,53858.0,163.0,20.0,0.0,92011.0,3458.0,0.0,135000.0,0.0,38462.0,173462.0,1832.0,146620.0,996.0,500.0,704.0,148820.0,784.0
119,2023,파주시하수도,43979.0,1011.0,0.0,303.0,0.0,45293.0,0.0,1360.0,34062.0,0.0,26.0,0.0,35448.0,0.0,0.0,0.0,65124.0,727.0,65851.0,3514.0,8453.0,0.0,0.0,47990.0,56443.0,3026.0
120,2023,포항시하수도,22363.0,643.0,58590.0,90.0,0.0,81686.0,0.0,4644.0,33614.0,0.0,6.0,0.0,38264.0,0.0,0.0,0.0,77984.0,55.0,78039.0,29457.0,79741.0,0.0,0.0,5.0,79746.0,13878.0
121,2023,보령시하수도,5082.0,511.0,17.0,315.0,0.0,5925.0,0.0,447.0,566.0,0.0,9.0,0.0,1022.0,0.0,0.0,0.0,38088.0,12989.0,51077.0,12989.0,19354.0,0.0,0.0,32405.0,51759.0,8408.0
122,2023,제주관광공사,38036.0,521.0,0.0,9092.0,0.0,47649.0,4622.0,4793.0,30968.0,392.0,9216.0,0.0,45369.0,0.0,0.0,0.0,0.0,8605.0,8605.0,0.0,157.0,1577.0,5583.0,8284.0,15601.0,4622.0
123,2023,울주군시설관리공단,23036.0,0.0,0.0,0.0,0.0,23036.0,0.0,13222.0,9506.0,0.0,308.0,0.0,23036.0,0.0,0.0,0.0,0.0,2136.0,2136.0,0.0,2108.0,28.0,0.0,0.0,2136.0,0.0
124,2023,양평공사,21747.0,138.0,0.0,2497.0,0.0,24382.0,48.0,8654.0,11647.0,0.0,1537.0,0.0,21838.0,25.0,0.0,0.0,46.0,106.0,152.0,0.0,240.0,0.0,0.0,0.0,240.0,0.0
125,2023,당진시하수도,10735.0,783.0,10978.0,40.0,0.0,22536.0,0.0,540.0,16088.0,0.0,2.0,0.0,16630.0,0.0,0.0,0.0,33670.0,16.0,33686.0,8001.0,1859.0,0.0,3614.0,27246.0,32719.0,0.0
126,2023,평택도시공사,317225.0,423.0,0.0,1601.0,0.0,319249.0,13392.0,10451.0,12383.0,542.0,4665.0,0.0,28041.0,13392.0,1079.0,564183.0,164.0,240.0,565666.0,34267.0,218.0,0.0,567061.0,240932.0,808211.0,17981.0
127,2023,강화군시설관리공단,13069.0,0.0,0.0,0.0,0.0,13069.0,0.0,8548.0,4521.0,0.0,0.0,0.0,13069.0,0.0,0.0,0.0,0.0,965.0,965.0,968.0,916.0,49.0,0.0,0.0,965.0,0.0
128,2023,군포도시공사,37810.0,1320.0,0.0,258.0,0.0,39388.0,287.0,15152.0,23264.0,0.0,261.0,0.0,38677.0,0.0,0.0,0.0,29713.0,2182.0,31895.0,0.0,2195.0,0.0,0.0,50.0,2245.0,0.0
129,2023,전주시시설관리공단,43494.0,576.0,0.0,0.0,0.0,44070.0,0.0,25031.0,18413.0,576.0,50.0,0.0,44070.0,0.0,0.0,0.0,14667.0,0.0,14667.0,0.0,14667.0,0.0,0.0,0.0,14667.0,0.0
130,2023,화성도시공사,146788.0,4596.0,0.0,843.0,0.0,152227.0,157662.0,32944.0,74564.0,0.0,269.0,0.0,107777.0,23236.0,1211.0,0.0,2799.0,880.0,4890.0,0.0,3006.0,451.0,0.0,0.0,3457.0,0.0
131,2023,화성시하수도,69393.0,1669.0,0.0,273.0,0.0,71335.0,0.0,1344.0,64240.0,0.0,100.0,0.0,65684.0,3855.0,0.0,0.0,43038.0,0.0,43038.0,26223.0,1125.0,20743.0,0.0,1266.0,23134.0,13503.0
132,2023,울산광역시남구도시관리공단,18918.0,297.0,0.0,0.0,0.0,19215.0,0.0,9292.0,9626.0,297.0,0.0,0.0,19215.0,0.0,0.0,0.0,0.0,930.0,930.0,0.0,854.0,76.0,0.0,0.0,930.0,0.0
133,2023,강릉시하수도,22153.0,316.0,4942.0,0.0,0.0,27411.0,9979.0,1496.0,20249.0,0.0,333.0,0.0,22078.0,9979.0,0.0,0.0,40002.0,376.0,40378.0,9979.0,27473.0,10.0,0.0,2590.0,30073.0,9019.0
134,2023,인천경제자유구역청,252848.0,39611.0,0.0,48874.0,0.0,341333.0,192.0,1525.0,266354.0,0.0,602.0,0.0,268481.0,268481.0,61.0,0.0,0.0,366621.0,366682.0,310145.0,264249.0,0.0,0.0,442331.0,706580.0,224484.0
135,2023,거제시하수도,8157.0,605.0,14440.0,74.0,0.0,23276.0,0.0,2761.0,17694.0,210.0,0.0,6.0,20671.0,0.0,4.0,0.0,71766.0,91.0,71861.0,52042.0,4041.0,0.0,0.0,0.0,4041.0,25631.0
136,2023,노원구시설관리공단,21549.0,0.0,0.0,0.0,0.0,21549.0,141.0,12876.0,8673.0,0.0,0.0,0.0,21549.0,0.0,0.0,0.0,0.0,429.0,429.0,0.0,429.0,0.0,0.0,0.0,429.0,0.0
137,2023,남양주도시공사,99083.0,3704.0,0.0,36.0,0.0,102823.0,79724.0,30790.0,40892.0,0.0,52.0,0.0,71734.0,44443.0,0.0,0.0,9709.0,0.0,9709.0,4596.0,7126.0,20.0,0.0,0.0,7146.0,3585.0
138,2023,중구시설관리공단,24439.0,0.0,0.0,169.0,0.0,24608.0,0.0,14277.0,10152.0,0.0,158.0,0.0,24587.0,0.0,0.0,0.0,0.0,653.0,653.0,0.0,0.0,0.0,0.0,653.0,653.0,0.0
139,2023,함안군상수도,8515.0,114.0,0.0,21.0,0.0,8650.0,0.0,6162.0,0.0,0.0,0.0,0.0,6162.0,0.0,0.0,0.0,6087.0,0.0,6087.0,4150.0,6732.0,0.0,0.0,1491.0,8223.0,4150.0
140,2023,통영관광개발공사,8289.0,417.0,0.0,3110.0,0.0,11816.0,39.0,6186.0,4067.0,0.0,158.0,0.0,10411.0,9.0,0.0,0.0,0.0,4700.0,4700.0,0.0,535.0,0.0,0.0,200.0,735.0,9.0
141,2023,영양고추유통공사,18616.0,67.0,0.0,555.0,0.0,19238.0,0.0,2264.0,17399.0,707.0,471.0,0.0,20841.0,0.0,28700.0,0.0,0.0,140.0,28840.0,0.0,14.0,0.0,26300.0,102.0,26416.0,0.0
142,2023,음성군상수도,19238.7,140.1,842.0,0.9,0.0,20221.7,9.6,892.8,12918.5,0.0,0.0,1.5,13812.8,9.6,9.0,0.0,4067.0,2.7,4078.7,591.2,6329.3,0.0,0.0,3980.0,10309.3,1254.1
143,2023,울산광역시도시공사,38088.0,6146.0,0.0,5507.0,0.0,49741.0,2329.0,3581.0,8902.0,1283.0,76.0,39.0,13881.0,1823.0,0.0,0.0,1541.0,346008.0,347549.0,11694.0,2415.0,0.0,52434.0,32967.0,87816.0,8084.0
144,2023,문경관광진흥공단(폐지),10248.0,175.0,0.0,-175.0,0.0,10248.0,0.0,4462.0,5786.0,0.0,0.0,0.0,10248.0,0.0,0.0,0.0,266.0,100.0,366.0,0.0,115.0,151.0,0.0,0.0,266.0,0.0
145,2023,부안군상수도,9041.0,70.0,2500.0,26.0,0.0,11637.0,131.0,1741.0,8606.0,0.0,0.0,0.0,10347.0,131.0,0.0,0.0,4928.0,3105.0,8033.0,1455.0,5978.0,57.0,0.0,14.0,6049.0,1264.0
146,2023,관악구시설관리공단,18464.0,176.0,0.0,249.0,0.0,18889.0,0.0,10308.0,8156.0,176.0,249.0,0.0,18889.0,0.0,0.0,0.0,0.0,721.0,721.0,0.0,353.0,368.0,0.0,0.0,721.0,0.0
147,2023,안동시시설관리공단,26452.0,0.0,0.0,4.0,0.0,26456.0,0.0,11028.0,15424.0,0.0,4.0,0.0,26456.0,0.0,0.0,0.0,0.0,1429.0,1429.0,0.0,1229.0,0.0,0.0,0.0,1229.0,0.0
148,2023,인천환경공단,148519.0,0.0,0.0,928.0,0.0,149447.0,70.0,47698.0,97893.0,0.0,895.0,0.0,146486.0,0.0,0.0,0.0,2218.0,36672.0,38890.0,299.0,36483.0,0.0,0.0,2218.0,38701.0,104.0
149,2023,제천시하수도,6939.0,134.0,19891.0,271.0,0.0,27235.0,245.0,3206.0,10672.0,0.0,0.0,0.0,13878.0,245.0,0.0,0.0,37714.0,0.0,37714.0,5146.0,8883.0,0.0,0.0,33635.0,42518.0,3915.0
150,2023,은평구시설관리공단,12706.0,120.0,0.0,30.0,0.0,12856.0,0.0,6450.0,6256.0,120.0,30.0,0.0,12856.0,0.0,0.0,0.0,0.0,403.0,403.0,0.0,0.0,0.0,0.0,403.0,403.0,0.0
151,2023,충주시하수도,25280.0,501.0,10241.0,14.0,0.0,36036.0,13.0,4994.0,12637.0,0.0,0.0,0.0,17631.0,13.0,0.0,0.0,47303.0,0.0,47303.0,2786.0,52073.0,0.0,0.0,7884.0,59957.0,1593.0
152,2023,충청남도개발공사,234648.0,10270.0,0.0,1603.0,0.0,246521.0,0.0,5462.0,67995.0,1744.0,3157.0,9845.0,88203.0,0.0,1326.0,64969.0,1183.0,14331.0,81809.0,0.0,18213.0,76.0,133503.0,202886.0,354678.0,0.0
153,2023,창원레포츠파크,29015.0,0.0,270.0,0.0,0.0,29285.0,0.0,11689.0,16592.0,0.0,322.0,0.0,28603.0,0.0,0.0,0.0,0.0,945.0,945.0,744.0,829.0,97.0,0.0,0.0,926.0,679.0
154,2023,광주환경공단,77103.0,69.0,0.0,26.0,0.0,77198.0,293.0,22345.0,52263.0,0.0,0.0,0.0,74608.0,222.0,0.0,0.0,15334.0,31.0,15365.0,57.0,12611.0,0.0,0.0,0.0,12611.0,57.0
155,2023,대구공공시설관리공단,244186.0,580.0,0.0,106.0,0.0,244872.0,1590.0,75271.0,166378.0,0.0,0.0,0.0,241649.0,1536.0,0.0,0.0,0.0,36601.0,36601.0,6238.0,32944.0,1146.0,0.0,168.0,34258.0,5901.0
156,2023,부산환경공단,217582.0,0.0,0.0,0.0,0.0,217582.0,5675.0,41867.0,166004.0,0.0,1119.0,0.0,208990.0,5675.0,0.0,0.0,0.0,16374.0,16374.0,590.0,15822.0,57.0,0.0,120.0,15999.0,590.0
157,2023,창원시설공단,89323.0,0.0,0.0,275.0,0.0,89598.0,0.0,32699.0,56897.0,0.0,2.0,0.0,89598.0,0.0,0.0,0.0,1620.0,0.0,1620.0,0.0,1612.0,8.0,0.0,0.0,1620.0,0.0
158,2023,청주시시설관리공단,44492.0,692.0,0.0,52.0,0.0,45236.0,0.0,19377.0,25106.0,0.0,21.0,0.0,44504.0,0.0,0.0,0.0,2124.0,15.0,2139.0,0.0,2105.0,15.0,0.0,5.0,2125.0,0.0
159,2023,정선군시설관리공단,14105.0,0.0,0.0,0.0,0.0,14105.0,0.0,7341.0,6764.0,0.0,0.0,0.0,14105.0,0.0,0.0,0.0,0.0,550.0,550.0,100.0,244.0,305.0,0.0,1.0,550.0,0.0
160,2023,동해시시설관리공단,10195.0,0.0,0.0,0.0,0.0,10195.0,0.0,6134.0,4058.0,0.0,3.0,0.0,10195.0,0.0,0.0,0.0,0.0,409.0,409.0,0.0,24.0,0.0,0.0,0.0,24.0,385.0
161,2023,속초시시설관리공단,20790.0,0.0,0.0,0.0,0.0,20790.0,0.0,13883.0,6907.0,0.0,0.0,0.0,20790.0,0.0,0.0,0.0,0.0,100.0,100.0,0.0,0.0,0.0,0.0,100.0,100.0,0.0
162,2023,연천군시설관리공단,13149.0,0.0,0.0,0.0,0.0,13149.0,0.0,5878.0,6732.0,0.0,3.0,0.0,12613.0,0.0,0.0,0.0,0.0,259.0,259.0,0.0,242.0,17.0,0.0,0.0,259.0,0.0
163,2023,가평군시설관리공단,15100.0,0.0,0.0,140.0,0.0,15240.0,0.0,8469.0,6631.0,0.0,140.0,0.0,15240.0,0.0,0.0,0.0,280.0,0.0,280.0,200.0,280.0,0.0,0.0,0.0,280.0,0.0
164,2023,의정부시시설관리공단(폐지),33192.0,445.0,0.0,90.0,0.0,33727.0,0.0,21100.0,11645.0,0.0,429.0,0.0,33174.0,0.0,0.0,0.0,0.0,383.0,383.0,0.0,311.0,57.0,0.0,3.0,371.0,0.0
165,2023,오산시시설관리공단(폐지),18328.0,0.0,0.0,0.0,0.0,18328.0,0.0,8818.0,8739.0,0.0,0.0,0.0,17557.0,0.0,0.0,0.0,0.0,527.0,527.0,0.0,473.0,15.0,0.0,0.0,488.0,0.0
166,2023,안성시시설관리공단,27435.0,0.0,0.0,0.0,0.0,27435.0,0.0,16976.0,8353.0,0.0,434.0,0.0,25763.0,0.0,0.0,0.0,2771.0,0.0,2771.0,0.0,2484.0,260.0,0.0,0.0,2744.0,0.0
167,2023,시흥도시공사,61553.0,0.0,0.0,2168.0,0.0,63721.0,6425.0,23812.0,39604.0,0.0,747.0,0.0,64163.0,5670.0,4386.0,88855.0,0.0,995.0,94236.0,2557.0,59032.0,32.0,36031.0,0.0,95095.0,530.0
168,2023,부천도시공사,68733.0,1287.0,0.0,281.0,0.0,70301.0,47178.0,31469.0,38197.0,0.0,3.0,0.0,69669.0,853.0,0.0,63400.0,0.0,32569.0,95969.0,0.0,28719.0,0.0,0.0,23000.0,51719.0,23007.0
169,2023,수원도시공사,108305.0,1072.0,0.0,0.0,0.0,109377.0,0.0,32723.0,37366.0,0.0,0.0,0.0,70089.0,600.0,0.0,0.0,39569.0,1593.0,41162.0,1467.0,2406.0,0.0,0.0,0.0,2406.0,3.0
170,2023,울산시설공단,65567.0,0.0,0.0,0.0,0.0,65567.0,0.0,34803.0,29130.0,0.0,0.0,0.0,63933.0,0.0,0.0,0.0,0.0,2565.0,2565.0,138.0,2359.0,88.0,0.0,59.0,2506.0,138.0
171,2023,대전광역시시설관리공단,96112.0,584.0,0.0,355.0,0.0,97051.0,19.0,29917.0,56070.0,0.0,7449.0,0.0,93436.0,19.0,0.0,0.0,11338.0,0.0,11338.0,17.0,10014.0,0.0,227.0,67.0,10308.0,17.0
172,2023,인천광역시서구시설관리공단,39533.0,0.0,0.0,3.0,0.0,39536.0,0.0,23371.0,16162.0,0.0,3.0,0.0,39536.0,0.0,0.0,0.0,1000.0,960.0,1960.0,0.0,960.0,0.0,0.0,0.0,960.0,0.0
173,2023,인천광역시계양구시설관리공단,10994.0,0.0,0.0,0.0,0.0,10994.0,0.0,7663.0,3331.0,0.0,0.0,0.0,10994.0,0.0,0.0,0.0,0.0,0.0,0.0,0.0,12.0,0.0,0.0,0.0,12.0,0.0
174,2023,인천광역시부평구시설관리공단,23336.0,0.0,0.0,0.0,0.0,23336.0,0.0,15766.0,7567.0,0.0,3.0,0.0,23336.0,0.0,0.0,0.0,0.0,797.0,797.0,0.0,797.0,0.0,0.0,0.0,797.0,0.0
175,2023,남동구도시관리공단,15044.0,0.0,0.0,3.0,0.0,15047.0,0.0,6611.0,8433.0,0.0,3.0,0.0,15047.0,0.0,0.0,0.0,0.0,862.0,862.0,0.0,462.0,0.0,0.0,0.0,462.0,0.0
176,2023,인천광역시미추홀구시설관리공단,16656.0,0.0,0.0,2.0,0.0,16658.0,0.0,9973.0,6683.0,0.0,2.0,0.0,16658.0,0.0,0.0,0.0,500.0,114.0,614.0,0.0,114.0,0.0,0.0,0.0,114.0,0.0
177,2023,인천시설공단,150290.0,3217.0,0.0,58.0,0.0,153565.0,30.0,62317.0,63774.0,0.0,0.0,0.0,126091.0,0.0,0.0,0.0,11424.0,0.0,11424.0,0.0,10796.0,257.0,0.0,23.0,11076.0,0.0
178,2023,부산시설공단,171636.0,1164.0,0.0,2754.0,0.0,175554.0,252.0,62016.0,91001.0,0.0,8152.0,3.0,161172.0,245.0,0.0,0.0,14890.0,0.0,14890.0,14213.0,26347.0,15.0,0.0,161.0,26523.0,4303.0
179,2023,중랑구시설관리공단,15896.0,0.0,0.0,0.0,0.0,15896.0,0.0,8164.0,7732.0,0.0,0.0,0.0,15896.0,0.0,0.0,0.0,458.0,0.0,458.0,4.0,458.0,0.0,0.0,0.0,458.0,4.0
180,2023,종로구시설관리공단,18015.0,0.0,0.0,34.0,0.0,18049.0,0.0,8553.0,9239.0,0.0,0.0,0.0,17792.0,0.0,0.0,0.0,0.0,2296.0,2296.0,0.0,967.0,247.0,0.0,0.0,1214.0,101.0
181,2023,용산구시설관리공단,21157.0,0.0,0.0,188.0,0.0,21345.0,0.0,10813.0,10344.0,0.0,188.0,0.0,21345.0,0.0,0.0,0.0,182.0,0.0,182.0,0.0,182.0,0.0,0.0,0.0,182.0,0.0
182,2023,영등포구시설관리공단,19862.0,0.0,0.0,0.0,0.0,19862.0,0.0,9520.0,10342.0,0.0,0.0,0.0,19862.0,0.0,0.0,0.0,0.0,389.0,389.0,0.0,389.0,0.0,0.0,0.0,389.0,0.0
183,2023,양천구시설관리공단,18223.0,0.0,0.0,23.0,0.0,18246.0,0.0,9504.0,8719.0,0.0,23.0,0.0,18246.0,0.0,0.0,0.0,0.0,64.0,64.0,0.0,0.0,0.0,0.0,64.0,64.0,0.0
184,2023,송파구시설관리공단,20621.0,0.0,0.0,56.0,0.0,20677.0,0.0,11596.0,9025.0,0.0,56.0,0.0,20677.0,0.0,0.0,0.0,0.0,552.0,552.0,0.0,0.0,0.0,0.0,552.0,552.0,0.0
185,2023,성북구도시관리공단,24703.0,329.0,689.0,-329.0,0.0,25392.0,4.0,14303.0,10381.0,0.0,689.0,0.0,25373.0,4.0,0.0,0.0,1913.0,400.0,2313.0,0.0,1913.0,0.0,0.0,0.0,1913.0,0.0
186,2023,성동구도시관리공단,31082.0,0.0,0.0,101.0,0.0,31183.0,0.0,16354.0,14598.0,0.0,231.0,0.0,31183.0,0.0,0.0,0.0,0.0,551.0,551.0,0.0,551.0,0.0,0.0,0.0,551.0,0.0
187,2023,서대문구도시관리공단,16888.0,0.0,0.0,0.0,0.0,16888.0,0.0,7834.0,9054.0,0.0,0.0,0.0,16888.0,0.0,0.0,0.0,4132.0,79.0,4211.0,0.0,4209.0,2.0,0.0,0.0,4211.0,0.0
188,2023,마포구시설관리공단,23363.0,0.0,0.0,0.0,0.0,23363.0,0.0,11132.0,10106.0,0.0,2125.0,0.0,23363.0,0.0,0.0,0.0,0.0,187.0,187.0,0.0,0.0,0.0,0.0,187.0,187.0,0.0
189,2023,동작구시설관리공단,19756.0,467.0,0.0,0.0,0.0,20223.0,0.0,9360.0,10396.0,467.0,0.0,0.0,20223.0,0.0,0.0,0.0,0.0,233.0,233.0,0.0,98.0,29.0,0.0,0.0,127.0,0.0
190,2023,동대문구시설관리공단,18643.0,0.0,0.0,0.0,0.0,18643.0,0.0,10409.0,8234.0,0.0,0.0,0.0,18643.0,0.0,0.0,0.0,0.0,277.0,277.0,0.0,258.0,19.0,0.0,0.0,277.0,0.0
191,2023,도봉구시설관리공단,19856.0,0.0,0.0,0.0,0.0,19856.0,0.0,9575.0,10281.0,0.0,0.0,0.0,19856.0,0.0,0.0,0.0,106.0,0.0,106.0,0.0,0.0,0.0,0.0,106.0,106.0,0.0
192,2023,금천구시설관리공단,15009.0,0.0,0.0,117.0,0.0,15126.0,0.0,6770.0,8239.0,0.0,117.0,0.0,15126.0,0.0,0.0,0.0,0.0,28.0,28.0,0.0,0.0,0.0,0.0,0.0,0.0,0.0
193,2023,구로구시설관리공단,13619.0,0.0,0.0,1.0,0.0,13620.0,0.0,5770.0,7747.0,0.0,9.0,0.0,13526.0,0.0,0.0,0.0,0.0,1893.0,1893.0,0.0,459.0,0.0,0.0,0.0,459.0,0.0
194,2023,광진구시설관리공단,26423.0,0.0,0.0,1.0,0.0,26424.0,0.0,14183.0,12240.0,0.0,1.0,0.0,26424.0,0.0,0.0,0.0,0.0,4963.0,4963.0,0.0,0.0,0.0,0.0,4963.0,4963.0,0.0
195,2023,강서구시설관리공단,20586.0,347.0,0.0,35.0,0.0,20968.0,4.0,11149.0,9437.0,347.0,35.0,0.0,20968.0,4.0,0.0,0.0,0.0,869.0,869.0,225.0,869.0,0.0,0.0,0.0,869.0,225.0
196,2023,강북구도시관리공단,19574.0,0.0,0.0,0.0,0.0,19574.0,0.0,12417.0,7157.0,0.0,0.0,0.0,19574.0,0.0,0.0,0.0,0.0,808.0,808.0,260.0,635.0,45.0,0.0,0.0,680.0,0.0
197,2023,강동구도시관리공단,19352.0,0.0,0.0,0.0,0.0,19352.0,0.0,10507.0,8845.0,0.0,0.0,0.0,19352.0,0.0,0.0,0.0,0.0,393.0,393.0,0.0,326.0,67.0,0.0,0.0,393.0,0.0
198,2023,강남구도시관리공단,34762.0,0.0,0.0,0.0,0.0,34762.0,0.0,15937.0,18825.0,0.0,0.0,0.0,34762.0,0.0,0.0,0.0,0.0,5578.0,5578.0,0.0,4858.0,47.0,0.0,0.0,4905.0,0.0
199,2023,서울시설공단,425441.0,7457.0,0.0,702.0,0.0,433600.0,5661.0,235739.0,170024.0,0.0,1358.0,0.0,407121.0,5420.0,0.0,0.0,0.0,31488.0,31488.0,1619.0,25587.0,405.0,0.0,554.0,26546.0,1612.0
200,2023,창녕군시설관리공단,17175.0,136.0,0.0,53.0,0.0,17364.0,47.0,6977.0,9039.0,0.0,1420.0,0.0,17436.0,47.0,2.0,0.0,0.0,3.0,5.0,0.0,276.0,0.0,0.0,0.0,276.0,0.0
201,2023,청도공영사업공사,27622.0,27.0,0.0,6594.0,0.0,34243.0,292.0,1223.0,32282.0,0.0,0.0,0.0,33505.0,292.0,0.0,0.0,0.0,220.0,220.0,1403.0,65.0,0.0,0.0,200.0,265.0,0.0
202,2023,하남도시공사,36530.0,5477.0,0.0,110810.0,0.0,152817.0,1138.0,10391.0,13327.0,140.0,811.0,0.0,24669.0,1104.0,1251.0,525.0,1295.0,0.0,3071.0,27944.0,80075.0,87.0,2290.0,0.0,82452.0,16387.0
203,2023,용인도시공사,104672.0,6964.0,0.0,189.0,0.0,111825.0,32742.0,22028.0,81346.0,80.0,2480.0,0.0,105934.0,13612.0,187.0,70510.0,34223.0,0.0,104920.0,9268.0,3957.0,318.0,0.0,108775.0,113050.0,5926.0
204,2023,경기평택항만공사,23640.0,229.0,0.0,49.0,0.0,23918.0,0.0,1577.0,19494.0,0.0,608.0,0.0,21679.0,243.0,0.0,0.0,0.0,642.0,642.0,5677.0,228.0,0.0,0.0,1017.0,1245.0,0.0
205,2023,광주도시관리공사,78764.0,1671.0,0.0,504.0,0.0,80939.0,0.0,31317.0,43159.0,0.0,20.0,0.0,74496.0,0.0,0.0,0.0,55969.0,1524.0,57493.0,8904.0,3923.0,0.0,0.0,176.0,4099.0,8896.0
206,2023,경기관광공사,44595.0,284.0,0.0,581.0,0.0,45460.0,1187.0,5326.0,36124.0,0.0,464.0,0.0,41914.0,993.0,0.0,0.0,0.0,70.0,70.0,1187.0,0.0,0.0,0.0,0.0,0.0,993.0
207,2023,구리농수산물공사,14731.0,1043.0,0.0,10919.0,0.0,26693.0,0.0,3575.0,6937.0,0.0,11029.0,0.0,21541.0,0.0,0.0,0.0,0.0,42058.0,42058.0,0.0,567.0,316.0,0.0,1248.0,2131.0,0.0
208,2023,광주광역시 관광공사,25859.0,35.0,3052.0,160.0,0.0,29106.0,158.0,6579.0,21777.0,0.0,0.0,0.0,28356.0,152.0,90.0,0.0,0.0,0.0,90.0,1826.0,405.0,90.0,0.0,0.0,495.0,0.0
209,2023,서울특별시농수산식품공사,93216.0,3290.0,0.0,44632.0,0.0,141138.0,1283.0,26949.0,46001.0,1810.0,45150.0,0.0,119910.0,1176.0,0.0,0.0,0.0,77191.0,77191.0,27523.0,25607.0,1534.0,7396.0,59.0,34596.0,21973.0
210,2023,제주특별자치도개발공사,409644.0,10313.0,0.0,6619.0,0.0,426576.0,38356.0,48188.0,260334.0,900.0,3343.0,0.0,312765.0,2059.0,527.0,25742.0,21390.0,175556.0,223215.0,0.0,82550.0,1168.0,0.0,21727.0,105445.0,18919.0
211,2023,경남개발공사,4821.0,6446.0,0.0,1720.0,0.0,12987.0,7222.0,5464.0,67642.0,1099.0,3778.0,32.0,78015.0,751.0,56.0,37580.0,1063.0,115726.0,154425.0,405349.0,85318.0,10.0,0.0,105585.0,190913.0,5261.0
212,2023,경상북도개발공사,331125.0,1466.0,0.0,16911.0,0.0,349502.0,5513.0,7944.0,112005.0,0.0,15268.0,11532.0,146749.0,3714.0,0.0,81240.0,2000.0,5886.0,89126.0,4155.0,7508.0,333.0,62858.0,69325.0,140024.0,4156.0
213,2023,전남개발공사,13062.0,12052.0,0.0,12711.0,0.0,37825.0,0.0,7835.0,21745.0,0.0,5349.0,9555.0,44484.0,0.0,23532.0,0.0,0.0,144082.0,167614.0,0.0,2124.0,201.0,60962.0,135638.0,198925.0,0.0
214,2023,전북개발공사,87083.0,6099.0,0.0,2220.0,0.0,95402.0,8007.0,4227.0,14747.0,4572.0,1086.0,0.0,24632.0,6429.0,235.0,9807.0,4578.0,2214.0,16834.0,1562.0,22674.0,290.0,7550.0,66014.0,96528.0,1255.0
215,2023,충북개발공사,134553.0,3075.0,0.0,23443.0,0.0,161071.0,0.0,4944.0,152452.0,86.0,3290.0,0.0,160772.0,0.0,0.0,145014.0,50727.0,82079.0,277820.0,0.0,991.0,0.0,14.0,180259.0,181264.0,0.0
216,2023,강원개발공사,160067.0,2389.0,0.0,7300.0,0.0,169756.0,0.0,7497.0,124698.0,5467.0,3470.0,0.0,141132.0,0.0,9110.0,10000.0,0.0,267.0,19377.0,0.0,1502.0,241.0,22279.0,2052.0,26074.0,0.0
217,2023,경기주택도시공사,1078160.0,39171.0,0.0,24527.0,0.0,1141858.0,1353.0,40814.0,150948.0,6155.0,35264.0,44819.0,278000.0,0.0,0.0,2296449.0,91398.0,1351992.0,3739839.0,2158.0,350201.0,6811.0,128574.0,5323698.0,5809284.0,0.0
218,2023,대전도시공사,109211.0,5114.0,10664.0,3048.0,0.0,128037.0,33731.0,29675.0,85064.0,464.0,8422.0,3317.0,126942.0,7815.0,9969.0,535164.0,24697.0,0.0,569830.0,0.0,72197.0,400.0,251850.0,250352.0,574799.0,14981.0
219,2023,광주광역시도시공사,124364.0,7364.0,0.0,7785.0,0.0,139513.0,7920.0,24544.0,70824.0,2756.0,13576.0,0.0,111700.0,6122.0,39528.0,330065.0,23930.0,0.0,393523.0,23603.0,375802.0,61.0,112051.0,9083.0,496997.0,20292.0
220,2023,인천도시공사,77791.0,6911.0,0.0,55146.0,0.0,139848.0,9597.0,26602.0,86860.0,11525.0,6016.0,24013.0,155016.0,9333.0,0.0,1891328.0,72726.0,186028.0,2150082.0,34734.0,790602.0,549.0,991203.0,60042.0,1842396.0,34321.0
221,2023,대구도시개발공사,13226.0,5732.0,0.0,37367.0,0.0,56325.0,3494.0,10922.0,26400.0,8.0,1679.0,3153.0,42162.0,200.0,0.0,232865.0,8.0,387427.0,620300.0,16505.0,10737.0,991.0,112914.0,310898.0,435540.0,12311.0
222,2023,부산도시공사,119704.0,19813.0,250.0,9996.0,0.0,149763.0,240.0,19910.0,54008.0,10783.0,8441.0,0.0,93142.0,0.0,8307.0,854907.0,66385.0,27927.0,957526.0,310.0,597802.0,8531.0,353799.0,12943.0,973075.0,517.0
223,2023,서울주택도시개발공사,1137321.0,143005.0,0.0,37281.0,0.0,1317607.0,0.0,74603.0,1429072.0,86038.0,99652.0,22634.0,1711999.0,0.0,87891.0,1847991.0,309821.0,6373.0,2252076.0,3367698.0,983651.0,37177.0,1803953.0,542203.0,3366984.0,0.0
224,2023,대전교통공사,66567.0,283.0,52843.0,1106.0,0.0,120799.0,0.0,47357.0,58337.0,0.0,0.0,0.0,105694.0,0.0,100.0,0.0,2634.0,7299.0,10033.0,3666.0,5648.0,135.0,0.0,1910.0,7693.0,2075.0
225,2023,광주교통공사,27722.0,1066.0,0.0,60328.0,0.0,89116.0,1147.0,45834.0,34794.0,1.0,750.0,0.0,81379.0,1138.0,0.0,0.0,0.0,181.0,181.0,3956.0,2388.0,9.0,0.0,1585.0,3982.0,3950.0
226,2023,인천교통공사,265253.0,2576.0,98408.0,16371.0,0.0,382608.0,1791.0,181816.0,190725.0,2996.0,6986.0,0.0,382523.0,12471.0,0.0,20000.0,31806.0,2506.0,54312.0,54559.0,12860.0,2.0,0.0,5769.0,18631.0,33232.0
227,2023,대구교통공사,185682.0,2418.0,158518.0,2470.0,0.0,349088.0,6916.0,204849.0,127421.0,12430.0,195.0,0.0,344895.0,6911.0,0.0,155000.0,125047.0,46924.0,326971.0,42895.0,90407.0,864.0,0.0,170844.0,262115.0,38241.0
228,2023,부산교통공사,270550.0,6091.0,274356.0,22037.0,0.0,573034.0,13578.0,314531.0,309665.0,16507.0,3090.0,0.0,643793.0,13578.0,33.0,395500.0,46414.0,153591.0,595538.0,386395.0,181350.0,776.0,244931.0,20680.0,447737.0,171725.0
229,2023,진주시공영개발,8110.0,4288.0,0.0,0.0,0.0,12398.0,0.0,0.0,45.0,0.0,121.0,0.0,166.0,0.0,0.0,0.0,0.0,206759.0,206759.0,182.0,0.0,0.0,0.0,70114.0,70114.0,18.0
230,2023,창원시주택건설사업,1965.0,199.0,0.0,49.0,0.0,2213.0,0.0,306.0,803.0,0.0,0.0,0.0,1109.0,0.0,0.0,1044.0,300.0,600.0,1944.0,0.0,1079.0,0.0,1149.0,809.0,3037.0,0.0
231,2023,광양시공영개발,0.0,465.0,0.0,0.0,0.0,465.0,0.0,127.0,108.0,0.0,0.0,0.0,235.0,0.0,806.0,0.0,0.0,34791.0,35597.0,0.0,0.0,0.0,0.0,35737.0,35737.0,0.0
232,2023,순천시공영개발,0.0,1455.0,0.0,0.0,0.0,1455.0,0.0,187.0,156.0,0.0,0.0,0.0,343.0,0.0,0.0,0.0,0.0,0.0,0.0,0.0,16.0,0.0,0.0,0.0,16.0,0.0
233,2023,목포시공영개발,458.0,133.0,0.0,0.0,0.0,591.0,0.0,160.0,152.0,0.0,0.0,0.0,312.0,0.0,0.0,0.0,0.0,320.0,320.0,31.0,0.0,0.0,0.0,787.0,787.0,31.0
234,2023,익산시공영개발,504.0,153.0,0.0,70.0,0.0,727.0,0.0,413.0,119.0,0.0,0.0,0.0,532.0,0.0,0.0,0.0,0.0,0.0,0.0,8571.0,167.0,0.0,0.0,0.0,167.0,5888.0
235,2023,계룡시공영개발,4509.0,169.0,3000.0,0.5,0.0,7678.5,0.0,0.0,50.0,0.0,0.0,0.0,50.0,0.0,0.0,0.0,0.0,0.0,0.0,1301.0,0.0,0.0,0.0,6125.0,6125.0,1297.0
236,2023,세종특별자치시공영개발,10034.0,57.0,0.0,0.0,0.0,10091.0,0.0,0.0,4702.0,0.0,0.0,0.0,4702.0,0.0,0.0,0.0,0.0,7406.0,7406.0,1952.0,0.0,0.0,0.0,3638.0,3638.0,1187.0
237,2023,아산시공영개발,0.0,8.8,360.0,2360.0,0.0,2728.8,0.0,0.0,245.4,0.0,0.0,0.0,245.4,0.0,0.0,0.0,333.0,411.6,744.6,0.0,0.0,0.0,0.0,2676.2,2676.2,0.0
238,2023,천안시공영개발,269.6,24.0,0.0,0.2,0.0,293.8,0.0,15.9,42.9,0.0,0.0,0.0,58.8,0.0,0.0,0.0,0.0,0.0,0.0,0.0,1429.0,0.0,0.0,0.0,1429.0,0.0
239,2023,음성군공영개발,136.0,299.0,0.0,112.0,0.0,547.0,0.0,0.0,0.0,86.0,119.0,0.0,205.0,7.0,0.0,0.0,0.0,13799.0,13799.0,0.0,0.0,0.0,0.0,0.0,0.0,1763.0
240,2023,충주시공영개발,25495.0,275.0,0.0,138.2,0.0,25908.2,8.0,319.0,176.0,0.0,0.0,0.0,495.0,8.0,0.0,0.0,3029.0,9032.0,12061.0,4649.0,35223.0,0.0,0.0,0.0,35223.0,4330.0
241,2023,강릉시공영개발,2537.0,716.0,14.0,55.0,0.0,3322.0,0.0,144.0,106.0,0.0,0.0,0.0,250.0,8.0,2000.0,3721.0,0.0,0.0,5721.0,2541.0,0.0,0.0,0.0,6317.0,6317.0,2541.0
242,2023,원주시공영개발,5202.0,915.0,0.0,18.0,0.0,6135.0,0.0,182.0,39.0,0.0,0.0,203.0,424.0,0.0,234.0,0.0,0.0,16200.0,16434.0,25073.0,6374.0,0.0,0.0,11326.0,17700.0,0.0
243,2023,춘천시공영개발,34.0,575.0,0.0,43.0,0.0,652.0,9.0,0.0,37.0,0.0,0.0,0.0,37.0,9.0,0.0,0.0,2956.0,0.0,2956.0,5696.0,408.0,0.0,0.0,0.0,408.0,1422.0
244,2023,경기도판교테크노밸리조성사업,41.0,996.0,0.0,8124.0,0.0,9161.0,15.0,0.0,11027.0,0.0,0.0,0.0,11027.0,14.0,0.0,0.0,0.0,18818.0,18818.0,0.0,0.0,0.0,0.0,15395.0,15395.0,0.0
245,2023,안성시공영개발,290.0,1950.0,0.0,0.0,0.0,2240.0,0.0,239.0,32.0,0.0,0.0,0.0,271.0,0.0,0.0,0.0,0.0,0.0,0.0,54587.0,0.0,0.0,0.0,55880.0,55880.0,2514.0
246,2023,의왕시공영개발,0.0,1262.1,0.0,0.2,0.0,1262.3,500.0,694.9,347.4,0.0,0.0,0.0,1042.3,0.0,0.0,0.0,12500.0,0.0,12500.0,31073.6,0.0,0.0,0.0,0.0,0.0,5540.0
247,2023,시흥시공영개발,1655.0,3837.0,0.0,85.0,0.0,5577.0,45.0,1148.0,535.0,0.0,0.0,0.0,1683.0,45.0,0.0,0.0,10000.0,56365.0,66365.0,22786.0,0.0,0.0,0.0,83299.0,83299.0,15295.0
248,2023,의정부시공영개발,0.0,564.0,1000.0,10028.0,0.0,11592.0,0.0,352.0,214.0,0.0,0.0,0.0,566.0,0.0,1067.0,0.0,0.0,4800.0,5867.0,0.0,2359.0,0.0,0.0,8788.0,11147.0,0.0
249,2023,성남시공영개발,728.0,1459.0,0.0,266.0,0.0,2453.0,0.0,1476.0,1083.0,0.0,0.0,0.0,2559.0,0.0,0.0,0.0,71411.0,595.0,72006.0,86.0,256.0,0.0,0.0,18625.0,18881.0,59.0
250,2023,제주특별자치도하수도,74710.0,1050.0,18559.0,280.0,0.0,94599.0,0.0,10970.0,64500.0,5856.0,0.0,536.0,81862.0,0.0,0.0,34000.0,171712.0,0.0,205712.0,43637.0,124482.0,147.0,56156.0,51066.0,231851.0,32618.0
251,2023,창녕군하수도,1244.0,445.0,3576.0,2005.0,0.0,7270.0,0.0,0.0,5206.0,0.0,0.0,0.0,5206.0,0.0,0.0,0.0,4554.0,0.0,4554.0,9467.0,2578.0,0.0,0.0,80.0,2658.0,4405.0
252,2023,양산시하수도,25805.0,883.0,2900.0,42.0,0.0,29630.0,49.0,947.0,24399.0,0.0,0.0,41.0,25387.0,49.0,0.0,0.0,1903.0,39681.0,41584.0,614.0,2389.0,0.0,0.0,0.0,2389.0,614.0
253,2023,밀양시하수도,7526.0,225.0,7308.0,15.0,0.0,15074.0,0.0,542.0,8712.0,0.0,0.0,0.0,9254.0,0.0,0.0,0.0,45060.0,16.0,45076.0,6870.0,28067.0,0.0,0.0,10787.0,38854.0,5645.0
254,2023,통영시하수도,3089.0,3.0,0.0,0.0,0.0,3092.0,7.0,0.0,1564.0,0.0,0.0,0.0,1564.0,7.0,0.0,0.0,1020.0,0.0,1020.0,494.0,1629.0,0.0,0.0,300.0,1929.0,450.0
255,2023,거창군하수도,1345.0,85.0,8981.0,0.0,0.0,10411.0,0.0,375.0,10036.0,0.0,0.0,0.0,10411.0,0.0,0.0,0.0,21504.0,0.0,21504.0,4589.0,23932.0,0.0,0.0,500.0,24432.0,4589.0
256,2023,사천시하수도,10368.0,76.0,1571.0,969.0,0.0,12984.0,0.0,151.0,10627.0,0.0,0.0,2.0,10780.0,0.0,0.0,0.0,6066.0,0.0,6066.0,897.0,3475.0,0.0,0.0,0.0,3475.0,887.0
257,2023,김해시하수도,46392.0,1577.0,6195.0,167.0,0.0,54331.0,0.0,2203.0,32141.0,0.0,0.0,0.0,34344.0,0.0,0.0,0.0,79833.0,67003.0,146836.0,22750.0,25490.0,0.0,0.0,64242.0,89732.0,17460.0
258,2023,진주시하수도,19713.0,537.0,4023.0,9453.0,0.0,33726.0,0.0,4197.0,41173.0,0.0,0.0,35.0,45405.0,0.0,0.0,0.0,18522.0,8724.0,27246.0,21294.0,4420.0,0.0,0.0,0.0,4420.0,13178.0
259,2023,창원시하수도,69226.0,317.0,1256.0,15195.0,0.0,85994.0,0.0,10018.0,73981.0,0.0,0.0,530.0,84529.0,0.0,0.0,500.0,21107.0,0.0,21607.0,0.0,11611.0,0.0,0.0,5949.0,17560.0,0.0
260,2023,영주시하수도,2678.0,208.0,7018.0,12.0,0.0,9916.0,0.0,1466.0,15849.0,0.0,69.0,0.0,17384.0,0.0,0.0,0.0,16239.0,0.0,16239.0,922.0,13022.0,0.0,0.0,412.0,13434.0,522.0
261,2023,상주시하수도,2069.0,361.0,1350.0,700.0,0.0,4480.0,61.0,509.0,10391.0,0.0,0.0,0.0,10900.0,61.0,0.0,0.0,26735.0,0.0,26735.0,10831.0,2556.0,0.0,10920.0,0.0,13476.0,3768.0
262,2023,경산시하수도,18955.0,140.0,4125.0,0.0,70.0,23290.0,1106.0,857.0,22295.0,0.0,0.0,3.0,23155.0,1045.0,7000.0,0.0,51957.0,0.0,58957.0,9284.0,30001.0,0.0,0.0,0.0,30001.0,6869.0
263,2023,영천시하수도,4634.0,120.0,8650.0,0.0,0.0,13404.0,0.0,1985.0,9323.0,0.0,0.0,0.0,11308.0,0.0,0.0,0.0,37550.0,0.0,37550.0,15728.0,24732.0,636.0,0.0,8.0,25376.0,12535.0
264,2023,안동시하수도,9783.0,457.0,3845.0,333.0,0.0,14418.0,14.0,875.0,13770.0,0.0,3.0,0.0,14648.0,14.0,0.0,0.0,27987.0,3128.0,31115.0,3298.0,11117.0,23.0,0.0,366.0,11506.0,2243.0
265,2023,구미시하수도,55256.0,2396.0,7951.0,572.0,0.0,66175.0,0.0,1050.0,48360.0,0.0,2.0,0.0,49412.0,0.0,0.0,0.0,6601.0,76931.0,83532.0,10114.0,13913.0,0.0,0.0,70421.0,84334.0,8871.0
266,2023,경주시하수도,13910.0,225.0,19639.0,81.0,4.0,33859.0,149.0,4056.0,29339.0,0.0,18.0,0.0,33413.0,145.0,0.0,0.0,38814.0,0.0,38814.0,10357.0,9546.0,0.0,14011.0,131.0,23688.0,7224.0
267,2023,영암군하수도,4980.0,27.0,4950.0,509.0,0.0,10466.0,0.0,1309.0,6182.0,0.0,736.0,10.0,8237.0,0.0,0.0,0.0,14912.0,5587.0,20499.0,3617.0,14546.0,0.0,0.0,0.0,14546.0,3344.0
268,2023,나주시하수도,2614.0,242.0,9968.0,2.0,0.0,12826.0,0.0,846.0,11054.0,0.0,0.0,0.0,11900.0,0.0,0.0,0.0,28983.0,0.0,28983.0,8219.0,2.0,0.0,0.0,17525.0,17527.0,7472.0
269,2023,순천시하수도,24688.0,220.0,2173.0,166.0,0.0,27247.0,0.0,2325.0,10432.0,0.0,0.0,145.0,12902.0,0.0,2.0,0.0,9623.0,0.0,9625.0,3690.0,10508.0,0.0,0.0,0.0,10508.0,2725.0
270,2023,목포시하수도,18612.0,277.0,2513.0,56.0,0.0,21458.0,0.0,7445.0,9970.0,0.0,5.0,0.0,17420.0,0.0,58.0,0.0,33686.0,0.0,33744.0,7376.0,35419.0,0.0,0.0,461.0,35880.0,3364.0
271,2023,정읍시하수도,11049.0,83.0,8265.0,52.0,1.0,19450.0,0.0,768.0,16780.0,0.0,0.0,0.0,17548.0,21.0,0.0,0.0,7013.0,3949.0,10962.0,9680.0,4821.0,0.0,0.0,25.0,4846.0,6852.0
272,2023,익산시하수도,23438.0,303.0,19415.0,70.0,0.0,43226.0,0.0,2166.0,35997.0,0.0,0.0,0.0,38163.0,0.0,0.0,0.0,15086.0,4564.0,19650.0,20243.0,0.0,0.0,0.0,0.0,0.0,11637.0
273,2023,완주군하수도,4067.0,113.0,0.0,0.0,0.0,4180.0,0.0,685.0,3069.0,0.0,0.0,0.0,3754.0,0.0,0.0,0.0,0.0,1143.0,1143.0,0.0,1544.0,0.0,0.0,0.0,1544.0,0.0
274,2023,전주시하수도,59747.0,1369.0,0.0,132.0,0.0,61248.0,0.0,2357.0,34174.0,0.0,200.0,0.0,36731.0,0.0,0.0,0.0,38978.0,0.0,38978.0,63358.0,20368.0,0.0,0.0,11770.0,32138.0,32103.0
275,2023,서산시하수도,11803.0,542.0,3929.0,244.0,0.0,16518.0,0.0,300.0,16323.0,0.0,0.0,0.0,16623.0,0.0,0.0,0.0,18918.0,0.0,18918.0,10203.0,1675.0,0.0,0.0,16023.0,17698.0,7599.0
276,2023,아산시하수도,23006.0,497.0,490.0,92.0,0.0,24085.0,0.0,1112.0,21893.0,0.0,0.0,0.0,23005.0,0.0,0.0,0.0,17631.0,16000.0,33631.0,12108.0,3399.0,0.0,0.0,18044.0,21443.0,10696.0
277,2023,천안시하수도,56164.0,3374.0,1177.0,100.0,0.0,60815.0,0.0,2934.0,41740.0,0.0,316.0,0.0,44990.0,1836.0,0.0,0.0,102094.0,0.0,102094.0,47818.0,5456.0,0.0,14703.0,47361.0,67520.0,30763.0
278,2023,공주시하수도,3649.0,174.0,11434.0,241.0,0.0,15498.0,0.0,424.0,13591.0,0.0,0.0,0.0,14015.0,222.0,0.0,0.0,18655.0,0.0,18655.0,6635.0,5120.0,5.0,0.0,0.0,5125.0,4580.0
279,2023,청주시하수도,116957.0,2560.0,9403.0,112.0,0.0,129032.0,816.0,3958.0,70457.0,0.0,243.0,0.0,74658.0,472.0,0.0,0.0,42778.0,20100.0,62878.0,68084.0,13602.0,477.0,2273.0,57122.0,73474.0,38493.0
280,2023,속초시하수도,11908.0,159.0,2800.0,134.0,0.0,15001.0,14.0,2004.0,7363.0,63.0,0.0,0.0,9430.0,14.0,0.0,0.0,11808.0,0.0,11808.0,2209.0,9391.0,0.0,0.0,0.0,9391.0,2043.0
281,2023,춘천시하수도,16679.0,956.0,1585.0,397.0,0.0,19617.0,15253.0,148.0,27322.0,0.0,0.0,0.0,27470.0,102.0,0.0,0.0,45842.0,2.0,45844.0,15253.0,8434.0,0.0,7969.0,9650.0,26053.0,13602.0
282,2023,가평군하수도,6344.0,61.0,8457.0,60.0,0.0,14922.0,149.0,1468.0,13123.0,0.0,5.0,0.0,14596.0,20.0,0.0,0.0,23114.0,0.0,23114.0,868.0,3021.0,37.0,0.0,16678.0,19736.0,474.0
283,2023,김포시하수도,31520.0,749.0,20.0,45.0,0.0,32334.0,0.0,879.0,35188.0,0.0,15.0,0.0,36082.0,0.0,0.0,0.0,77712.0,366.0,78078.0,5610.0,4164.0,0.0,0.0,42292.0,46456.0,3528.0
284,2023,안양시하수도,57575.0,2574.0,500.0,47.0,0.0,60696.0,0.0,2300.0,42052.0,0.0,0.0,18.0,44370.0,0.0,1000.0,0.0,16723.0,1236.0,18959.0,12169.0,29675.0,0.0,0.0,24700.0,54375.0,7546.0
285,2023,평택시하수도,48201.0,611.0,987.0,13.0,0.0,49812.0,3229.0,1152.0,33542.0,0.0,200.0,0.0,34894.0,3229.0,0.0,0.0,40223.0,16311.0,56534.0,13719.0,33054.0,0.0,0.0,17734.0,50788.0,13719.0
286,2023,광주시하수도,39254.0,1333.0,21040.0,7702.0,0.0,69329.0,4364.0,1287.0,49304.0,0.0,376.0,78.0,51045.0,2191.0,0.0,0.0,49360.0,0.0,49360.0,18373.0,7927.0,9357.0,0.0,20835.0,38119.0,10039.0
287,2023,안성시하수도,11398.0,891.0,11005.0,3362.0,0.0,26656.0,757.0,1076.0,22839.0,0.0,522.0,0.0,24437.0,752.0,0.0,0.0,22623.0,147.0,22770.0,9651.0,477.0,4663.0,0.0,0.0,5140.0,4168.0
288,2023,남양주시하수도,44267.0,948.0,18181.0,2945.0,0.0,66341.0,1720.0,1759.0,61309.0,0.0,900.0,0.0,63968.0,1693.0,0.0,0.0,21905.0,31066.0,52971.0,9207.0,6726.0,0.0,0.0,10625.0,17351.0,6408.0
289,2023,의왕시하수도,14849.0,552.0,50.0,40.0,0.0,15491.0,779.0,722.0,11602.0,0.0,0.0,0.0,12324.0,299.0,0.0,0.0,2949.0,0.0,2949.0,13004.0,1463.0,0.0,0.0,0.0,1463.0,6602.0
290,2023,용인시하수도,68937.0,1453.0,14538.0,80.0,0.0,85008.0,745.0,4322.0,89591.0,0.0,31.0,0.0,93944.0,732.0,0.0,0.0,84859.0,1646.0,86505.0,29308.0,4863.0,0.0,0.0,49456.0,54319.0,22073.0
291,2023,군포시하수도,14768.0,436.0,330.0,10.0,0.0,15544.0,13.0,1258.0,17642.0,0.0,5.0,0.0,18905.0,13.0,0.0,0.0,3412.0,35950.0,39362.0,2942.0,3729.0,0.0,0.0,515.0,4244.0,432.0
292,2023,여주시하수도,1948.0,38.0,19244.0,7.0,0.0,21237.0,0.0,1009.0,16642.0,0.0,0.0,0.0,17651.0,0.0,370.0,0.0,2289.0,0.0,2659.0,2818.0,3921.0,0.0,0.0,1.0,3922.0,0.0
293,2023,오산시하수도,28292.0,929.0,0.0,182.0,0.0,29403.0,9176.0,1996.0,21833.0,0.0,1.0,0.0,23830.0,179.0,0.0,0.0,9240.0,0.0,9240.0,0.0,2144.0,64.0,0.0,188.0,2396.0,662.0
294,2023,포천시하수도,12544.0,564.0,14549.0,244.0,0.0,27901.0,0.0,825.0,19377.0,0.0,106.0,0.0,20308.0,0.0,0.0,0.0,56478.0,10304.0,66782.0,7803.0,39808.0,0.0,0.0,19685.0,59493.0,5624.0
295,2023,시흥시하수도,45646.0,258.0,500.0,721.0,0.0,47125.0,6317.0,1479.0,42577.0,60.0,0.0,0.0,44116.0,2049.0,0.0,0.0,21622.0,0.0,21622.0,0.0,1587.0,29700.0,0.0,2.0,31289.0,3639.0
296,2023,구리시하수도,19374.0,579.0,9648.0,63.0,0.0,29664.0,589.0,1619.0,17200.0,0.0,0.0,0.0,18819.0,83.0,12.0,0.0,10373.0,0.0,10385.0,13099.0,1698.0,0.0,0.0,23489.0,25187.0,6499.0
297,2023,성남시하수도,52444.0,759.0,0.0,979.0,0.0,54182.0,15902.0,3455.0,40239.0,0.0,18.0,0.0,43712.0,987.0,0.0,0.0,18654.0,35094.0,53748.0,0.0,5336.0,0.0,0.0,497.0,5833.0,9885.0
298,2023,과천시하수도,6365.0,148.0,4000.0,53.0,0.0,10566.0,252.0,1268.0,12595.0,0.0,0.0,0.0,13863.0,36.0,9.0,0.0,1607.0,6960.0,8576.0,1000.0,684.0,0.0,0.0,730.0,1414.0,684.0
299,2023,안산시하수도,64046.0,1006.0,843.0,379.0,0.0,66274.0,0.0,2833.0,43875.0,0.0,2.0,0.0,46710.0,108.0,0.0,0.0,24685.0,53480.0,78165.0,26278.0,23403.0,0.0,0.0,744.0,24147.0,13690.0
300,2023,부천시하수도,74130.0,5526.0,20.0,8949.0,0.0,88625.0,0.0,3603.0,40033.0,0.0,0.0,156.0,43792.0,0.0,111.0,0.0,18280.0,0.0,18391.0,9947.0,23664.0,0.0,0.0,31931.0,55595.0,4614.0
301,2023,광명시하수도,15798.0,112.0,42.0,62.0,0.0,16014.0,0.0,995.0,11258.0,0.0,0.0,89.0,12342.0,0.0,4.0,0.0,3211.0,159.0,3374.0,940.0,2004.0,0.0,0.0,0.0,2004.0,690.0
302,2023,의정부시하수도,26036.0,352.0,715.0,440.0,0.0,27543.0,30.0,3169.0,22697.0,0.0,0.0,0.0,25866.0,0.0,0.0,0.0,9786.0,0.0,9786.0,15785.0,7637.0,0.0,0.0,0.0,7637.0,8677.0
303,2023,수원시하수도,74568.0,3582.0,6812.0,1429.0,0.0,86391.0,0.0,4169.0,53457.0,0.0,2545.0,0.0,60171.0,0.0,0.0,0.0,85017.0,67033.0,152050.0,34965.0,15931.0,0.0,0.0,43164.0,59095.0,20545.0
304,2023,울산광역시하수도,159445.0,392.0,855.0,3365.0,0.0,164057.0,0.0,7404.0,110146.0,56.0,0.0,161.0,117767.0,0.0,0.0,15000.0,38808.0,203.0,54011.0,16532.0,61429.0,0.0,0.0,0.0,61429.0,13155.0
305,2023,대전광역시하수도,100877.0,936.0,6772.0,4617.0,0.0,113202.0,1156.0,1081.0,93673.0,28.0,0.0,0.0,94782.0,234.0,3100.0,0.0,31838.0,18253.0,53191.0,84745.0,23946.0,0.0,0.0,504.0,24450.0,37012.0
306,2023,인천광역시하수도,221204.0,862.0,0.0,1173.0,0.0,223239.0,452.0,1776.0,162089.0,116.0,0.0,0.0,163981.0,452.0,0.0,0.0,45603.0,52.0,45655.0,11491.0,73431.0,0.0,12313.0,0.0,85744.0,3806.0
307,2023,대구광역시하수도,171446.0,7944.0,0.0,18348.0,0.0,197738.0,3484.0,982.0,126793.0,0.0,0.0,0.0,127775.0,2960.0,0.0,0.0,96500.0,0.0,96500.0,56974.0,2167.0,58320.0,0.0,48797.0,109284.0,30357.0
308,2023,부산광역시하수도,240865.0,1792.0,466.0,10101.0,0.0,253224.0,231.0,1988.0,143459.0,0.0,1312.0,0.0,146759.0,231.0,0.0,0.0,86794.0,37324.0,124118.0,94454.0,74544.0,0.0,43498.0,19150.0,137192.0,72390.0
309,2023,제주특별자치도상수도,87439.0,743.0,5163.0,534.0,0.0,93879.0,0.0,13493.0,49603.0,3592.0,0.0,0.0,66688.0,0.0,384.0,30000.0,69626.0,0.0,100010.0,23552.0,97086.0,90.0,16491.0,1919.0,115586.0,21243.0
310,2023,거창군상수도,4503.0,25.0,1071.0,5.0,0.0,5604.0,0.0,1640.0,3964.0,0.0,0.0,0.0,5604.0,0.0,0.0,0.0,8402.0,0.0,8402.0,5523.0,11674.0,0.0,0.0,0.0,11674.0,5523.0
311,2023,창녕군상수도,8338.0,94.0,315.0,3019.0,0.0,11766.0,0.0,612.0,9142.0,0.0,0.0,0.0,9754.0,0.0,0.0,0.0,0.0,9061.0,9061.0,0.0,2561.0,0.0,0.0,0.0,2561.0,0.0
312,2023,양산시상수도,35986.0,436.0,258.0,119.0,0.0,36799.0,0.0,4872.0,24237.0,0.0,8.0,0.0,29117.0,0.0,3086.0,0.0,21783.0,0.0,24869.0,1723.0,16226.0,0.0,0.0,64.0,16290.0,1425.0
313,2023,거제시상수도,21104.0,32.0,2483.0,232.0,0.0,23851.0,101.0,504.0,23594.0,0.0,0.0,27.0,24125.0,100.0,0.0,0.0,3957.0,0.0,3957.0,502.0,2053.0,0.0,0.0,0.0,2053.0,205.0
314,2023,밀양시상수도,8725.0,600.0,18.0,10.0,0.0,9353.0,0.0,2271.0,12885.0,0.0,0.0,0.0,15156.0,0.0,0.0,0.0,35984.0,0.6,35984.6,16592.0,16453.0,0.0,0.0,0.5,16453.5,15321.0
315,2023,김해시상수도,59478.0,1189.0,1217.0,477.0,0.0,62361.0,732.0,7536.0,25929.0,0.0,0.0,0.0,33465.0,730.0,0.0,0.0,25624.0,4686.0,30310.0,17822.0,17291.0,0.0,0.0,19582.0,36873.0,16041.0
316,2023,사천시상수도,14789.0,41.0,1117.0,53.0,0.0,16000.0,0.0,279.0,15986.0,0.0,6.0,0.0,16271.0,0.0,0.0,0.0,1998.0,0.0,1998.0,2185.0,1406.0,0.0,0.0,137.0,1543.0,961.0
317,2023,통영시상수도,14091.0,54.0,0.0,2.0,0.0,14147.0,0.0,391.0,15051.0,0.0,0.0,0.0,15442.0,0.0,0.0,0.0,925.0,0.0,925.0,0.0,34.0,0.0,0.0,0.0,34.0,0.0
318,2023,진주시상수도,30088.0,754.0,301.0,162.0,0.0,31305.0,0.0,5278.0,18620.0,0.0,0.0,8.0,23906.0,0.0,0.0,0.0,46917.0,286.0,47203.0,14553.0,12992.0,0.0,0.0,0.0,12992.0,12475.0
319,2023,창원시상수도,81792.0,640.0,4073.0,577.0,0.0,87082.0,0.0,14937.0,53211.0,0.0,0.0,0.0,68148.0,0.0,0.0,0.0,20942.0,0.0,20942.0,26848.0,10495.0,0.0,0.0,8140.0,18635.0,21972.0
320,2023,경산시상수도,29746.0,679.0,1345.0,18.0,0.0,31788.0,1521.0,3922.0,23532.0,207.0,54.0,0.0,27715.0,1408.0,4190.0,0.0,32033.0,9982.0,46205.0,9462.0,25074.0,0.0,47.0,74.0,25195.0,8406.0
321,2023,문경시상수도,8009.0,142.0,2036.0,8.0,0.0,10195.0,0.0,2683.0,6031.0,0.0,0.0,0.0,8714.0,0.0,0.0,0.0,17907.0,5553.0,23460.0,0.0,8840.0,5032.0,0.0,7.0,13879.0,0.0
322,2023,상주시상수도,9916.0,614.0,100.0,3178.0,0.0,13808.0,7.0,2017.0,6143.0,0.0,0.0,0.0,8160.0,7.0,0.0,0.0,36215.0,0.0,36215.0,28795.0,15476.0,0.0,0.0,4015.0,19491.0,20394.0
323,2023,칠곡군상수도,11940.0,64.0,0.0,0.0,0.0,12004.0,0.0,0.0,0.0,0.0,0.0,0.0,0.0,0.0,0.0,0.0,0.0,0.0,0.0,0.0,0.0,0.0,0.0,0.0,0.0,0.0
324,2023,울진군상수도,4360.0,232.0,4176.0,0.0,0.0,8768.0,109.0,1335.0,4647.0,0.0,0.0,0.0,5982.0,14.0,0.0,0.0,10643.0,0.0,10643.0,4985.0,5904.0,0.0,0.0,0.0,5904.0,4385.0
325,2023,영천시상수도,12741.0,138.0,2567.0,33.0,0.0,15479.0,403.0,2566.0,12283.0,0.0,0.0,0.0,14849.0,403.0,0.0,0.0,23217.0,76.0,23293.0,8787.0,18163.0,0.0,0.0,0.0,18163.0,5178.0
326,2023,영주시상수도,9968.0,203.0,90.0,47.0,0.0,10308.0,0.0,2558.0,6124.0,0.0,0.0,0.0,8682.0,0.0,0.0,0.0,0.0,0.0,0.0,0.0,0.0,0.0,0.0,0.0,0.0,0.0
327,2023,구미시상수도,58679.0,923.0,3311.0,46.0,0.0,62959.0,0.0,5465.0,42717.0,60.0,0.0,0.0,48242.0,0.0,0.0,0.0,4972.0,10000.0,14972.0,11745.0,8321.0,0.0,0.0,21000.0,29321.0,9812.0
328,2023,안동시상수도,25808.0,1298.0,1838.0,63.0,0.0,29007.0,325.0,3424.0,11489.0,0.0,7.0,0.0,14920.0,281.0,0.0,0.0,37395.0,36480.0,73875.0,15432.0,0.0,0.0,0.0,0.0,0.0,12205.0
329,2023,김천시상수도,12969.0,212.0,2527.0,19.0,0.0,15727.0,11.0,2049.0,8952.0,0.0,0.0,0.0,11001.0,11.0,0.0,0.0,11772.0,5648.0,17420.0,9721.0,9653.0,0.0,0.0,2116.0,11769.0,6219.0
330,2023,경주시상수도,34579.0,180.0,1900.0,264.0,88.0,37011.0,2065.0,6562.0,26223.0,0.0,20.0,0.0,32805.0,1666.0,0.0,0.0,31182.0,2239.0,33421.0,7736.0,16070.0,0.0,0.0,11.0,16081.0,6271.0
331,2023,포항시상수도,53135.0,65.0,17922.0,264.0,0.0,71386.0,0.0,9281.0,41138.0,0.0,0.0,0.0,50419.0,0.0,0.0,0.0,18259.0,1018.0,19277.0,7252.0,18238.0,0.0,0.0,26.0,18264.0,5833.0
332,2023,영암군상수도,10530.0,130.0,4533.0,63.0,0.0,15256.0,2.0,2351.0,9507.0,0.0,0.0,0.0,11858.0,2.0,0.0,0.0,20477.0,5393.0,25870.0,13217.0,7918.0,0.0,0.0,0.0,7918.0,9561.0
333,2023,광양시상수도,14401.0,287.0,99.0,326.0,0.0,15113.0,0.0,2186.0,8375.0,0.0,0.0,0.0,10561.0,0.0,3.0,0.0,10293.0,0.0,10296.0,12561.0,8876.0,0.0,0.0,461.0,9337.0,9190.0
334,2023,나주시상수도,11353.0,120.0,1890.0,64.0,0.0,13427.0,0.0,234.0,13243.0,0.0,0.0,0.0,13477.0,0.0,0.0,0.0,7687.0,0.0,7687.0,7958.0,2784.0,0.0,0.0,293.0,3077.0,5467.0
335,2023,순천시상수도,24767.0,577.0,1069.0,624.0,0.0,27037.0,0.0,1940.0,13099.0,0.0,0.0,49.0,15088.0,0.0,0.0,0.0,18401.0,0.0,18401.0,22210.0,10364.0,0.0,0.0,0.0,10364.0,11969.0
336,2023,여수시상수도,30370.0,627.0,13119.0,93.0,83.0,44292.0,672.0,4926.0,24855.0,0.0,548.0,8.0,30337.0,664.0,0.0,0.0,18392.0,0.0,18392.0,36243.0,16471.0,0.0,1054.0,0.0,17525.0,21606.0
337,2023,목포시상수도,17584.0,512.0,484.0,64.0,0.0,18644.0,0.0,3074.0,15130.0,0.0,0.0,0.0,18204.0,0.0,39.0,0.0,10926.0,0.0,10965.0,6776.0,2696.0,0.0,0.0,57.0,2753.0,5562.0
338,2023,고창군상수도,5327.0,153.0,1464.0,0.0,0.0,6944.0,0.0,917.0,8484.0,0.0,0.0,0.0,9401.0,0.0,0.0,0.0,2866.0,0.0,2866.0,0.0,2154.0,0.0,0.0,0.0,2154.0,0.0
339,2023,완주군상수도,5219.0,96.0,0.0,0.0,0.0,5315.0,0.0,644.0,3160.0,0.0,0.0,0.0,3804.0,0.0,0.0,0.0,8.0,0.0,8.0,0.0,1304.0,0.0,0.0,0.0,1304.0,0.0
340,2023,김제시상수도,10620.0,69.0,774.0,0.0,0.0,11463.0,0.0,1621.0,0.0,0.0,0.0,0.0,1621.0,203.0,0.0,0.0,0.0,0.0,0.0,5036.0,2806.0,0.0,0.0,15.0,2821.0,3414.0
341,2023,남원시상수도,7473.0,329.0,79.0,500.0,0.0,8381.0,0.0,2193.0,5870.0,0.0,0.0,0.0,8063.0,61.0,0.0,0.0,14612.0,0.0,14612.0,15507.0,8812.0,0.0,0.0,12.0,8824.0,11613.0
342,2023,정읍시상수도,14728.0,13.0,3702.0,31.0,692.0,19166.0,0.0,1133.0,16506.0,0.0,0.0,0.0,17639.0,0.0,0.0,0.0,11790.0,2956.0,14746.0,434.0,8625.0,0.0,0.0,0.0,8625.0,415.0
343,2023,익산시상수도,30324.0,60.0,1800.0,69.0,0.0,32253.0,0.0,4971.0,20781.0,0.0,0.0,0.0,25752.0,0.0,0.0,0.0,12723.0,1122.0,13845.0,6499.0,16618.0,0.0,0.0,3.0,16621.0,6409.0
344,2023,군산시상수도,48029.0,1595.0,1118.0,115.0,0.0,50857.0,0.0,3741.0,34382.0,0.0,0.0,0.0,38123.0,0.0,7.0,0.0,6799.0,22.0,6828.0,1673.0,13050.0,0.0,0.0,19.0,13069.0,1231.0
345,2023,전주시상수도,69975.0,62.0,2629.0,349.0,0.0,73015.0,618.0,6142.0,47587.0,207.0,0.0,0.0,53936.0,607.0,206.0,0.0,7563.0,1887.0,9656.0,9755.0,3430.0,0.0,2450.0,10551.0,16431.0,4309.0
346,2023,홍성군상수도,11919.0,11.0,120.0,0.0,0.0,12050.0,416.0,668.0,9164.0,0.0,0.0,0.0,9832.0,540.0,0.0,0.0,0.0,7142.0,7142.0,995.0,2462.0,0.0,0.0,3130.0,5592.0,0.0
347,2023,당진시상수도,32739.0,790.0,796.0,20.0,0.0,34345.0,0.0,2300.0,21655.0,0.0,0.0,0.0,23955.0,0.0,0.0,0.0,8988.0,116.0,9104.0,9120.0,7570.0,0.0,0.0,1.0E7,1.000757E7,8275.0
348,2023,예산군상수도,11948.0,127.0,374.0,28.0,0.0,12477.0,0.0,1871.0,6095.0,0.0,4.0,0.0,7970.0,0.0,0.0,0.0,440.0,0.0,440.0,0.0,1578.0,0.0,0.0,66.0,1644.0,0.0
349,2023,논산시상수도,17132.0,461.0,3500.0,7.0,0.0,21100.0,0.0,583.0,21278.0,0.0,10.0,0.0,21871.0,0.0,0.0,0.0,0.0,15802.0,15802.0,9791.0,14839.0,8573.0,0.0,621.0,24033.0,9791.0
350,2023,서산시상수도,24559.0,211.0,1322.0,13.0,0.0,26105.0,0.0,638.0,21200.0,0.0,0.0,0.0,21838.0,0.0,2.0,0.0,3940.0,363.0,4305.0,2323.0,6792.0,0.0,0.0,286.0,7078.0,1291.0
351,2023,아산시상수도,57031.0,518.0,588.0,423.0,0.0,58560.0,457.0,3642.0,48130.0,0.0,0.0,0.0,51772.0,169.0,0.0,0.0,4790.0,1859.0,6649.0,4163.0,2685.0,0.0,0.0,12112.0,14797.0,3475.0
352,2023,보령시상수도,13374.0,377.0,1123.0,55.0,0.0,14929.0,0.0,2176.0,10612.0,0.0,66.0,0.0,12854.0,0.0,0.0,0.0,41804.0,11678.0,53482.0,11678.0,20299.0,0.0,0.0,18488.0,38787.0,8738.0
353,2023,공주시상수도,13641.0,197.0,5620.0,33.0,0.0,19491.0,0.0,1918.0,17287.0,0.0,70.0,0.0,19275.0,128.0,0.0,0.0,28753.0,0.0,28753.0,3623.0,0.0,0.0,0.0,18715.0,18715.0,2076.0
354,2023,천안시상수도,68982.0,2030.0,1837.0,123.0,0.0,72972.0,0.0,4784.0,58128.0,0.0,23304.0,0.0,86216.0,743.0,0.0,0.0,12145.0,54459.0,66604.0,33545.0,8446.0,0.0,0.0,21169.0,29615.0,23030.0
355,2023,옥천군상수도,5445.0,141.0,0.0,53.0,0.0,5639.0,3311.0,1545.0,3173.0,0.0,4.0,0.0,4722.0,0.0,0.0,0.0,8389.0,16.0,8405.0,3311.0,3018.0,0.0,0.0,522.0,3540.0,3292.0
356,2023,제천시상수도,20307.0,186.0,595.0,85.0,0.0,21173.0,0.0,3079.0,10059.0,0.0,0.0,0.0,13138.0,0.0,5.0,0.0,12311.0,0.0,12316.0,5466.0,16086.0,0.0,0.0,667.0,16753.0,5072.0
357,2023,충주시상수도,26073.0,454.0,5981.0,4.0,0.0,32512.0,96.0,3625.0,14704.0,0.0,0.0,0.0,18329.0,92.0,0.0,9056.0,42730.0,0.4,51786.4,13821.0,9508.0,0.0,0.0,35308.0,44816.0,10302.0
358,2023,청주시상수도,121559.0,2632.0,1987.0,770.0,0.0,126948.0,0.0,9235.0,73828.0,0.0,68.0,0.0,83131.0,0.0,14.0,0.0,52068.0,400.0,52482.0,28869.0,13811.0,5.0,0.0,57414.0,71230.0,19121.0
359,2023,고성군상수도,7148.3644,131.761304,481.349,15.78044,0.0,7777.255144000001,0.0,1301.2904,4378.0644,61.87999,193.90404,0.0,5935.138830000001,0.0,0.0,0.0,0.0,3970.843,3970.843,4513.8992,0.0,0.0,0.0,5810.3823,5810.3823,3294.2852
360,2023,철원군상수도,7472.0,175.0,72.0,0.0,2.0,7721.0,0.0,1886.0,5414.0,0.0,0.0,0.0,7300.0,0.0,0.0,0.0,7775.0,14.0,7789.0,5277.0,5162.0,2112.0,0.0,17.0,7291.0,4103.0
361,2023,정선군상수도,6996.0,22.0,1751.0,68.0,0.0,8837.0,0.0,448.0,9159.0,0.0,0.0,0.0,9607.0,14.0,0.0,0.0,2970.0,0.0,2970.0,14.0,3022.0,0.0,0.0,0.0,3022.0,0.0
362,2023,홍천군상수도,10219.0,685.0,70.0,330.0,0.0,11304.0,66.0,3377.0,6426.0,0.0,1.0,0.0,9804.0,65.0,0.0,0.0,23035.0,0.0,23035.0,10106.0,7374.0,512.0,0.0,5888.0,13774.0,7843.0
363,2023,삼척시상수도,9862.0,67.0,236.0,12.0,0.0,10177.0,0.0,3050.0,6492.0,0.0,0.0,0.0,9542.0,0.0,0.0,0.0,22699.0,0.0,22699.0,5640.0,1196.0,0.0,0.0,22432.0,23628.0,5640.0
364,2023,속초시상수도,12154.0,143.0,207.0,46.0,0.0,12550.0,13.0,2227.0,4916.0,0.0,0.0,0.0,7143.0,13.0,0.0,0.0,7432.0,0.0,7432.0,666.0,6013.0,0.0,0.0,1665.0,7678.0,470.0
365,2023,태백시상수도,4582.0,289.0,5728.0,217.0,0.0,10816.0,0.0,438.0,6718.0,0.0,58.0,0.0,7214.0,0.0,12095.0,0.0,4436.0,0.0,16531.0,0.0,1301.0,12095.0,0.0,1635.0,15031.0,0.0
366,2023,동해시상수도,10840.0,67.0,176.0,75.0,0.0,11158.0,161.0,2258.0,7983.0,0.0,0.0,0.0,10241.0,161.0,0.0,0.0,7032.0,0.0,7032.0,3105.0,5734.0,0.0,0.0,15.0,5749.0,2880.0
367,2023,강릉시상수도,30822.0,348.0,328.0,77.0,0.0,31575.0,0.0,3608.0,14229.0,82.0,0.0,0.0,17919.0,472.0,0.0,0.0,27677.0,50.0,27727.0,5147.0,8561.0,10.0,0.0,10986.0,19557.0,3745.0
368,2023,원주시상수도,43696.0,578.0,3056.0,91.0,0.0,47421.0,276.0,5407.0,26588.0,0.0,0.0,19.0,32014.0,273.0,4805.0,0.0,8566.0,47.0,13418.0,14051.0,9748.0,0.0,0.0,0.0,9748.0,10018.0
369,2023,춘천시상수도,26942.0,706.0,1128.0,2127.0,0.0,30903.0,23.0,5159.0,18266.0,0.0,0.0,0.0,23425.0,23.0,0.0,0.0,38732.0,2.0,38734.0,37437.0,14494.0,0.0,0.0,3572.0,18066.0,19870.0
370,2023,인제군상수도,7466.0,553.0,16398.0,479.0,0.0,24896.0,13.0,2614.0,4855.0,0.0,0.0,0.0,7469.0,13.0,0.0,0.0,14611.0,0.0,14611.0,21112.0,6982.0,0.0,0.0,12554.0,19536.0,19537.0
371,2023,평창군상수도,7336.0,189.0,442.0,124.0,0.0,8091.0,11.0,818.0,8312.0,0.0,0.0,0.0,9130.0,10.0,0.0,0.0,19222.0,296.0,19518.0,10689.0,13711.0,0.0,0.0,5197.0,18908.0,104290.0
372,2023,영월군상수도,4122.0,466.0,2912.0,169.0,0.0,7669.0,579.0,583.0,5934.0,0.0,0.0,0.0,6517.0,556.0,0.0,0.0,24529.0,0.0,24529.0,14046.0,1162.0,0.0,0.0,0.0,1162.0,9796.0
373,2023,가평군상수도,8859.0,149.0,145.0,82.0,0.0,9235.0,0.0,2223.0,5427.0,0.0,20.0,0.0,7670.0,0.0,0.0,0.0,9368.0,0.0,9368.0,4515.0,2673.0,7723.0,0.0,0.0,10396.0,3411.0
374,2023,여주시상수도,12945.0,89.0,49.0,36.0,1.0,13120.0,85.0,2181.0,8510.0,0.0,21.0,0.0,10712.0,85.0,0.0,0.0,32835.0,0.0,32835.0,7660.0,23543.0,0.0,0.0,8063.0,31606.0,5640.0
375,2023,양평군상수도,12918.0,1081.0,540.0,702.0,0.0,15241.0,553.0,2412.0,8434.0,0.0,7.0,0.0,10853.0,515.0,0.0,0.0,40432.0,6.0,40438.0,23812.0,11456.0,20.0,0.0,10278.0,21754.0,21931.0
376,2023,포천시상수도,23457.0,506.0,0.0,978.0,0.0,24941.0,311.0,2800.0,15459.0,0.0,4.0,0.0,18263.0,311.0,0.0,0.0,21611.0,0.0,21611.0,13515.0,14631.0,0.0,0.0,48.0,14679.0,5163.0
377,2023,안성시상수도,29039.0,283.0,2181.0,427.0,0.0,31930.0,0.0,2491.0,23823.0,0.0,147.0,0.0,26461.0,0.0,0.0,0.0,7389.0,22689.0,30078.0,13017.0,20080.0,0.0,0.0,0.0,20080.0,8360.0
378,2023,연천군상수도,13266.0,529.0,592.0,242.0,0.0,14629.0,0.0,2119.0,7236.0,0.0,0.0,0.0,9355.0,0.0,0.0,0.0,11519.0,0.0,11519.0,18547.0,12713.0,0.0,0.0,956.0,13669.0,13434.0
379,2023,광주시상수도,29249.0,853.0,4369.0,76.0,0.0,34547.0,0.0,1431.0,23592.0,0.0,14.0,0.0,25037.0,0.0,0.0,0.0,16136.0,28227.0,44363.0,26043.0,23376.0,0.0,0.0,1172.0,24548.0,15940.0
380,2023,화성시상수도,105784.0,1955.0,927.0,708.0,0.0,109374.0,1306.0,3049.0,77280.0,0.0,0.0,0.0,80329.0,1061.0,0.0,0.0,63679.0,0.0,63679.0,19843.0,16150.0,0.0,0.0,11397.0,27547.0,14567.0
381,2023,이천시상수도,33604.0,924.0,291.0,326.0,0.0,35145.0,14.0,2696.0,17347.0,0.0,0.0,7.0,20050.0,14.0,0.0,0.0,12666.0,0.0,12666.0,18021.0,13786.0,24.0,0.0,10946.0,24756.0,9368.0
382,2023,파주시상수도,53852.0,1617.0,653.0,388.0,0.0,56510.0,0.0,871.0,45580.0,0.0,14.0,0.0,46465.0,0.0,0.0,0.0,2119.0,95961.0,98080.0,8154.0,2072.0,413.0,0.0,1474.0,3959.0,2985.0
383,2023,용인시상수도,76454.0,385.0,1580.0,663.0,0.0,79082.0,111.0,6442.0,69994.0,0.0,76.0,0.0,76512.0,106.0,0.0,0.0,21857.0,306.0,22163.0,5543.0,9399.0,0.0,0.0,8403.0,17802.0,3679.0
384,2023,하남시상수도,20705.0,1147.0,405.0,45.0,0.0,22302.0,0.0,2165.0,13918.0,0.0,22.0,0.0,16105.0,0.0,0.0,0.0,785.0,0.0,785.0,18724.0,8466.0,0.0,0.0,0.0,8466.0,18724.0
385,2023,양주시상수도,30933.0,40.0,1992.0,288.0,0.0,33253.0,0.0,529.0,21104.0,0.0,0.0,0.0,21633.0,0.0,0.0,0.0,3327.0,5523.0,8850.0,0.0,7743.0,0.0,0.0,2862.0,10605.0,329.0
386,2023,의왕시상수도,15667.0,355.0,311.0,55.0,0.0,16388.0,11.0,1516.0,10574.0,0.0,43.0,10.0,12143.0,11.0,0.0,0.0,1740.0,0.0,1740.0,5484.0,2454.0,0.0,0.0,0.0,2454.0,2972.0
387,2023,군포시상수도,19640.0,780.0,524.0,52.0,0.0,20996.0,19.0,2217.0,16171.0,0.0,10.0,0.0,18398.0,19.0,0.0,0.0,4281.0,24195.0,28476.0,27983.0,2465.0,0.0,1897.0,0.0,4362.0,15302.0
388,2023,시흥시상수도,44580.0,631.0,312.0,809.0,0.0,46332.0,955.0,3402.0,35991.0,0.0,82.0,0.0,39475.0,918.0,7800.0,0.0,2065.0,0.0,9865.0,17405.0,406.0,0.0,0.0,3824.0,4230.0,10802.0
389,2023,오산시상수도,19426.0,253.0,367.0,60.0,0.0,20106.0,0.0,1097.0,17009.0,0.0,0.0,0.0,18106.0,0.0,0.0,0.0,2159.0,0.0,2159.0,3574.0,1985.0,0.0,0.0,0.0,1985.0,2162.0
390,2023,남양주시상수도,51076.0,638.0,1067.0,476.0,0.0,53257.0,0.0,5668.0,40112.0,0.0,171.0,0.0,45951.0,962.0,0.0,0.0,2609.0,31030.0,33639.0,9461.0,4898.0,0.0,0.0,171.0,5069.0,3221.0
391,2023,평택시상수도,96404.0,1040.0,1999.0,1261.0,0.0,100704.0,792.0,5415.0,66773.0,0.0,1.0,0.0,72189.0,792.0,57.0,0.0,94592.0,16343.0,110992.0,62863.0,62.0,0.0,0.0,63263.0,63325.0,62863.0
392,2023,김포시상수도,45364.0,844.0,0.0,208.0,0.0,46416.0,0.0,4690.0,29338.0,0.0,1.0,0.0,34029.0,0.0,0.0,0.0,2306.0,66.0,2372.0,13877.0,15114.0,502.0,0.0,127.0,15743.0,11501.0
393,2023,구리시상수도,12008.0,230.0,730.0,60.0,0.0,13028.0,55.0,2309.0,12490.0,0.0,0.0,9.0,14808.0,55.0,5560.0,0.0,495.0,0.0,6055.0,796.0,4165.0,0.0,0.0,0.0,4165.0,786.0
394,2023,과천시상수도,7151.0,123.0,127.0,9.0,0.0,7410.0,46.0,1285.0,5450.0,0.0,0.0,1.0,6736.0,46.0,1040.0,0.0,2452.0,0.0,3492.0,3517.0,904.0,0.0,0.0,0.0,904.0,639.0
395,2023,고양시상수도,71946.0,434.0,4303.0,1321.0,0.0,78004.0,0.0,5429.0,69269.0,0.0,0.4,44.0,74742.4,335.0,0.0,0.0,7526.0,0.0,7526.0,6502.0,6254.0,0.0,0.0,14.0,6268.0,16933.0
396,2023,안산시상수도,76709.0,589.0,1102.0,433.0,0.0,78833.0,0.0,6899.0,65700.0,0.0,0.0,0.0,72599.0,0.0,0.0,0.0,0.0,30206.0,30206.0,0.0,10645.0,0.0,0.0,252.0,10897.0,0.0
397,2023,동두천시상수도,16434.0,425.0,781.0,0.0,0.0,17640.0,103.0,171.0,19058.0,0.0,0.0,0.0,19229.0,103.0,0.0,0.0,0.0,24767.0,24767.0,54.0,0.0,0.0,0.0,19556.0,19556.0,11.0
398,2023,광명시상수도,24034.0,457.0,22781.0,195.0,0.0,47467.0,0.0,3764.0,31800.0,0.0,93.0,0.0,35657.0,11870.0,0.0,0.0,1755.0,0.0,1755.0,0.0,7366.0,0.0,0.0,86.0,7452.0,1547.0
399,2023,부천시상수도,49479.0,3185.0,1128.0,96.0,24.0,53912.0,1738.0,6812.0,42806.0,0.0,291.0,0.0,49909.0,1242.0,74098.0,0.0,8104.0,0.0,82202.0,2083.0,12316.0,0.0,0.0,6135.0,18451.0,640.0
400,2023,안양시상수도,45801.0,1779.0,1522.0,476.0,0.0,49578.0,1226.0,5983.0,31320.0,0.0,7.0,0.0,37310.0,526.0,0.0,0.0,52555.0,31706.0,84261.0,16858.0,6423.0,0.0,0.0,20856.0,27279.0,5886.0
401,2023,의정부시상수도,34094.0,259.0,1529.0,96.0,0.0,35978.0,457.0,3949.0,28322.0,0.0,0.0,0.0,32271.0,303.0,0.0,0.0,870.0,2000.0,2870.0,2182.0,7910.0,0.0,0.0,0.0,7910.0,1154.0
402,2023,성남시상수도,53533.0,1218.0,19633.0,393.0,0.0,74777.0,0.0,8467.0,47294.0,0.0,97.0,0.0,55858.0,926.0,0.0,0.0,2498.0,0.0,2498.0,36034.0,121.0,0.0,0.0,5693.0,5814.0,27201.0
403,2023,수원시상수도,82304.0,283.0,1198.0,2128.0,0.0,85913.0,0.0,9838.0,79431.0,0.0,0.0,0.0,89269.0,0.0,0.0,0.0,17000.0,3500.0,20500.0,0.0,13222.0,0.0,0.0,0.0,13222.0,3142.0
404,2023,울산광역시상수도,109493.0,475.0,19115.0,453.0,0.0,129536.0,64.0,19083.0,71076.0,369.0,0.0,143.0,90671.0,63.0,1693.0,5000.0,9464.0,-2570.0,13587.0,12407.0,26417.0,0.0,3725.0,7.0,30149.0,10359.0
405,2023,대전광역시상수도,116395.0,771.0,9158.0,374.0,0.0,126698.0,650.0,30471.0,60328.0,1421.0,0.0,0.0,92220.0,234.0,6046.0,0.0,7189.0,0.0,13235.0,25524.0,25235.0,0.0,1350.0,0.0,26585.0,13154.0
406,2023,광주광역시상수도,97685.0,1025.0,3524.0,962.0,0.0,103196.0,574.0,26129.0,66811.0,58.0,4717.0,0.0,97715.0,382.0,2274.0,0.0,25431.0,27161.0,54866.0,24509.0,23497.0,1561.0,320.0,9272.0,34650.0,21585.0
407,2023,인천광역시상수도,235214.0,2079.0,8234.0,1234.0,0.0,246761.0,957.0,55732.0,169745.0,0.0,0.0,1938.0,227415.0,947.0,0.0,47905.0,74929.0,9301.0,132135.0,56846.0,76325.0,0.0,0.0,1237.0,77562.0,22994.0
408,2023,대구광역시상수도,220119.0,1022.0,9317.0,764.0,304.0,231526.0,2161.0,52966.0,132992.0,2006.0,0.0,1804.0,189768.0,2113.0,31.0,0.0,19362.0,29301.0,48694.0,25170.0,36327.0,1698.0,3000.0,13243.0,54268.0,23944.0
409,2023,부산광역시상수도,326409.0,1543.0,7721.0,3370.0,0.0,339043.0,0.0,74290.0,219262.0,0.0,2341.0,358.0,296251.0,0.0,80.0,0.0,1822.0,22127.0,24029.0,50334.0,59254.0,36.0,0.0,0.0,59290.0,33730.0
410,2023,서울특별시상수도,833100.0,7227.0,26970.0,21791.0,0.0,889088.0,50774.0,134383.0,456525.0,965.0,0.0,0.0,591873.0,17051.0,6389.0,0.0,0.0,13142.0,19531.0,115119.0,200667.0,599.0,0.0,0.0,201266.0,25698.0
1,2024,안양시공영개발,0.0,318.0,17000.0,0.0,0.0,17318.0,0.0,308.0,55.0,0.0,0.0,0.0,363.0,0.0,0.0,0.0,0.0,56000.0,56000.0,0.0,0.0,0.0,0.0,0.0,0.0,0.0
2,2024,문경관광공사,13601.0,289.0,0.0,-289.0,0.0,13601.0,0.0,5982.0,7619.0,0.0,0.0,0.0,13601.0,0.0,0.0,0.0,920.0,0.0,920.0,0.0,617.0,303.0,0.0,0.0,920.0,0.0
3,2024,완도해양치유관리공단,2444.0,1.0,0.0,0.0,0.0,2445.0,0.0,1057.0,1090.0,1.0,0.0,0.0,2148.0,0.0,0.0,0.0,0.0,85.0,85.0,0.0,85.0,0.0,0.0,0.0,85.0,0.0
4,2024,완주군시설관리공단,0.0,0.0,263.0,0.0,0.0,263.0,0.0,105.0,67.0,0.0,0.0,0.0,172.0,0.0,0.0,0.0,200.0,0.0,200.0,0.0,0.0,0.0,0.0,0.0,0.0,0.0
5,2024,오산도시공사,18146.0,290.0,0.0,6.0,0.0,18442.0,0.0,8593.0,9553.0,0.0,6.0,0.0,18152.0,0.0,0.0,0.0,0.0,0.0,0.0,0.0,282.0,19.0,0.0,0.0,301.0,0.0
6,2024,의정부도시공사,36693.0,531.0,0.0,66.0,0.0,37290.0,0.0,21365.0,12173.0,0.0,9.0,0.0,33547.0,0.0,0.0,0.0,3390.0,10499.0,13889.0,564.0,761.0,57.0,0.0,0.0,818.0,0.0
7,2024,진주시시설관리공단,1241.0,0.0,0.0,0.0,0.0,1241.0,0.0,652.0,576.0,0.0,0.0,0.0,1228.0,0.0,0.0,0.0,300.0,3.0,303.0,0.0,0.0,0.0,0.0,3.0,3.0,0.0
8,2024,동두천시시설관리공단,2047.0,0.0,0.0,0.0,0.0,2047.0,0.0,976.0,612.0,0.0,0.0,0.0,1588.0,0.0,0.0,0.0,0.0,116.0,116.0,0.0,40.0,0.0,0.0,62.0,102.0,0.0
9,2024,대구농수산물유통관리공사,8926.0,2.5,0.0,805.8,0.0,9734.3,0.0,1344.0,3004.0,0.0,1141.0,0.0,5489.0,0.0,0.0,0.0,2000.0,44.0,2044.0,0.0,161.0,0.0,0.0,1145.0,1306.0,0.0
10,2024,여주도시공사,14770.0,21.0,0.0,11.0,0.0,14802.0,0.0,7984.0,5861.0,0.0,11.0,0.0,13856.0,0.0,0.0,0.0,9215.0,245.0,9460.0,2200.0,1059.0,3.0,0.0,0.0,1062.0,0.0
11,2024,구미도시공사,55672.0,0.0,0.0,197.0,0.0,55869.0,0.0,19636.0,36345.0,0.0,197.0,0.0,56178.0,0.0,0.0,0.0,25000.0,1053.0,26053.0,0.0,1047.0,8.0,0.0,0.0,1055.0,0.0
12,2024,태백시시설관리공단,4935.0,0.0,0.0,0.0,0.0,4935.0,0.0,4935.0,0.0,0.0,0.0,0.0,4935.0,0.0,0.0,0.0,0.0,137.0,137.0,0.0,0.0,0.0,0.0,137.0,137.0,0.0
13,2024,천안도시공사,41146.0,93.0,0.0,6.0,0.0,41245.0,320.0,18293.0,22726.0,0.0,0.0,0.0,41019.0,320.0,0.0,0.0,0.0,5886.0,5886.0,113.0,9.0,0.0,0.0,5129.0,5138.0,0.0
14,2024,익산시도시관리공단,9557.0,6.0,0.0,35.0,0.0,9598.0,15.0,3852.0,5178.0,6.0,35.0,0.0,9071.0,15.0,0.0,0.0,0.0,0.0,0.0,0.0,97.0,0.0,0.0,0.0,97.0,0.0
15,2024,부산광역시남구시설관리공단,8933.0,0.0,0.0,0.0,0.0,8933.0,140.0,3397.0,5525.0,0.0,0.0,0.0,8922.0,140.0,0.0,0.0,0.0,592.0,592.0,0.0,592.0,0.0,0.0,0.0,592.0,0.0
16,2024,양주도시공사,25166.0,694.0,0.0,31.0,0.0,25891.0,0.0,11354.0,13411.0,0.0,396.0,0.0,25161.0,0.0,0.0,0.0,0.0,285.0,285.0,0.0,292.0,0.0,0.0,0.0,292.0,0.0
17,2024,합천군시설관리공단,17008.0,81.0,0.0,24.0,0.0,17113.0,87.0,3597.0,11513.0,0.0,0.0,0.0,15110.0,74.0,0.0,0.0,0.0,209.0,209.0,0.0,200.0,5.0,0.0,0.0,205.0,0.0
18,2024,단양관광공사,11430.0,194.0,0.0,0.0,0.0,11624.0,0.0,5527.0,5694.0,0.0,6.0,0.0,11227.0,0.0,0.0,0.0,0.0,12.0,12.0,0.0,0.0,0.0,0.0,241.0,241.0,0.0
19,2024,전남광주통합특별시 서구시설관리공단,22382.0,0.0,0.0,0.0,0.0,22382.0,0.0,22382.0,0.0,0.0,0.0,0.0,22382.0,0.0,0.0,0.0,418.0,0.0,418.0,0.0,418.0,0.0,0.0,0.0,418.0,0.0
20,2024,전남광주통합특별시북구시설관리공단,24642.0,161.0,0.0,4.0,0.0,24807.0,0.0,14050.0,8983.0,0.0,0.0,0.0,23033.0,0.0,0.0,0.0,0.0,252.0,252.0,0.0,229.0,0.0,0.0,0.0,229.0,0.0
21,2024,김천시시설관리공단,12270.0,0.0,0.0,0.0,0.0,12270.0,0.0,5312.0,6542.0,0.0,8.0,0.0,11862.0,6.0,0.0,0.0,0.0,213.0,213.0,0.0,212.0,0.0,0.0,0.0,212.0,0.0
22,2024,예산군하수도,2072.0,215.0,9775.0,0.0,0.0,12062.0,0.0,0.0,10362.0,0.0,0.0,0.0,10362.0,0.0,0.0,0.0,2815.0,0.0,2815.0,0.0,996.0,0.0,0.0,0.0,996.0,4694.0
23,2024,평창군시설관리공단,3831.0,0.0,0.0,0.0,0.0,3831.0,8.0,2114.0,1709.0,0.0,0.0,0.0,3823.0,8.0,0.0,0.0,0.0,286.0,286.0,0.0,286.0,0.0,0.0,0.0,286.0,0.0
24,2024,금산군하수도,635.0,44.0,9173.0,0.05,0.0,9852.05,0.0,393.0,7081.0,0.0,321.0,0.0,7795.0,0.0,0.0,0.0,25308.0,0.0,25308.0,0.0,2509.0,0.0,3031.0,19121.0,24661.0,0.0
25,2024,서울물재생시설공단,178597.0,0.0,0.0,14.0,0.0,178611.0,5170.0,21868.0,150865.0,0.0,3.0,0.0,172736.0,4742.0,0.0,0.0,0.0,36045.0,36045.0,16453.0,24033.0,0.0,0.0,0.0,24033.0,13953.0
26,2024,경기교통공사,725835.0,79.0,0.0,19.0,0.0,725933.0,52833.0,6115.0,628179.0,0.0,0.0,0.0,634294.0,51648.0,0.0,0.0,0.0,0.0,0.0,0.0,131.0,0.0,0.0,102.0,233.0,162.0
27,2024,원주시시설관리공단,34828.0,0.0,0.0,0.0,0.0,34828.0,310.0,18582.0,15914.0,0.0,4.0,0.0,34500.0,296.0,0.0,0.0,0.0,850.0,850.0,0.0,0.0,0.0,0.0,850.0,850.0,0.0
28,2024,김포도시공사,66385.0,1334.0,0.0,401.0,0.0,68120.0,15.0,22538.0,30094.0,0.0,7.0,1277.0,53916.0,9.0,50.0,0.0,0.0,481.0,531.0,333.0,399.0,17.0,0.0,8748.0,9164.0,20.0
29,2024,파주도시공사,33625.0,1213.0,0.0,101.0,0.0,34939.0,0.0,16005.0,18685.0,0.0,9.0,0.0,34699.0,0.0,0.0,0.0,5376.0,0.0,5376.0,5083.0,1975.0,0.0,0.0,0.0,1975.0,4065.0
30,2024,영천시시설관리공단,4499.0,0.0,0.0,0.0,0.0,4499.0,0.0,2611.0,1882.0,0.0,0.0,0.0,4493.0,0.0,0.0,0.0,0.0,58.0,58.0,0.0,58.0,0.0,0.0,640.0,698.0,0.0
31,2024,과천도시공사,45705.0,1271.0,0.0,0.0,0.0,46976.0,1535.0,17356.0,11840.0,0.0,231.0,0.0,29427.0,660.0,0.0,30000.0,0.0,121524.0,151524.0,12209.0,1341.0,397.0,70668.0,40008.0,112414.0,7536.0
32,2024,울산광역시북구시설관리공단,10559.0,0.0,0.0,2.0,0.0,10561.0,0.0,4835.0,5724.0,0.0,0.0,0.0,10559.0,0.0,0.0,0.0,0.0,144.0,144.0,0.0,144.0,0.0,0.0,0.0,144.0,0.0
33,2024,포천도시공사,14481.0,1187.0,0.0,82.0,0.0,15750.0,42.0,8759.0,5967.0,0.0,0.0,0.0,14726.0,0.0,0.0,0.0,0.0,46663.0,46663.0,20503.0,8043.0,80.0,0.0,3166.0,11289.0,12027.0
34,2024,안양도시공사,34083.0,374.0,0.0,227.0,0.0,34684.0,0.0,19634.0,14023.0,0.0,5.0,0.0,33662.0,0.0,0.0,0.0,186.0,6637.0,6823.0,0.0,10340.0,0.0,0.0,2607.0,12947.0,0.0
35,2024,예천군하수도,1043.0,119.0,5804.0,101.0,0.0,7067.0,0.0,208.0,6511.0,0.0,0.0,0.0,6719.0,0.0,0.0,0.0,0.0,19421.0,19421.0,3340.0,11477.0,0.0,0.0,0.0,11477.0,2529.0
36,2024,예천군상수도,4777.0,62.0,5704.0,224.0,0.0,10767.0,0.0,471.0,9708.0,0.0,0.0,0.0,10179.0,0.0,0.0,0.0,9579.0,439.0,10018.0,4661.0,7058.0,0.0,0.0,0.0,7058.0,4468.0
37,2024,고성군하수도,1034.0,64.0,3098.0,5.0,0.0,4201.0,7.0,0.0,4208.0,0.0,0.0,0.0,4208.0,7.0,0.0,0.0,2108.0,0.0,2108.0,0.0,1168.0,10.0,0.0,0.0,1178.0,0.0
38,2024,고성군상수도,6959.0,33.0,2500.0,72.0,0.0,9564.0,7.0,67.0,8628.0,0.0,0.0,0.0,8695.0,7.0,0.0,0.0,1403.0,0.0,1403.0,19.0,1340.0,10.0,0.0,0.0,1350.0,19.0
39,2024,세종도시교통공사,61347.0,1947.0,0.0,3486.0,0.0,66780.0,0.0,34547.0,27292.0,0.0,874.0,0.0,62713.0,7864.0,0.0,0.0,28338.0,0.0,28338.0,0.0,11317.0,0.0,0.0,0.0,11317.0,123.0
40,2024,사천시시설관리공단,15304.0,0.0,0.0,3.0,0.0,15307.0,0.0,8120.0,7177.0,0.0,10.0,0.0,15307.0,0.0,0.0,0.0,0.0,325.0,325.0,0.0,0.0,0.0,0.0,325.0,325.0,0.0
41,2024,제주특별자치도공영버스,1087.0,400.0,24230.0,27.0,0.0,25744.0,2961.0,15139.0,7186.0,0.0,0.0,0.0,22325.0,0.0,11.0,0.0,0.0,0.0,11.0,0.0,0.0,0.0,0.0,0.0,0.0,0.0
42,2024,서울특별시하수도,808121.0,10866.0,27703.0,3177.0,0.0,849867.0,22076.0,23996.0,439315.0,0.0,73.0,153.0,463537.0,20150.0,0.0,0.0,47084.0,0.0,47084.0,110606.0,150845.0,0.0,0.0,0.0,150845.0,89891.0
43,2024,경주시시설관리공단,14786.83,0.29,0.0,7.05,0.0,14794.17,0.0,8995.02,5759.55,0.0,0.0,0.0,14754.57,0.0,0.0,0.0,212.16,143.42,355.58,0.0,151.28,43.94,0.0,0.0,195.22,29.89
44,2024,인천광역시연수구시설안전관리공단,16329.0,0.0,0.0,3.0,0.0,16332.0,0.0,11104.0,5225.0,0.0,3.0,0.0,16332.0,0.0,0.0,0.0,0.0,105.0,105.0,0.0,105.0,0.0,0.0,0.0,105.0,0.0
45,2024,서울교통공사,2063790.0,14587.0,0.0,311780.0,0.0,2390157.0,292152.0,1365235.0,1091790.0,130378.0,3753.0,0.0,2591156.0,144167.0,9467.0,670000.0,422934.0,0.0,1102401.0,114837.0,427054.0,1369.0,440001.0,82985.0,951409.0,160323.0
46,2024,태안군하수도,1666.0,55.0,1456.0,1.0,0.0,3178.0,132.0,245.0,10453.0,0.0,3.0,0.0,10701.0,132.0,0.0,0.0,0.0,16438.0,16438.0,4050.0,619.0,0.0,0.0,9176.0,9795.0,3706.0
47,2024,태안군상수도,9568.0,28.0,870.0,27.0,0.0,10493.0,21.0,425.0,8305.0,0.0,0.0,0.0,8730.0,21.0,0.0,0.0,0.0,5177.0,5177.0,647.0,4983.0,0.0,0.0,673.0,5656.0,639.0
48,2024,김제시하수도,3048.0,251.0,11729.0,856.0,0.0,15884.0,12.0,715.0,14074.0,0.0,0.0,0.0,14789.0,12.0,1.0,0.0,0.0,18178.0,18179.0,5215.0,8421.0,8448.0,0.0,0.0,16869.0,3484.0
49,2024,부여군하수도,3888.0,262.0,81.0,0.0,0.0,4231.0,0.0,283.0,6441.0,0.0,0.0,0.0,6724.0,297393.0,0.0,0.0,25501.0,0.0,25501.0,5645.0,1038.0,0.0,0.0,18636.0,19674.0,4340.0
50,2024,하남시하수도,21908.0,293.0,4133.0,168.0,0.0,26502.0,0.0,1215.0,22032.0,0.0,0.0,0.0,23247.0,0.0,0.0,0.0,5617.0,0.0,5617.0,1781.0,27459.0,0.0,0.0,0.0,27459.0,1073.0
51,2024,서울에너지공사,262021.0,640.0,0.0,4678.0,0.0,267339.0,20853.0,23065.0,230256.0,10053.0,10094.0,0.0,273468.0,20852.0,77.0,14033.0,37884.0,-4487.0,47507.0,24424.0,56855.0,662.0,3291.0,88.0,60896.0,24361.0
52,2024,충주시시설관리공단,27163.0,0.0,0.0,29.0,0.0,27192.0,0.0,14325.0,12838.0,0.0,29.0,0.0,27192.0,0.0,0.0,0.0,898.0,0.0,898.0,0.0,666.0,232.0,0.0,0.0,898.0,0.0
53,2024,세종특별자치시시설관리공단,44887.0,626.0,0.0,31.0,0.0,45544.0,0.0,16155.0,26837.0,0.0,0.0,0.0,42992.0,0.0,0.0,0.0,0.0,2316.0,2316.0,4809.0,2236.0,0.0,0.0,0.0,2236.0,2809.0
54,2024,밀양시시설관리공단,25367.0,0.0,51.0,86.0,0.0,25504.0,53.0,9393.0,16049.0,0.0,0.0,0.0,25442.0,0.0,0.0,0.0,0.0,1555.0,1555.0,0.0,1513.0,0.0,0.0,0.0,1513.0,0.0
55,2024,군산시하수도,50351.0,478.0,2203.0,361.0,0.0,53393.0,22.0,2023.0,29582.0,0.0,0.0,0.0,31605.0,20.0,0.0,0.0,26978.0,130.0,27108.0,13556.0,27839.0,0.0,0.0,0.0,27839.0,11856.0
56,2024,홍성군하수도,2191.0,25.0,0.0,0.0,0.0,2216.0,0.0,185.0,9066.0,0.0,0.0,0.0,9251.0,2.0,0.0,0.0,6840.0,0.0,6840.0,2.0,0.0,0.0,0.0,0.0,0.0,0.0
57,2024,동해시하수도,9799.0,136.0,426.0,78.0,0.0,10439.0,99.0,331.0,5579.0,0.0,0.0,0.0,5910.0,99.0,0.0,0.0,14770.0,172.0,14942.0,4351.0,15089.0,0.0,0.0,0.0,15089.0,3341.0
58,2024,원주시하수도,23124.0,545.0,15205.0,24.0,0.0,38898.0,1086.0,3052.0,30795.0,0.0,114.0,0.0,33961.0,1069.0,2000.0,0.0,44432.0,280.0,46712.0,9218.0,25877.0,0.0,10510.0,292.0,36679.0,6085.0
59,2024,양주시하수도,27472.0,631.0,0.0,1513.0,0.0,29616.0,723.0,912.0,24840.0,0.0,168.0,0.0,25920.0,723.0,263.0,0.0,47013.0,335.0,47611.0,25023.0,39004.0,0.0,0.0,149.0,39153.0,20459.0
60,2024,서천군상수도,6196.0,10.0,1306.0,775.0,0.0,8287.0,1139.0,1065.0,4635.0,0.0,8.0,0.0,5708.0,1123.0,0.0,0.0,7870.0,0.0,7870.0,0.0,6308.0,1287.0,0.0,0.0,7595.0,16.0
61,2024,부여군상수도,7676.0,192.0,0.0,327.0,0.0,8195.0,26.0,691.0,6189.0,0.0,0.0,0.0,6880.0,23.0,0.0,0.0,24563.0,341.0,24904.0,4624.0,3109.0,0.0,0.0,20558.0,23667.0,4156.0
62,2024,금산군상수도,5363.0,15.0,6046.0,3.0,0.0,11427.0,0.0,148.0,8460532.0,0.0,0.0,0.0,8460680.0,0.0,0.0,0.0,824.0,0.0,824.0,4468.0,1035.0,16.0,0.0,0.0,1051.0,2577.0
63,2024,인천관광공사,61478.0,202.0,0.0,13446.0,0.0,75126.0,8230.0,10321.0,56269.0,0.0,3096.0,0.0,69686.0,7096.0,0.0,0.0,0.0,4417.0,4417.0,0.0,1437.0,91.0,0.0,0.0,1528.0,0.0
64,2024,광명도시공사,37274.0,0.0,0.0,46.0,0.0,37320.0,5506.0,14215.0,30383.0,0.0,0.0,0.0,44598.0,0.0,0.0,0.0,24597.0,5072.0,29669.0,966.0,7754.0,54.0,0.0,0.0,7808.0,2225.0
65,2024,영덕군하수도,2570.0,50.0,3798.0,0.0,0.0,6418.0,373.0,267.0,6151.0,0.0,0.0,0.0,6418.0,328.0,0.0,0.0,6221.0,30.0,6251.0,0.0,0.0,0.0,0.0,0.0,0.0,0.0
66,2024,문경시하수도,3865.0,302.0,10604.0,30.0,0.0,14801.0,0.0,2142.0,9999.0,0.0,0.0,0.0,12141.0,0.0,0.0,0.0,37270.0,0.0,37270.0,0.0,0.0,0.0,0.0,28053.0,28053.0,0.0
67,2024,논산시하수도,4990.0,417.0,14079.0,91.0,0.0,19577.0,0.0,501.0,10831.0,0.0,17.0,0.0,11349.0,0.0,0.0,0.0,16623.0,0.0,16623.0,4512.0,22567.0,0.0,0.0,0.0,22567.0,1848.0
68,2024,과천시지식정보타운조성사업,0.0,2075.0,22170.0,384.0,0.0,24629.0,2913.0,0.0,0.0,0.0,0.0,0.0,0.0,0.0,0.0,0.0,0.0,0.0,0.0,0.0,0.0,0.0,0.0,27187.0,27187.0,0.0
69,2024,아산시시설관리공단,47823.0,0.0,0.0,0.0,0.0,47823.0,25.0,19156.0,28667.0,0.0,0.0,0.0,47823.0,25.0,0.0,0.0,812.0,0.0,812.0,171.0,790.0,22.0,0.0,0.0,812.0,171.0
70,2024,장수한우지방공사,6311.0,12.0,0.0,160.0,0.0,6483.0,0.0,543.0,5934.0,0.0,110.0,0.0,6587.0,0.0,0.0,0.0,0.0,0.0,0.0,0.0,8.0,20.0,0.0,0.0,28.0,0.0
71,2024,광주광역시광산구시설관리공단,28313.0,382.0,26.0,194.0,0.0,28915.0,12.0,18183.0,10130.0,0.0,602.0,0.0,28915.0,12.0,0.0,0.0,0.0,1458.0,1458.0,205.0,1410.0,48.0,0.0,0.0,1458.0,205.0
72,2024,대구광역시달성군시설관리공단,28715.0,0.0,0.0,40.0,0.0,28755.0,1.0,16576.0,12139.0,0.0,40.0,0.0,28755.0,1.0,0.0,0.0,0.0,667.0,667.0,0.0,511.0,156.0,0.0,653.0,1320.0,0.0
73,2024,김해시도시개발공사,64333.0,227.0,0.0,850.0,0.0,65410.0,68.0,18160.0,42053.0,0.0,847.0,0.0,61060.0,68.0,1962.0,0.0,579.0,20341.0,22882.0,196.0,566.0,0.0,0.0,16863.0,17429.0,83.0
74,2024,합천군상수도,3258.0,231.0,2544.0,42.0,0.0,6075.0,0.0,2275.0,2633.0,0.0,0.0,0.0,4908.0,0.0,0.0,0.0,6194.0,0.0,6194.0,0.0,5061.0,0.0,0.0,0.0,5061.0,0.0
75,2024,성남도시개발공사,163194.0,2449.0,0.0,546.0,0.0,166189.0,1441.0,63757.0,47335.0,0.0,0.0,0.0,111092.0,356.0,0.0,0.0,0.0,0.0,0.0,447.0,48225.0,83.0,0.0,150.0,48458.0,857.0
76,2024,부여군시설관리공단,6497.0,0.0,0.0,0.0,0.0,6497.0,0.0,4001.0,2493.0,0.0,0.0,0.0,6494.0,0.0,0.0,0.0,0.0,85.0,85.0,0.0,85.0,0.0,0.0,0.0,85.0,0.0
77,2024,세종특별자치시하수도,37982.0,186.0,0.0,941.0,0.0,39109.0,7186.0,1611.0,29242.0,0.0,522.0,0.0,31375.0,2938.0,12253.0,23457.0,25381.0,0.0,61091.0,0.0,23457.0,0.0,123.0,8924.0,32504.0,3862.0
78,2024,진천군하수도,2646.0,443.0,8889.0,423.0,0.0,12401.0,11.0,444.0,10412.0,0.0,0.0,0.0,10856.0,0.0,0.0,0.0,24063.0,5.0,24068.0,14627.0,7265.0,0.0,4440.0,2217.0,13922.0,5992.0
79,2024,진천군상수도,23213.0,129.0,0.0,10.0,0.0,23352.0,11.0,1438.0,11964.0,0.0,0.0,0.0,13402.0,5098.0,0.0,0.0,6559.0,0.0,6559.0,5108.0,13982.0,0.0,0.0,0.0,13982.0,2027.0
80,2024,울산광역시중구도시관리공단,8824.0,0.0,0.0,0.0,0.0,8824.0,0.0,5250.0,3574.0,0.0,0.0,0.0,8824.0,0.0,0.0,0.0,76.0,0.0,76.0,0.0,43.0,33.0,0.0,0.0,76.0,0.0
81,2024,이천시시설관리공단,8467.0,0.0,0.0,0.0,0.0,8467.0,0.0,5502.0,2948.0,0.0,17.0,0.0,8467.0,0.0,0.0,0.0,0.0,620.0,620.0,0.0,198.0,122.0,0.0,0.0,320.0,0.0
82,2024,부산관광공사,9002.0,437.0,0.0,35579.0,0.0,45018.0,2742.0,9021.0,32662.0,0.0,264.0,0.0,41947.0,2558.0,0.0,0.0,0.0,200.0,200.0,0.0,119.0,328.0,0.0,0.0,447.0,398.0
83,2024,구리도시공사,21313.0,7.0,0.0,3407.0,0.0,24727.0,123.0,12420.0,11090.0,317.0,1650.0,0.0,25477.0,123.0,0.0,0.0,999.0,11020.0,12019.0,0.0,1327.0,95.0,8489.0,22.0,9933.0,0.0
84,2024,경상북도문화관광공사,59804.0,3403.0,0.0,11834.0,0.0,75041.0,0.0,17155.0,31388.0,740.0,3256.0,0.0,52539.0,16383.0,85.0,0.0,112.0,185.0,382.0,16383.0,2280.0,133.0,5291.0,191.0,7895.0,0.0
85,2024,제주에너지공사,15120.0,173.0,0.0,4135.0,0.0,19428.0,680.0,3722.0,8648.0,77.0,2601.0,151.0,15199.0,653.0,0.0,0.0,11091.0,3575.0,14666.0,1330.0,2066.0,25.0,5312.0,2862.0,10265.0,1268.0
86,2024,광양시하수도,11870.0,275.0,299.0,168.0,0.0,12612.0,0.0,2773.0,9079.0,0.0,0.0,10.0,11862.0,0.0,0.0,0.0,25576.0,2500.0,28076.0,11698.0,19154.0,0.0,0.0,1.0,19155.0,8911.0
87,2024,세종특별자치시상수도,39278.0,461.0,732.0,227.0,0.0,40698.0,0.0,1932.0,26749.0,0.0,12.0,0.0,28693.0,0.0,1845.0,0.0,499.0,2400.0,4744.0,0.0,789.0,0.0,559.0,12037.0,13385.0,0.0
88,2024,여수시하수도,18921.0,511.0,0.0,201.0,0.0,19633.0,677.0,2142.0,19286.0,0.0,0.0,0.0,21428.0,676.0,28.0,0.0,31058.0,0.0,31086.0,19383.0,23913.0,0.0,0.0,0.0,23913.0,9722.0
89,2024,옥천군하수도,1500.0,89.0,10597.0,1.0,0.0,12187.0,0.0,326.0,9833.0,0.0,0.0,0.0,10159.0,0.0,0.0,0.0,10192.0,1543.0,11735.0,1243.0,10090.0,0.0,1878.0,45.0,12013.0,1228.0
90,2024,남원시하수도,5102.0,439.0,17566.0,7.0,0.0,23114.0,0.0,976.0,26030.0,0.0,511.0,0.0,27517.0,0.0,0.0,0.0,11822.0,0.0,11822.0,8696.0,1678.0,19107.0,0.0,0.0,20785.0,6170.0
91,2024,영광군하수도,891.0,239.0,3577.0,16.0,0.0,4723.0,0.0,548.0,3862.0,0.0,0.0,0.0,4410.0,0.0,0.0,0.0,29376.0,0.0,29376.0,6450.0,1238.0,0.0,0.0,0.0,1238.0,5742.0
92,2024,영광군상수도,4451.0,263.0,2438.0,3687.0,0.0,10839.0,299.0,2031.0,4131.0,0.0,0.0,0.0,6162.0,264.0,0.0,0.0,17164.0,0.0,17164.0,5256.0,14488.0,0.0,0.0,0.0,14488.0,4322.0
93,2024,거제해양관광개발공사,37819.0,355.0,0.0,1200.0,0.0,39374.0,170.0,17744.0,19286.0,41.0,1.0,0.0,37072.0,170.0,0.0,0.0,0.0,3514.0,3514.0,25.0,2422.0,0.0,1150.0,347.0,3919.0,25.0
94,2024,대전관광공사,42395.0,811.0,0.0,5369.0,0.0,48575.0,1235.0,14565.0,29835.0,281.0,1472.0,0.0,46153.0,1162.0,0.0,0.0,0.0,38873.0,38873.0,1118.0,21263.0,0.0,0.0,0.0,21263.0,1029.0
95,2024,양평군하수도,10102.0,1220.0,20305.0,1233.0,0.0,32860.0,42182.0,1599.0,24274.0,0.0,0.0,0.0,25873.0,266.0,0.0,0.0,79259.0,0.0,79259.0,42182.0,35044.0,0.0,0.0,5489.0,40533.0,24799.0
96,2024,영월군시설관리공단,8580.0,0.0,0.0,0.0,0.0,8580.0,0.0,4651.0,3929.0,0.0,0.0,0.0,8580.0,0.0,0.0,0.0,0.0,287.0,287.0,0.0,244.0,43.0,0.0,0.0,287.0,0.0
97,2024,계룡시하수도,1816.0,88.0,0.0,0.0,0.0,1904.0,0.0,0.0,4675.0,0.0,0.0,0.0,4675.0,0.0,0.0,0.0,13827.0,0.0,13827.0,1306.0,3550.0,0.0,2839.0,237.0,6626.0,846.0
98,2024,의왕도시공사,22473.0,2085.0,0.0,1056.0,0.0,25614.0,102.0,11764.0,15309.0,0.0,10.0,356.0,27439.0,93.0,0.0,0.0,770.0,0.0,770.0,578.0,494.0,20.0,0.0,0.0,514.0,472.0
99,2024,고양도시관리공사,100877.0,5071.0,0.0,1344.0,0.0,107292.0,1214.0,28077.0,65675.0,16709.0,7109.0,0.0,117570.0,1285.0,0.0,40000.0,11238.0,216893.0,268131.0,4662.0,5757.0,0.0,46648.0,99272.0,151677.0,2102.0
100,2024,양양군상수도,6240.0,102.0,0.0,266.0,0.0,6608.0,0.0,1812.0,2971.0,0.0,0.0,0.0,4783.0,0.0,0.0,0.0,3432.0,0.0,3432.0,3341.0,4461.0,0.0,0.0,0.0,4461.0,2239.0
101,2024,계룡시상수도,4563.0,497.0,200.0,24.0,0.0,5284.0,0.0,0.0,2676.0,0.0,1.0,0.0,2677.0,0.0,0.0,0.0,0.0,0.0,0.0,11454.0,6674.0,12.0,0.0,0.0,6686.0,0.0
102,2024,증평군하수도,3611.4,18.6,2994.4,97.9,0.0,6722.299999999999,0.0,317.3,4415.9,0.0,0.0,0.0,4733.2,0.0,0.0,0.0,10792.993,0.0,10792.993,2417.6,7977.6,0.0,1980.3,28.1,9986.0,2413.0
103,2024,고양시하수도,75059.0,2802.0,0.0,314.0,0.0,78175.0,0.0,3316.0,48072.0,0.0,0.0,11.0,51399.0,0.0,0.0,0.0,10425.0,0.0,10425.0,21350.0,5889.0,0.0,0.0,0.0,5889.0,8936.0
104,2024,음성군하수도,2614.0,147.0,12496.0,681.0,0.0,15938.0,84.0,467.0,14447.0,0.0,10.0,0.0,14924.0,84.0,0.0,0.0,30502.0,0.0,30502.0,2183.0,29332.0,0.0,0.0,0.0,29332.0,399.0
105,2024,김천시하수도,8180.0,155.0,1491.0,30.0,0.0,9856.0,13.0,650.0,8921.0,0.0,10.0,42.0,9623.0,10.0,0.0,0.0,6800.0,0.0,6800.0,7348.0,8911.0,0.0,0.0,63.0,8974.0,5449.0
106,2024,화순군하수도,1490.0,77.0,6694.0,659.0,0.0,8920.0,85.0,289.0,11521.0,0.0,0.0,0.0,11810.0,85.0,0.0,0.0,27985.0,0.0,27985.0,7649.0,15576.0,0.0,0.0,0.0,15576.0,5400.0
107,2024,화순군상수도,6816.0,121.0,1706.0,91.0,0.0,8734.0,20.0,1652.0,5195.0,0.0,0.0,0.0,6847.0,2.0,0.0,0.0,23543.0,1028.0,24571.0,4143.0,18885.0,0.0,0.0,1219.0,20104.0,3216.0
108,2024,영동군상수도,6372.0,293.0,8196.0,36.0,0.0,14897.0,6009.0,1840.0,2974.0,0.0,0.3,0.0,4814.3,5687.0,35.0,0.0,2717.0,0.0,2752.0,0.0,8650.0,0.0,0.0,22.0,8672.0,0.0
109,2024,포항시시설관리공단,33196.0,0.0,0.0,194.0,0.0,33390.0,41.0,17029.0,16167.0,0.0,194.0,0.0,33390.0,41.0,0.0,0.0,0.0,857.0,857.0,0.0,844.0,0.0,0.0,0.0,844.0,0.0
110,2024,춘천도시공사,51488.0,407.0,0.0,3196.0,0.0,55091.0,0.0,24931.0,26919.0,0.0,0.0,28.0,51878.0,0.0,0.0,0.0,18327.0,11687.0,30014.0,5793.0,5787.0,0.0,0.0,0.0,5787.0,4090.0
111,2024,이천시하수도,17892.0,600.0,0.0,4.0,0.0,18496.0,0.0,1149.0,2632.0,0.0,34.0,0.0,3815.0,0.0,1.0,0.0,13713.0,0.0,13714.0,0.0,44.0,80.0,0.0,43452.0,43576.0,0.0
112,2024,강릉관광개발공사,22668.0,214.0,0.0,5.0,0.0,22887.0,4451.0,5977.0,8539.0,0.0,0.0,0.0,14516.0,0.0,0.0,0.0,0.0,0.0,0.0,0.0,1394.0,0.0,0.0,0.0,1394.0,3801.0
113,2024,보령시시설관리공단,17624.0,0.0,0.0,174.0,0.0,17798.0,43.0,7004.0,9625.0,0.0,149.0,0.0,16778.0,43.0,0.0,0.0,300.0,2432.0,2732.0,506.0,1758.0,123.0,0.0,0.0,1881.0,506.0
114,2024,당진도시공사,1343.0,44.0,0.0,8.0,0.0,1395.0,0.0,631.0,785.0,0.0,0.0,0.0,1416.0,0.0,0.0,0.0,0.0,0.0,0.0,0.0,60.0,87.0,0.0,0.0,147.0,0.0
115,2024,연천군하수도,4561.0,369.0,15209.0,204.0,0.0,20343.0,0.0,666.0,15486.0,0.0,0.0,0.0,16152.0,380.0,0.0,0.0,19835.0,0.0,19835.0,16723.0,16532.0,0.0,0.0,3233.0,19765.0,10556.0
116,2024,칠곡군하수도,7286.0,296.0,18329.0,5523.0,0.0,31434.0,871.0,182.0,29531.0,0.0,1.0,0.0,29714.0,871.0,0.0,0.0,16232.0,0.0,16232.0,7569.0,981.0,0.0,0.0,10023.0,11004.0,4986.0
117,2024,의령친환경골프장관리사업소,2163.0,42.0,0.0,0.0,0.0,2205.0,0.0,403.0,562.0,0.0,0.0,0.0,965.0,0.0,0.0,0.0,1098.0,0.0,1098.0,0.0,653.0,0.0,0.0,700.0,1353.0,0.0
118,2024,경기도고덕국제화계획지구조성사업,7995.0,34.0,0.0,189.0,0.0,8218.0,759.0,0.0,7256.0,458.0,0.0,0.0,7714.0,759.0,0.0,0.0,15594.0,0.0,15594.0,0.0,0.0,0.0,9250.0,0.0,9250.0,0.0
119,2024,인천광역시제물포구시설관리공단,17190.0,0.0,0.0,0.0,0.0,17190.0,0.0,11145.0,6042.0,0.0,3.0,0.0,17190.0,0.0,0.0,0.0,0.0,206.0,206.0,0.0,191.0,15.0,0.0,0.0,206.0,0.0
120,2024,여수시도시관리공단,44356.0,0.0,0.0,0.0,0.0,44356.0,20.0,30571.0,13785.0,0.0,0.0,0.0,44356.0,20.0,0.0,0.0,0.0,3302.0,3302.0,676.0,2802.0,0.0,0.0,0.0,2802.0,658.0
121,2024,단양군상수도,6195.0,121.0,2298.0,131.0,0.0,8745.0,0.0,62.0,5871.0,0.0,0.0,0.0,5933.0,0.0,0.0,0.0,11209.0,500.0,11709.0,5547.0,10392.0,0.0,0.0,0.0,10392.0,4751.0
122,2024,영덕군상수도,5428.0,35.0,645.0,1.0,0.0,6109.0,1303.0,1941.0,1964.0,0.0,0.0,0.0,3905.0,0.0,0.0,0.0,0.0,3369.0,3369.0,0.0,5035.0,0.0,0.0,1380.0,6415.0,1203.0
123,2024,양산시시설관리공단,24953.0,0.0,0.0,0.0,0.0,24953.0,0.0,11874.0,13076.0,0.0,3.0,0.0,24953.0,0.0,0.0,0.0,251.0,200.0,451.0,0.0,217.0,34.0,0.0,0.0,251.0,0.0
124,2024,동두천시하수도,11419.0,0.0,0.0,2709.0,0.0,14128.0,0.0,0.0,9133.0,0.0,1.0,0.0,9134.0,0.0,5068.0,0.0,6150.0,0.0,11218.0,0.0,4442.0,0.0,0.0,8959.0,13401.0,0.0
125,2024,부산광역시기장군도시관리공단,35106.0,0.0,0.0,9548.0,0.0,44654.0,0.0,16167.0,14594.0,0.0,9548.0,0.0,40309.0,0.0,0.0,0.0,0.0,1110.0,1110.0,0.0,1040.0,47.0,0.0,0.0,1087.0,0.0
126,2024,함안지방공사,28564.0,452.0,0.0,19.0,0.0,29035.0,0.0,6423.0,11776.0,0.0,8844.0,0.0,27043.0,318.0,0.0,0.0,0.0,0.0,0.0,0.0,125.0,0.0,0.0,492.0,617.0,0.0
127,2024,의성군상수도,6498.0,22.0,4369.0,5.0,0.0,10894.0,0.0,845.0,10505.0,0.0,0.0,0.0,11350.0,0.0,0.0,0.0,8293.0,0.0,8293.0,396.0,8831.0,0.0,0.0,47.0,8878.0,396.0
128,2024,안산도시공사,94591.0,1303.0,0.0,1181.0,0.0,97075.0,13737.0,39975.0,55312.0,150.0,5.0,0.0,95442.0,9008.0,0.0,70000.0,0.0,3172.0,73172.0,7492.0,51171.0,708.0,889.0,403.0,53171.0,1152.0
129,2024,파주시하수도,46831.0,1620.0,0.0,290.0,0.0,48741.0,0.0,1920.0,31441.0,0.0,7320.0,0.0,40681.0,0.0,0.0,0.0,57589.0,15806.0,73395.0,9536.0,65984.0,0.0,13329.0,2572.0,81885.0,7976.0
130,2024,포항시하수도,26282.0,15273.0,52199.0,216.0,0.0,93970.0,0.0,4701.0,39819.0,8687.0,0.0,0.0,53207.0,0.0,5.0,0.0,83142.0,2520.0,85667.0,64278.0,62313.0,0.0,0.0,0.0,62313.0,33831.0
131,2024,보령시하수도,5552.0,727.0,50.0,372.0,0.0,6701.0,0.0,451.0,605.0,0.0,15.0,0.0,1071.0,0.0,0.0,0.0,47964.0,0.0,47964.0,15328.0,51963.0,0.0,0.0,0.0,51963.0,13454.0
132,2024,제주관광공사,52828.0,174.0,0.0,2961.0,0.0,55963.0,3496.0,8930.0,46473.0,279.0,71.0,0.0,55753.0,3496.0,250.0,0.0,0.0,1287.0,1537.0,3496.0,1005.0,434.0,289.0,0.0,1728.0,3496.0
133,2024,울주군시설관리공단,26286.0,0.0,0.0,0.0,0.0,26286.0,0.0,17074.0,8930.0,0.0,282.0,0.0,26286.0,0.0,0.0,0.0,0.0,4731.0,4731.0,0.0,4289.0,42.0,0.0,500.0,4831.0,0.0
134,2024,양평공사,21756.0,239.0,0.0,2513.0,0.0,24508.0,76.0,9416.0,10896.0,0.0,2129.0,0.0,22441.0,61.0,0.0,0.0,5215.0,0.0,5215.0,0.0,1150.0,0.0,0.0,0.0,1150.0,0.0
135,2024,당진시하수도,11135.0,618.0,11551.0,2.0,0.0,23306.0,12916.0,566.0,17300.0,0.0,0.0,0.0,17866.0,0.0,69.0,0.0,13927.0,33.0,14029.0,0.0,24066.0,0.0,0.0,0.0,24066.0,11716.0
136,2024,평택도시공사,302912.0,276.0,0.0,3675.0,0.0,306863.0,47598.0,11470.0,21792.0,229.0,4995.0,0.0,38486.0,10054.0,1274.0,287942.0,496.0,0.0,289712.0,17352.0,453.0,193.0,330000.0,153176.0,483822.0,17352.0
137,2024,강화군시설관리공단,12685.0,0.0,0.0,3.0,0.0,12688.0,0.0,8403.0,4282.0,0.0,3.0,0.0,12688.0,0.0,0.0,0.0,0.0,1141.0,1141.0,968.0,1141.0,0.0,0.0,0.0,1141.0,0.0
138,2024,군포도시공사,38496.0,1058.0,0.0,260.0,0.0,39814.0,21.0,19033.0,20014.0,0.0,260.0,0.0,39307.0,0.0,0.0,0.0,31048.0,800.0,31848.0,0.0,1064.0,0.0,0.0,0.0,1064.0,21.0
139,2024,전주시시설관리공단,50329.0,644.0,0.0,0.0,0.0,50973.0,0.0,29263.0,20989.0,644.0,77.0,0.0,50973.0,0.0,0.0,0.0,1014.0,0.0,1014.0,0.0,1014.0,0.0,0.0,0.0,1014.0,0.0
140,2024,화성도시공사,162487.0,6351.0,0.0,2789.0,0.0,171627.0,0.0,35481.0,84807.0,0.0,529.0,0.0,120817.0,37468.0,1444.0,0.0,1196.0,1457.0,4097.0,0.0,1440.0,568.0,0.0,0.0,2008.0,0.0
141,2024,화성시하수도,72743.0,1880.0,0.0,664.0,0.0,75287.0,7166.0,1442.0,73281.0,0.0,53.0,0.0,74776.0,6244.0,0.0,0.0,38063.0,0.0,38063.0,25011.0,1282.0,0.0,0.0,13537.0,14819.0,17488.0
142,2024,울산광역시남구도시관리공단,20333.0,196.0,0.0,0.0,0.0,20529.0,0.0,9748.0,10585.0,196.0,0.0,0.0,20529.0,0.0,0.0,0.0,0.0,450.0,450.0,0.0,450.0,0.0,0.0,0.0,450.0,0.0
143,2024,강릉시하수도,23280.0,411.0,4942.0,9.0,0.0,28642.0,982.0,1166.0,22143.0,0.0,707.0,0.0,24016.0,793.0,0.0,0.0,51635.0,233.0,51868.0,11627.0,41135.0,1345.0,0.0,29.0,42509.0,10607.0
144,2024,인천경제자유구역청,525563.0,36195.0,0.0,59396.0,0.0,621154.0,160.0,28126.0,294251.0,0.0,2.0,0.0,322379.0,160.0,4514.0,0.0,298100.0,689506.0,992120.0,329543.0,630944.0,0.0,0.0,248464.0,879408.0,153068.0
145,2024,거제시하수도,12140.0,915.0,27077.0,915.0,0.0,41047.0,0.0,2976.0,15848.0,201.0,0.0,6.0,19031.0,0.0,0.0,0.0,64924.0,0.0,64924.0,67369.0,14315.0,0.0,0.0,0.0,14315.0,40583.0
146,2024,노원구시설관리공단,24692.0,0.0,0.0,0.0,0.0,24692.0,0.0,13747.0,10944.0,0.0,0.0,0.0,24691.0,0.0,0.0,0.0,0.0,382.0,382.0,0.0,332.0,0.0,0.0,50.0,382.0,0.0
147,2024,남양주도시공사,89097.0,3700.0,0.0,303.0,0.0,93100.0,193.0,32251.0,46210.0,0.0,14.0,0.0,78475.0,192.0,0.0,0.0,63564.0,20000.0,83564.0,59161.0,9458.0,6.0,0.0,28893.0,38357.0,59161.0
148,2024,중구시설관리공단,40078.0,0.0,0.0,244.0,0.0,40322.0,10.0,24983.0,15578.0,0.0,150.0,0.0,40711.0,10.0,0.0,0.0,0.0,982.0,982.0,0.0,0.0,0.0,0.0,982.0,982.0,0.0
149,2024,함안군상수도,8885.0,21.0,0.0,33.0,0.0,8939.0,0.0,11.0,7257.0,0.0,0.0,0.0,7268.0,0.0,0.0,0.0,4146.0,0.0,4146.0,1216.0,5744.0,0.0,0.0,23.0,5767.0,1108.0
150,2024,통영관광개발공사,8859.0,519.0,0.0,2624.0,0.0,12002.0,6042.0,5426.0,4553.0,19.0,0.0,0.0,9998.0,49.0,0.0,0.0,0.0,0.0,0.0,0.0,367.0,0.0,0.0,0.0,367.0,0.0
151,2024,영양고추유통공사,24658.0,60.0,0.0,492.0,0.0,25210.0,0.0,2277.0,15635.0,558.0,8.0,0.0,18478.0,0.0,0.0,21700.0,70.0,0.0,21770.0,0.0,96.0,0.0,30700.0,8.0,30804.0,0.0
152,2024,음성군상수도,20809.0,128.0,964.0,52.0,0.0,21953.0,10.0,979.0,13336.0,0.0,0.0,1.0,14316.0,10.0,3.0,0.0,1577.0,0.0,1580.0,729.0,6333.0,0.0,0.0,0.0,6333.0,706.0
153,2024,울산광역시도시공사,23503.0,12063.0,0.0,6832.0,0.0,42398.0,11568.0,3662.0,15699.0,2596.0,4103.0,0.0,26060.0,11558.0,0.0,0.0,2351.0,298310.0,300661.0,8048.0,835.0,0.0,52328.0,35890.0,89053.0,6478.0
154,2024,부안군상수도,9093.0,96.0,3500.0,25.0,0.0,12714.0,119.0,1592.0,8969.0,0.0,417.0,0.0,10978.0,118.0,0.0,0.0,110.0,0.0,110.0,675.0,2233.0,0.0,0.0,0.0,2233.0,653.0
155,2024,관악구시설관리공단,21044.0,163.0,0.0,229.0,0.0,21436.0,0.0,11177.0,9867.0,163.0,229.0,0.0,21436.0,0.0,0.0,0.0,0.0,319.0,319.0,0.0,145.0,174.0,0.0,0.0,319.0,0.0
156,2024,안동시시설관리공단,30650.0,0.0,0.0,4.0,0.0,30654.0,0.0,12566.0,18084.0,0.0,4.0,0.0,30654.0,0.0,0.0,0.0,0.0,835.0,835.0,0.0,635.0,0.0,0.0,0.0,635.0,0.0
157,2024,인천환경공단,154772.0,0.0,0.0,977.0,0.0,155749.0,0.0,45857.0,107919.0,0.0,938.0,0.0,154714.0,0.0,0.0,0.0,3002.0,40545.0,43547.0,0.0,40363.0,0.0,0.0,3053.0,43416.0,0.0
158,2024,제천시하수도,7720.0,193.0,11957.0,99.0,0.0,19969.0,0.0,3234.0,10425.0,0.0,0.0,0.0,13659.0,0.0,0.0,0.0,51429.0,0.0,51429.0,9063.0,6219.0,0.0,0.0,37159.0,43378.0,7578.0
159,2024,은평구시설관리공단,14543.0,123.0,0.0,47.0,0.0,14713.0,0.0,7206.0,7337.0,123.0,47.0,0.0,14713.0,0.0,0.0,0.0,0.0,204.0,204.0,0.0,204.0,0.0,0.0,0.0,204.0,0.0
160,2024,충주시하수도,25485.0,906.0,13858.0,29.0,0.0,40278.0,14.0,3474.0,16533.0,0.0,0.0,0.0,20007.0,14.0,0.0,0.0,50181.0,0.0,50181.0,7239.0,29725.0,0.0,0.0,0.0,29725.0,4697.0
161,2024,충청남도개발공사,206330.0,5000.0,0.0,4429.0,0.0,215759.0,0.0,6067.0,41078.0,5851.0,1264.0,378.0,54638.0,0.0,990.0,126118.0,61300.0,23049.0,211457.0,0.0,29947.0,155.0,109654.0,240636.0,380392.0,0.0
162,2024,창원레포츠파크,28845.0,0.0,315.0,0.0,0.0,29160.0,19.0,12169.0,16683.0,0.0,1.0,0.0,28853.0,19.0,0.0,0.0,0.0,1624.0,1624.0,0.0,1544.0,80.0,0.0,0.0,1624.0,0.0
163,2024,광주환경공단,80713.0,239.0,0.0,323.0,0.0,81275.0,97.0,18683.0,58312.0,0.0,0.0,0.0,76995.0,97.0,0.0,0.0,20607.0,35.0,20642.0,2152.0,15807.0,0.0,0.0,0.0,15807.0,2142.0
164,2024,대구공공시설관리공단,258277.0,256.0,0.0,210.0,0.0,258743.0,186.0,80916.0,177360.0,0.0,0.0,0.0,258276.0,180.0,0.0,0.0,0.0,35562.0,35562.0,4944.0,33953.0,439.0,0.0,98.0,34490.0,4778.0
165,2024,부산환경공단,224846.0,0.0,0.0,1165.0,0.0,226011.0,6553.0,43053.0,172741.0,0.0,1107.0,0.0,216901.0,6553.0,0.0,0.0,0.0,12739.0,12739.0,375.0,11965.0,0.0,0.0,109.0,12074.0,375.0
166,2024,창원시설공단,94290.0,0.0,0.0,238.0,0.0,94528.0,0.0,34302.0,60224.0,0.0,2.0,0.0,94528.0,0.0,0.0,0.0,1112.0,0.0,1112.0,0.0,1026.0,86.0,0.0,0.0,1112.0,0.0
167,2024,청주시시설관리공단,49848.0,0.0,0.0,0.0,0.0,49848.0,0.0,24397.0,25451.0,0.0,0.0,0.0,49848.0,0.0,0.0,0.0,2808.0,10.0,2818.0,0.0,2808.0,0.0,0.0,10.0,2818.0,0.0
168,2024,정선군시설관리공단,15415.0,0.0,0.0,0.0,0.0,15415.0,0.0,7803.0,7612.0,0.0,0.0,0.0,15415.0,0.0,0.0,0.0,0.0,143.0,143.0,100.0,135.0,8.0,0.0,0.0,143.0,0.0
169,2024,동해시시설관리공단,10625.0,0.0,0.0,0.0,0.0,10625.0,0.0,6315.0,4285.0,0.0,3.0,0.0,10603.0,0.0,0.0,0.0,0.0,664.0,664.0,0.0,51.0,0.0,0.0,114.0,165.0,499.0
170,2024,속초시시설관리공단,20644.0,0.0,0.0,0.0,0.0,20644.0,0.0,14050.0,6594.0,0.0,0.0,0.0,20644.0,0.0,0.0,0.0,0.0,55.0,55.0,0.0,0.0,0.0,0.0,55.0,55.0,0.0
171,2024,연천군시설관리공단,14792.0,0.0,0.0,0.0,0.0,14792.0,0.0,6266.0,8521.0,0.0,5.0,0.0,14792.0,0.0,0.0,0.0,0.0,170.0,170.0,0.0,97.0,73.0,0.0,0.0,170.0,0.0
172,2024,가평군시설관리공단,15880.0,0.0,0.0,283.0,0.0,16163.0,0.0,9313.0,5980.0,0.0,258.0,0.0,15551.0,0.0,0.0,0.0,223.0,0.0,223.0,0.0,218.0,0.0,0.0,0.0,218.0,0.0
173,2024,안성시시설관리공단,30919.0,0.0,0.0,0.0,0.0,30919.0,0.0,20172.0,9740.0,0.0,14.0,0.0,29926.0,0.0,0.0,0.0,534.0,0.0,534.0,0.0,418.0,91.0,0.0,0.0,509.0,0.0
174,2024,시흥도시공사,61892.0,0.0,0.0,9264.0,0.0,71156.0,267.0,28574.0,35295.0,0.0,2141.0,0.0,66010.0,267.0,15.0,87522.0,0.0,530.0,88067.0,2114.0,34557.0,188.0,19525.0,0.0,54270.0,581.0
175,2024,부천도시공사,100574.0,1583.0,0.0,258.0,0.0,102415.0,271.0,31004.0,49185.0,0.0,0.0,0.0,80189.0,130.0,0.0,77400.0,0.0,718.0,78118.0,33097.0,17419.0,0.0,0.0,10000.0,27419.0,22685.0
176,2024,수원도시공사,71146.0,2479.0,0.0,0.0,0.0,73625.0,98.0,32794.0,39917.0,0.0,27.0,0.0,72738.0,70.0,0.0,0.0,0.0,2574.0,2574.0,866.0,2782.0,0.0,0.0,0.0,2782.0,85.0
177,2024,울산시설공단,66707.0,0.0,0.0,0.0,0.0,66707.0,119.0,33565.0,31134.0,0.0,0.0,0.0,64699.0,119.0,0.0,0.0,0.0,13003.0,13003.0,120.0,12415.0,109.0,0.0,46.0,12570.0,120.0
178,2024,대전광역시시설관리공단,97952.0,909.0,0.0,513.0,0.0,99374.0,19.0,33163.0,57531.0,0.0,12106.0,0.0,102800.0,19.0,0.0,0.0,11769.0,0.0,11769.0,70.0,9789.0,482.0,231.0,89.0,10591.0,68.0
179,2024,인천광역시서구시설관리공단,43109.0,0.0,0.0,4.0,0.0,43113.0,0.0,25159.0,17938.0,0.0,4.0,0.0,43101.0,0.0,0.0,0.0,1000.0,773.0,1773.0,0.0,752.0,21.0,0.0,0.0,773.0,0.0
180,2024,인천광역시계양구시설관리공단,13019.0,0.0,0.0,0.0,0.0,13019.0,0.0,9040.0,3979.0,0.0,0.0,0.0,13019.0,0.0,0.0,0.0,0.0,0.0,0.0,0.0,25.0,0.0,0.0,0.0,25.0,0.0
181,2024,인천광역시부평구시설관리공단,25421.0,0.0,0.0,4.0,0.0,25425.0,0.0,18740.0,6681.0,0.0,4.0,0.0,25425.0,0.0,0.0,0.0,0.0,343.0,343.0,0.0,0.0,0.0,0.0,343.0,343.0,0.0
182,2024,남동구도시관리공단,15865.0,0.0,0.0,0.0,0.0,15865.0,0.0,7273.0,8592.0,0.0,0.0,0.0,15865.0,0.0,0.0,0.0,0.0,852.0,852.0,0.0,453.0,0.0,0.0,0.0,453.0,0.0
183,2024,인천광역시미추홀구시설관리공단,17142.0,0.0,0.0,3.0,0.0,17145.0,0.0,10557.0,6585.0,0.0,3.0,0.0,17145.0,0.0,0.0,0.0,500.0,101.0,601.0,0.0,101.0,0.0,0.0,0.0,101.0,0.0
184,2024,인천시설공단,165914.0,702.0,0.0,82.0,0.0,166698.0,0.0,63785.0,71449.0,0.0,0.0,0.0,135234.0,14.0,0.0,0.0,18135.0,0.0,18135.0,0.0,16727.0,254.0,0.0,0.0,16981.0,390.0
185,2024,부산시설공단,203054.0,1385.0,0.0,1670.0,0.0,206109.0,299.0,66859.0,109556.0,0.0,10789.0,1.0,187205.0,293.0,0.0,0.0,16908.0,0.0,16908.0,2834.0,26151.0,0.0,0.0,164.0,26315.0,3125.0
186,2024,중랑구시설관리공단,17583.0,0.0,0.0,0.0,0.0,17583.0,0.0,9160.0,8423.0,0.0,0.0,0.0,17583.0,0.0,0.0,0.0,205.0,0.0,205.0,0.0,205.0,0.0,0.0,0.0,205.0,0.0
187,2024,종로구시설관리공단,19621.0,0.0,0.0,31.0,0.0,19652.0,0.0,9599.0,9920.0,0.0,0.0,1.0,19520.0,0.0,0.0,0.0,0.0,1557.0,1557.0,0.0,768.0,0.0,0.0,1.0,769.0,310.0
188,2024,용산구시설관리공단,23196.0,0.0,0.0,232.0,0.0,23428.0,0.0,11053.0,12143.0,0.0,232.0,0.0,23428.0,0.0,0.0,0.0,261.0,78.0,339.0,0.0,261.0,0.0,0.0,78.0,339.0,0.0
189,2024,영등포구시설관리공단,20546.0,0.0,0.0,0.0,0.0,20546.0,0.0,9685.0,10861.0,0.0,0.0,0.0,20546.0,0.0,0.0,0.0,0.0,487.0,487.0,0.0,487.0,0.0,0.0,0.0,487.0,0.0
190,2024,양천구시설관리공단,19224.0,0.0,0.0,0.0,0.0,19224.0,0.0,9667.0,9557.0,0.0,0.0,0.0,19224.0,0.0,0.0,0.0,0.0,107.0,107.0,0.0,0.0,0.0,0.0,107.0,107.0,0.0
191,2024,송파구시설관리공단,21345.0,0.0,0.0,58.0,0.0,21403.0,0.0,11761.0,9584.0,0.0,58.0,0.0,21403.0,0.0,0.0,0.0,0.0,139.0,139.0,0.0,0.0,0.0,0.0,139.0,139.0,0.0
192,2024,성북구도시관리공단,25982.0,343.0,622.0,-343.0,0.0,26604.0,19.0,14241.0,11741.0,0.0,622.0,0.0,26604.0,19.0,0.0,0.0,2014.0,400.0,2414.0,0.0,1927.0,87.0,0.0,0.0,2014.0,0.0
193,2024,성동구도시관리공단,35555.0,0.0,0.0,32.0,0.0,35587.0,0.0,18699.0,16822.0,0.0,66.0,0.0,35587.0,0.0,0.0,0.0,0.0,428.0,428.0,0.0,428.0,0.0,0.0,0.0,428.0,0.0
194,2024,서대문구도시관리공단,17503.0,0.0,0.0,0.0,0.0,17503.0,0.0,8683.0,8820.0,0.0,0.0,0.0,17503.0,0.0,0.0,0.0,1965.0,158.0,2123.0,0.0,2074.0,49.0,0.0,0.0,2123.0,0.0
195,2024,마포구시설관리공단,23702.0,0.0,0.0,0.0,0.0,23702.0,0.0,10284.0,11515.0,0.0,1903.0,0.0,23702.0,0.0,0.0,0.0,0.0,107.0,107.0,0.0,0.0,0.0,0.0,107.0,107.0,0.0
196,2024,동작구시설관리공단,23541.0,458.0,0.0,0.0,0.0,23999.0,0.0,11093.0,12448.0,458.0,0.0,0.0,23999.0,0.0,0.0,0.0,0.0,366.0,366.0,0.0,191.0,120.0,0.0,0.0,311.0,0.0
197,2024,동대문구시설관리공단,19906.0,0.0,0.0,0.0,0.0,19906.0,0.0,11453.0,8453.0,0.0,0.0,0.0,19906.0,0.0,0.0,0.0,0.0,158.0,158.0,0.0,59.0,99.0,0.0,0.0,158.0,0.0
198,2024,도봉구시설관리공단,24644.0,0.0,0.0,1.0,0.0,24645.0,0.0,14022.0,10622.0,0.0,1.0,0.0,24645.0,0.0,0.0,0.0,328.0,0.0,328.0,0.0,0.0,0.0,0.0,328.0,328.0,0.0
199,2024,금천구시설관리공단,15828.0,0.0,0.0,114.0,0.0,15942.0,0.0,7342.0,8486.0,0.0,114.0,0.0,15942.0,0.0,0.0,0.0,492.0,21.0,513.0,0.0,492.0,0.0,0.0,0.0,492.0,0.0
200,2024,구로구시설관리공단,14404.0,0.0,0.0,25.0,0.0,14429.0,68.0,7170.0,7233.0,0.0,26.0,0.0,14429.0,68.0,0.0,0.0,0.0,296.0,296.0,1368.0,277.0,0.0,0.0,0.0,277.0,1368.0
201,2024,광진구시설관리공단,29384.0,0.0,0.0,1.0,0.0,29385.0,0.0,15103.0,14281.0,0.0,1.0,0.0,29385.0,0.0,0.0,0.0,0.0,1491.0,1491.0,0.0,0.0,0.0,0.0,1491.0,1491.0,0.0
202,2024,강서구시설관리공단,22519.0,365.0,0.0,53.0,0.0,22937.0,12.0,11883.0,10636.0,365.0,53.0,0.0,22937.0,12.0,0.0,0.0,0.0,168.0,168.0,0.0,168.0,0.0,0.0,0.0,168.0,0.0
203,2024,강북구도시관리공단,18329.0,0.0,0.0,1.0,0.0,18330.0,17.0,10900.0,7278.0,0.0,0.0,0.0,18178.0,17.0,0.0,0.0,0.0,843.0,843.0,245.0,831.0,12.0,0.0,0.0,843.0,245.0
204,2024,강동구도시관리공단,20780.0,0.0,0.0,0.0,0.0,20780.0,0.0,11547.0,9233.0,0.0,0.0,0.0,20780.0,0.0,0.0,0.0,0.0,1145.0,1145.0,0.0,902.0,243.0,0.0,0.0,1145.0,0.0
205,2024,강남구도시관리공단,37787.0,0.0,0.0,0.0,0.0,37787.0,0.0,17108.0,20679.0,0.0,0.0,0.0,37787.0,0.0,0.0,0.0,0.0,3151.0,3151.0,0.0,2427.0,79.0,0.0,0.0,2506.0,0.0
206,2024,서울시설공단,433797.0,8251.0,0.0,798.0,0.0,442846.0,6269.0,237800.0,177265.0,0.0,1160.0,0.0,416225.0,345.0,0.0,0.0,0.0,24268.0,24268.0,4273.0,20644.0,400.0,0.0,481.0,21525.0,2413.0
207,2024,창녕군시설관리공단,20866.0,193.0,0.0,9.0,0.0,21068.0,424.0,8398.0,10401.0,0.0,1528.0,0.0,20327.0,239.0,0.0,0.0,0.0,0.0,0.0,0.0,218.0,0.0,0.0,0.0,218.0,0.0
208,2024,청도공영사업공사,30840.0,47.0,0.0,9854.0,0.0,40741.0,349.0,1314.0,36091.0,0.0,0.0,0.0,37405.0,349.0,0.0,0.0,0.0,200.0,200.0,2096.0,230.0,41.0,0.0,200.0,471.0,0.0
209,2024,하남도시공사,17994.0,2023.0,0.0,83554.0,0.0,103571.0,3095.0,12747.0,15318.0,4236.0,8100.0,0.0,40401.0,2183.0,2160.0,111166.0,550.0,0.0,113876.0,5766.0,120592.0,2653.0,171046.0,0.0,294291.0,3749.0
210,2024,용인도시공사,164892.0,6246.0,0.0,1650.0,0.0,172788.0,26553.0,23160.0,131316.0,77.0,3757.0,0.0,158310.0,15873.0,404.0,0.0,3108.0,53978.0,57490.0,46863.0,3067.0,300.0,0.0,7062.0,10429.0,31565.0
211,2024,경기평택항만공사,30563.0,310.0,0.0,4.0,0.0,30877.0,0.0,1767.0,23743.0,0.0,876.0,0.0,26386.0,49.0,0.0,0.0,0.0,23.0,23.0,6429.0,40.0,0.0,1511.0,1123.0,2674.0,756.0
212,2024,광주도시관리공사,83546.0,1651.0,0.0,515.0,0.0,85712.0,0.0,30581.0,47895.0,0.0,581.0,0.0,79057.0,145.0,0.0,0.0,55699.0,543.0,56242.0,5237.0,1878.0,0.0,0.0,0.0,1878.0,5236.0
213,2024,경기관광공사,46111.0,256.0,0.0,262.0,0.0,46629.0,1918.0,6925.0,38593.0,0.0,178.0,0.0,45696.0,610.0,0.0,0.0,0.0,219.0,219.0,4714.0,150.0,0.0,0.0,1567.0,1717.0,4712.0
214,2024,구리농수산물공사,14842.0,1377.0,0.0,11540.0,0.0,27759.0,0.0,3938.0,8437.0,0.0,11274.0,0.0,23649.0,0.0,0.0,0.0,0.0,229.0,229.0,219.0,1274.0,80.0,0.0,1091.0,2445.0,218.0
215,2024,광주광역시 관광공사,25778.0,22.0,4115.0,222.0,0.0,30137.0,93.0,7296.0,20241.0,0.0,0.0,0.0,27537.0,93.0,0.0,0.0,0.0,335.0,335.0,237.0,659.0,191.0,0.0,90.0,940.0,237.0
216,2024,서울특별시농수산식품공사,107263.0,3613.0,0.0,42021.0,0.0,152897.0,455.0,28276.0,51830.0,2556.0,49408.0,0.0,132070.0,431.0,0.0,0.0,0.0,21730.0,21730.0,54530.0,19899.0,2892.0,7917.0,60.0,30768.0,49193.0
217,2024,제주특별자치도개발공사,394446.0,13033.0,0.0,10354.0,0.0,417833.0,26894.0,49583.0,247288.0,1167.0,31139.0,0.0,329177.0,3626.0,777.0,12492.0,22845.0,216999.0,253113.0,0.0,86824.0,1999.0,0.0,32531.0,121354.0,9669.0
218,2024,경남개발공사,34097.0,4339.0,0.0,2796.0,0.0,41232.0,10625.0,7743.0,96441.0,1045.0,2508.0,3.0,107740.0,690.0,129.0,153390.0,3050.0,107061.0,263630.0,387530.0,107915.0,4.0,189038.0,10064.0,307021.0,9124.0
219,2024,경상북도개발공사,221932.0,1091.0,0.0,64731.0,0.0,287754.0,0.0,11654.0,191908.0,0.0,6578.0,0.0,210140.0,0.0,0.0,32469.0,1697.0,3705.0,37871.0,0.0,148624.0,0.0,18398.0,1231.0,168253.0,0.0
220,2024,전남개발공사,13976.0,7933.0,0.0,12822.0,0.0,34731.0,0.0,8616.0,24659.0,0.0,10209.0,28467.0,71951.0,0.0,0.0,0.0,1100.0,268655.0,269755.0,184.0,5753.0,0.0,150000.0,228587.0,384340.0,0.0
221,2024,전북개발공사,114228.0,5962.0,0.0,2025.0,0.0,122215.0,75.0,4447.0,16693.0,5849.0,1170.0,0.0,28159.0,74.0,0.0,19219.0,29000.0,10919.0,59138.0,4853.0,186107.0,0.0,37094.0,5206.0,228407.0,4531.0
222,2024,충북개발공사,201325.0,5503.0,0.0,2686.0,0.0,209514.0,0.0,5287.0,247581.0,190.0,3411.0,0.0,256469.0,0.0,0.0,129986.0,10000.0,53336.0,193322.0,0.0,14709.0,30.0,98.0,186546.0,201383.0,0.0
223,2024,강원개발공사,200649.0,2164.0,0.0,7965.0,0.0,210778.0,0.0,7876.0,164019.0,4425.0,2746.0,0.0,179066.0,0.0,3353.0,0.0,0.0,955.0,4308.0,0.0,4655.0,172.0,57024.0,156.0,62007.0,0.0
224,2024,경기주택도시공사,1402343.0,6440.0,0.0,52759.0,0.0,1461542.0,3178.0,43742.0,249323.0,6963.0,51487.0,18854.0,370369.0,3178.0,0.0,3426380.0,152711.0,-311640.0,3267451.0,423.0,387051.0,6585.0,1195987.0,2879812.0,4469435.0,423.0
225,2024,대전도시공사,166027.0,3132.0,7718.0,3794.0,0.0,180671.0,66659.0,31489.0,84541.0,458.0,8467.0,8639.0,133594.0,29466.0,1667.0,171811.0,15125.0,0.0,188603.0,0.0,55877.0,390.0,85384.0,186326.0,327977.0,23652.0
226,2024,광주광역시도시공사,87771.0,4020.0,0.0,10401.0,0.0,102192.0,0.0,23425.0,60379.0,2749.0,8938.0,0.0,95491.0,6324.0,51351.0,532994.0,24003.0,0.0,608348.0,7340.0,168483.0,97.0,385795.0,8168.0,562543.0,6813.0
227,2024,인천도시공사,236594.0,7360.0,0.0,30085.0,0.0,274039.0,10157.0,27689.0,97728.0,12887.0,4491.0,68754.0,211549.0,8780.0,0.0,2500901.0,37809.0,255056.0,2793766.0,70221.0,698626.0,0.0,1963799.0,9314.0,2671739.0,69463.0
228,2024,대구도시개발공사,14251.0,4113.0,0.0,17879.0,0.0,36243.0,34.0,13841.0,28075.0,329.0,2404.0,21746.0,66395.0,0.0,0.0,230112.0,20.0,517847.0,747979.0,5137.0,3745.0,728.0,313039.0,242783.0,560295.0,3260.0
229,2024,부산도시공사,81622.0,18585.0,250.0,7466.0,0.0,107923.0,291.0,19596.0,60463.0,26783.0,38041.0,0.0,144883.0,288.0,9461.0,405607.0,40100.0,536280.0,991448.0,9.0,117425.0,9980.0,150755.0,887542.0,1165702.0,9.0
230,2024,서울주택도시개발공사,1249485.0,64817.0,0.0,73512.0,0.0,1387814.0,0.0,79548.0,2074699.0,82176.0,71116.0,49523.0,2357062.0,0.0,91318.0,2366001.0,736317.0,0.0,3193636.0,1906066.0,1058793.0,25620.0,916907.0,360746.0,2362066.0,0.0
231,2024,대전교통공사,83384.0,447.0,0.0,35323.0,0.0,119154.0,0.0,49257.0,59555.0,2.0,6671.0,0.0,115485.0,1545.0,0.0,0.0,2298.0,90.0,2388.0,3715.0,8178.0,0.0,0.0,1624.0,9802.0,2120.0
232,2024,광주교통공사,27480.0,790.0,0.0,61683.0,0.0,89953.0,5391.0,47884.0,32756.0,1.0,4089.0,0.0,84730.0,5312.0,34.0,0.0,0.0,3678.0,3712.0,2886.0,3857.0,331.0,0.0,1454.0,5642.0,2152.0
233,2024,인천교통공사,291454.0,3030.0,108292.0,7506.0,0.0,410282.0,2994.0,187894.0,183177.0,3890.0,9894.0,0.0,384855.0,2794.0,0.0,20000.0,28043.0,139.0,48182.0,34472.0,18710.0,43.0,0.0,7117.0,25870.0,25490.0
234,2024,대구교통공사,206331.0,3446.0,170825.0,2667.0,0.0,383269.0,9253.0,228632.0,130126.0,15614.0,212.0,0.0,374584.0,9307.0,0.0,150000.0,110341.0,35936.0,296277.0,42204.0,50840.0,481.0,0.0,180379.0,231700.0,38059.0
235,2024,부산교통공사,312858.0,2978.0,316487.0,18438.0,0.0,650761.0,13943.0,339024.0,327671.0,23007.0,29874.0,0.0,719576.0,13943.0,7553.0,326200.0,-99388.0,104427.0,338792.0,497685.0,93727.0,0.0,311624.0,64003.0,469354.0,294599.0
236,2024,진주시공영개발,0.0,6288.0,0.0,0.0,0.0,6288.0,0.0,0.0,0.0,0.0,35.0,0.0,35.0,0.0,0.0,0.0,0.0,148841.0,148841.0,199.0,0.0,0.0,0.0,80083.0,80083.0,137.0
237,2024,창원시주택건설사업,1926.0,244.0,0.0,46.0,0.0,2216.0,0.0,310.0,726.0,0.0,0.0,0.0,1036.0,0.0,0.0,1190.0,150.0,500.0,1840.0,0.0,663.0,0.0,1254.0,210.0,2127.0,0.0
238,2024,광양시공영개발,0.0,213.0,0.0,0.0,0.0,213.0,0.0,200.0,0.0,0.0,0.0,0.0,200.0,0.0,933.0,0.0,0.0,25191.0,26124.0,0.0,0.0,0.0,0.0,24953.0,24953.0,1092.0
239,2024,순천시공영개발,0.0,1374.0,0.0,0.0,0.0,1374.0,0.0,217.0,117.0,0.0,0.0,0.0,334.0,0.0,0.0,0.0,0.0,66500.0,66500.0,0.0,0.0,0.0,0.0,66548.0,66548.0,0.0
240,2024,목포시공영개발,2695.0,140.0,0.0,0.0,0.0,2835.0,0.0,156.0,0.0,0.0,0.0,0.0,156.0,0.0,0.0,0.0,0.0,0.0,0.0,0.0,0.0,0.0,0.0,0.0,0.0,0.0
241,2024,익산시공영개발,3304.0,457.0,0.0,73.0,0.0,3834.0,0.0,633.0,270.0,0.0,0.0,0.0,903.0,0.0,0.0,0.0,0.0,7000.0,7000.0,7589.0,5145.0,0.0,0.0,123.0,5268.0,5898.0
242,2024,계룡시공영개발,1862.0,115.0,0.0,1.0,0.0,1978.0,0.0,0.0,53.0,0.0,0.0,0.0,53.0,0.0,0.0,0.0,0.0,992.0,992.0,2578.0,0.0,0.0,0.0,4765.0,4765.0,0.0
243,2024,세종특별자치시공영개발,5697.0,98.0,0.0,540.0,0.0,6335.0,0.0,0.0,40.0,0.0,0.0,0.0,40.0,0.0,0.0,0.0,0.0,5864.0,5864.0,5161.0,0.0,0.0,0.0,0.0,0.0,5108.0
244,2024,아산시공영개발,0.0,11.9,0.0,0.0,0.0,11.9,0.0,0.0,263.0,0.0,0.0,0.0,263.0,0.0,0.0,0.0,0.0,0.0,0.0,0.0,0.0,0.0,0.0,29.0,29.0,0.0
245,2024,천안시공영개발,82.0,47.0,0.0,0.0,0.0,129.0,0.0,46.0,0.0,0.0,0.0,0.0,46.0,0.0,10500.0,0.0,0.0,0.0,10500.0,0.0,0.0,0.0,0.0,0.0,0.0,0.0
246,2024,음성군공영개발,144.0,56.0,0.0,325.0,0.0,525.0,8.0,0.0,25.0,87.0,19.0,0.0,131.0,8.0,11453.0,0.0,278.0,0.0,11731.0,2524.0,0.0,0.0,0.0,10570.0,10570.0,121.0
247,2024,충주시공영개발,12769.0,692.0,0.0,7242.0,0.0,20703.0,0.0,337.0,172.0,0.0,0.0,0.0,509.0,11.0,0.0,0.0,0.0,6.0,6.0,0.0,12196.0,0.0,0.0,0.0,12196.0,1482.0
248,2024,강릉시공영개발,798.0,327.0,0.0,37.0,0.0,1162.0,9.0,187.0,125.0,0.0,0.0,0.0,312.0,9.0,56.0,0.0,0.0,12200.0,12256.0,2352.0,0.0,0.0,0.0,518.0,518.0,2352.0
249,2024,원주시공영개발,9372.0,1387.0,0.0,0.0,0.0,10759.0,0.0,176.0,56.0,0.0,0.0,0.0,232.0,0.0,29355.0,0.0,0.0,4400.0,33755.0,23758.0,157.0,0.0,0.0,43628.0,43785.0,0.0
250,2024,춘천시공영개발,31.0,541.0,0.0,39.0,0.0,611.0,11.0,0.0,26.0,0.0,0.0,0.0,26.0,11.0,0.0,0.0,2277.0,0.0,2277.0,4913.0,125.0,0.0,0.0,0.0,125.0,934.0
251,2024,경기도판교테크노밸리조성사업,37.0,1018.0,0.0,7874.0,0.0,8929.0,15.0,0.0,13656.0,0.0,0.0,0.0,13656.0,15.0,0.0,0.0,0.0,26559.0,26559.0,0.0,0.0,0.0,0.0,23574.0,23574.0,0.0
252,2024,안성시공영개발,290.0,1940.0,0.0,0.0,0.0,2230.0,0.0,212.0,36.0,0.0,0.0,0.0,248.0,0.0,0.0,0.0,0.0,0.0,0.0,55880.0,0.0,0.0,0.0,57253.0,57253.0,0.0
253,2024,의왕시공영개발,0.0,1123.0,770.0,0.0,0.0,1893.0,0.0,758.0,388.0,0.0,0.0,0.0,1146.0,0.0,0.0,0.0,7600.0,0.0,7600.0,38043.0,0.0,0.0,0.0,0.0,0.0,25529.0
254,2024,시흥시공영개발,1088.0,11886.0,0.0,2888.0,0.0,15862.0,55.0,940.0,0.0,0.0,422.0,0.0,1362.0,55.0,0.0,0.0,263.0,10561.0,10824.0,18757.0,0.0,0.0,0.0,22991.0,22991.0,18757.0
255,2024,의정부시공영개발,0.0,740.0,1000.0,0.43,0.0,1740.43,0.0,354.0,160.0,0.0,0.0,0.0,514.0,0.0,0.0,0.0,3491.0,0.0,3491.0,0.0,113.0,0.0,0.0,1200.0,1313.0,0.0
256,2024,성남시공영개발,73103.0,907.0,0.0,18.0,0.0,74028.0,0.0,1492.0,1150.0,0.0,0.0,0.0,2642.0,0.0,0.0,0.0,52893.0,392.0,53285.0,87.0,375.0,0.0,0.0,72884.0,73259.0,43.0
257,2024,제주특별자치도하수도,73348.0,1644.0,19216.0,2001.0,0.0,96209.0,0.0,11148.0,73878.0,6932.0,0.0,565.0,92523.0,0.0,490.0,50000.0,164843.0,0.0,215333.0,40347.0,94734.0,129.0,57583.0,78696.0,231142.0,27758.0
258,2024,창녕군하수도,1276.0,614.0,4574.0,2033.0,0.0,8497.0,0.0,0.0,6897.0,0.0,0.0,0.0,6897.0,98.0,0.0,0.0,8164.0,0.0,8164.0,3920.0,6249.0,0.0,0.0,4491.0,10740.0,3210.0
259,2024,양산시하수도,26765.0,1199.0,2986.0,103.0,0.0,31053.0,0.0,883.0,24135.0,0.0,0.0,5.0,25023.0,0.0,0.0,0.0,832.0,42604.0,43436.0,1023.0,2343.0,0.0,0.0,0.0,2343.0,1002.0
260,2024,밀양시하수도,7692.0,334.0,7449.0,20.0,0.0,15495.0,0.0,740.0,9462.0,0.0,0.0,0.0,10202.0,0.0,0.0,0.0,34861.0,252.0,35113.0,8772.0,24022.0,0.0,0.0,6654.0,30676.0,8067.0
261,2024,통영시하수도,3940.6,12.5,0.0,0.0,0.0,3953.1,0.0,0.0,2973.0,0.0,0.0,0.0,2973.0,0.0,0.0,0.0,2299.7,5.0,2304.7,0.0,1744.5,0.0,0.0,0.0,1744.5,0.0
262,2024,거창군하수도,1205.0,100.0,9879.0,5.0,0.0,11189.0,0.0,365.0,10825.0,0.0,0.0,0.0,11190.0,0.0,0.0,0.0,11168.0,0.0,11168.0,4080.0,0.0,0.0,0.0,0.0,0.0,4080.0
263,2024,사천시하수도,10791.0,121.0,2418.0,85.0,0.0,13415.0,0.0,109.0,10460.0,0.0,0.0,88.0,10657.0,0.0,0.0,0.0,1161.0,0.0,1161.0,2651.0,2616.0,0.0,0.0,0.0,2616.0,2569.0
264,2024,김해시하수도,48747.0,1127.0,6089.0,209.0,0.0,56172.0,0.0,2296.0,35336.0,0.0,0.0,0.0,37632.0,0.0,1071.0,0.0,40934.0,56546.0,98551.0,28973.0,17124.0,0.0,0.0,25596.0,42720.0,15293.0
265,2024,진주시하수도,19775.0,588.0,3082.0,54.0,0.0,23499.0,604.0,4195.0,25898.0,0.0,56.0,0.0,30149.0,499.0,0.0,0.0,23495.0,27923.0,51418.0,15540.0,10133.0,0.0,14026.0,50.0,24209.0,8853.0
266,2024,창원시하수도,83772.0,273.0,1184.0,10922.0,0.0,96151.0,14398.0,9561.0,76940.0,0.0,517.0,0.0,87018.0,0.0,0.0,0.0,18128.0,5000.0,23128.0,0.0,15963.0,0.0,0.0,4.0,15967.0,8264.0
267,2024,영주시하수도,2682.0,352.0,9011.0,16.0,0.0,12061.0,0.0,1750.0,16346.0,0.0,0.0,0.0,18096.0,0.0,0.0,0.0,23007.0,0.0,23007.0,3826.0,12491.0,0.0,0.0,15.0,12506.0,3294.0
268,2024,상주시하수도,2798.0,364.0,1688.0,22.0,0.0,4872.0,0.0,541.0,12499.0,0.0,0.0,0.0,13040.0,0.0,0.0,0.0,23101.0,0.0,23101.0,10020.0,0.0,0.0,10918.0,893.0,11811.0,7120.0
269,2024,경산시하수도,25668.0,1004.0,3616.0,149.0,0.0,30437.0,314.0,1041.0,27536.0,0.0,0.0,0.0,28577.0,314.0,0.0,0.0,40931.0,0.0,40931.0,19315.0,23507.0,0.0,0.0,0.0,23507.0,14107.0
270,2024,영천시하수도,4821.0,687.0,8746.0,57.0,0.0,14311.0,0.0,1867.0,9571.0,0.0,0.0,0.0,11438.0,0.0,0.0,0.0,46391.0,0.0,46391.0,14658.0,29631.0,0.0,0.0,0.0,29631.0,8970.0
271,2024,안동시하수도,10853.0,757.0,3633.0,94.0,0.0,15337.0,15390.0,1040.0,14676.0,0.0,0.4,0.0,15716.4,26.0,0.0,0.0,22511.0,11.0,22522.0,0.0,11583.0,92.0,0.0,1307.0,12982.0,11941.0
272,2024,구미시하수도,55933.0,3282.0,6028.0,467.0,0.0,65710.0,0.0,1070.0,53990.0,0.0,0.0,0.0,55060.0,0.0,2.0,0.0,30790.0,68000.0,98792.0,22830.0,14443.0,0.0,0.0,79000.0,93443.0,14961.0
273,2024,경주시하수도,14012.0,394.0,13000.0,600.0,0.0,28006.0,130.0,3196.0,30880.0,0.0,8.0,0.0,34084.0,104.0,0.0,0.0,39452.0,0.0,39452.0,9446.0,7456.0,0.0,14435.0,1165.0,23056.0,6884.0
274,2024,영암군하수도,5280.0,272.0,2452.0,2687.0,0.0,10691.0,0.0,1301.0,6175.0,0.0,0.0,5.0,7481.0,0.0,0.0,0.0,20295.0,2417.0,22712.0,6032.0,20399.0,0.0,0.0,0.0,20399.0,5607.0
275,2024,나주시하수도,4108.0,411.0,8714.0,43.0,0.0,13276.0,9.0,895.0,11292.0,0.0,0.0,0.0,12187.0,9.0,0.0,0.0,15192.0,0.0,15192.0,7529.0,3296.0,0.0,0.0,11786.0,15082.0,4823.0
276,2024,순천시하수도,24827.0,173.0,2416.0,487.0,0.0,27903.0,0.0,2298.0,11042.0,0.0,0.0,33.0,13373.0,0.0,0.0,0.0,13193.0,600.0,13793.0,0.0,27271.0,0.0,0.0,4637.0,31908.0,3658.0
277,2024,목포시하수도,18839.0,576.0,2741.0,80.0,0.0,22236.0,0.0,7638.0,10723.0,0.0,1.0,0.0,18362.0,0.0,0.0,0.0,29183.0,0.0,29183.0,7006.0,3483.0,0.0,0.0,0.0,3483.0,3483.0
278,2024,정읍시하수도,11143.0,130.0,7851.0,7.0,3.0,19134.0,0.0,828.0,16870.0,0.0,0.0,0.0,17698.0,20.0,0.0,0.0,14301.0,4416.0,18717.0,6378.0,13181.0,0.0,0.0,826.0,14007.0,4880.0
279,2024,익산시하수도,25281.0,365.0,19363.0,129.0,0.0,45138.0,0.0,2307.0,37414.0,0.0,0.0,0.0,39721.0,0.0,0.0,0.0,19181.0,8130.0,27311.0,16106.0,0.0,0.0,0.0,0.0,0.0,10806.0
280,2024,완주군하수도,4320.0,312.0,0.0,0.0,0.0,4632.0,0.0,678.0,2880.0,0.0,0.0,0.0,3558.0,0.0,0.0,0.0,0.0,1212.0,1212.0,0.0,0.0,0.0,0.0,0.0,0.0,707.0
281,2024,전주시하수도,60121.0,1570.0,0.0,4329.0,0.0,66020.0,0.0,2421.0,35808.0,0.0,450.0,0.0,38679.0,0.0,0.0,0.0,23713.0,0.0,23713.0,59955.0,21711.0,0.0,0.0,10303.0,32014.0,34480.0
282,2024,서산시하수도,11316.0,389.0,5144.0,90.0,0.0,16939.0,0.0,309.0,15589.0,0.0,0.0,0.0,15898.0,0.0,0.0,0.0,40072.0,1734.0,41806.0,7276.0,29473.0,0.0,0.0,3911.0,33384.0,5381.0
283,2024,아산시하수도,24223.0,737.0,536.0,96.0,0.0,25592.0,0.0,1159.0,4210.0,0.0,0.0,0.0,5369.0,0.0,0.0,0.0,18352.0,6339.0,24691.0,6014.0,60320.0,0.0,0.0,2.0,60322.0,4613.0
284,2024,천안시하수도,57886.0,2125.0,1319.0,352.0,0.0,61682.0,0.0,3041.0,43032.0,0.0,1.0,0.0,46074.0,643.0,0.0,0.0,55466.0,0.0,55466.0,33285.0,5717.0,0.0,15084.0,39023.0,59824.0,5377.0
285,2024,공주시하수도,4604.0,453.0,10000.0,369.0,0.0,15426.0,2067.0,416.0,13734.0,0.0,1.0,0.0,14151.0,2067.0,3.0,0.0,10156.0,0.0,10159.0,6876.0,8136.0,3800.0,0.0,301.0,12237.0,3693.0
286,2024,청주시하수도,119242.0,5046.0,1107.0,940.0,0.0,126335.0,723.0,4391.0,74662.0,0.0,174.0,0.0,79227.0,282.0,0.0,0.0,69034.0,400.0,69434.0,75787.0,10320.0,666.0,2263.0,74745.0,87994.0,56046.0
287,2024,속초시하수도,14177.0,407.0,0.0,76.0,0.0,14660.0,0.0,2615.0,7133.0,0.0,0.0,0.0,9748.0,0.0,0.0,0.0,19567.0,0.0,19567.0,5258.0,0.0,0.0,0.0,15136.0,15136.0,3947.0
288,2024,춘천시하수도,20406.0,502.0,1814.0,11156.0,0.0,33878.0,17577.0,4357.0,22319.0,0.0,0.0,0.0,26676.0,16096.0,0.0,0.0,54802.0,822.0,55624.0,17577.0,5364.0,0.0,7968.0,25283.0,38615.0,10822.0
289,2024,가평군하수도,6089.0,255.0,9758.0,19.0,0.0,16121.0,346.0,1656.0,13925.0,0.0,0.0,0.0,15581.0,263.0,0.0,0.0,27431.0,0.0,27431.0,2387.0,2565.0,17.0,0.0,22027.0,24609.0,2007.0
290,2024,김포시하수도,33326.0,359.0,574.0,385.0,0.0,34644.0,0.0,1341.0,35612.0,0.0,6.0,0.0,36959.0,0.0,0.0,0.0,38690.0,41836.0,80526.0,3519.0,3374.0,0.0,0.0,45512.0,48886.0,1214.0
291,2024,안양시하수도,64372.0,4793.0,100.0,37.0,0.0,69302.0,0.0,2981.0,46215.0,0.0,0.0,1.0,49197.0,0.0,14900.0,0.0,26230.0,2152.0,43282.0,19200.0,33913.0,0.0,0.0,8895.0,42808.0,14167.0
292,2024,평택시하수도,48968.0,500.0,1926.0,3.0,0.0,51397.0,15.0,1167.0,42612.0,0.0,27.0,0.0,43806.0,15.0,0.0,0.0,59424.0,8.0,59432.0,20940.0,36303.0,0.0,0.0,17611.0,53914.0,16218.0
293,2024,광주시하수도,39854.0,4071.0,19408.0,7818.0,0.0,71151.0,1579.0,1349.0,53131.0,0.0,79.0,0.0,54559.0,1326.0,0.0,0.0,31946.0,0.0,31946.0,9962.0,5211.0,16650.0,0.0,24531.0,46392.0,6310.0
294,2024,안성시하수도,12401.0,933.0,1629.0,3635.0,0.0,18598.0,0.0,1115.0,23702.0,0.0,321.0,0.0,25138.0,0.0,0.0,0.0,11910.0,563.0,12473.0,17330.0,1237.0,882.0,0.0,0.0,2119.0,4645.0
295,2024,남양주시하수도,45439.0,873.0,22143.0,3242.0,0.0,71697.0,3020.0,1849.0,63381.0,0.0,4191.0,0.0,69421.0,2997.0,0.0,0.0,24178.0,11672.0,35850.0,13977.0,5178.0,0.0,0.0,6366.0,11544.0,12558.0
296,2024,의왕시하수도,15140.0,1260.0,50.0,110.0,0.0,16560.0,11.0,648.0,14522.0,0.0,0.0,0.0,15170.0,11.0,0.0,0.0,3616.0,50.0,3666.0,7410.0,3001.0,0.0,0.0,0.0,3001.0,5472.0
297,2024,용인시하수도,70431.0,2278.0,15156.0,213.0,0.0,88078.0,111.0,4431.0,99802.0,0.0,132.0,0.0,104365.0,111.0,4.0,0.0,113683.0,51.0,113738.0,33675.0,7473.0,0.0,0.0,72024.0,79497.0,25126.0
298,2024,군포시하수도,15982.0,216.0,308.0,10.0,0.0,16516.0,14.0,957.0,20306.0,0.0,27.0,0.0,21290.0,14.0,0.0,0.0,3884.0,17.0,3901.0,7685.0,1824.0,10.0,0.0,2304.0,4138.0,1773.0
299,2024,오산시하수도,35136.0,1956.0,40.0,26.0,0.0,37158.0,0.0,2056.0,23769.0,0.0,78.0,0.0,25903.0,0.0,0.0,0.0,18645.0,0.0,18645.0,15978.0,2244.0,3705.0,0.0,10.0,5959.0,12687.0
300,2024,포천시하수도,13274.0,427.0,13379.0,224.0,0.0,27304.0,241.0,822.0,21514.0,0.0,127.0,0.0,22463.0,241.0,0.0,0.0,56935.0,267.0,57202.0,10486.0,45354.0,0.0,0.0,9468.0,54822.0,9005.0
301,2024,시흥시하수도,60087.0,328.0,0.0,243.0,0.0,60658.0,9956.0,0.0,54731.0,0.0,8.0,0.0,54739.0,0.0,0.0,0.0,30092.0,0.0,30092.0,9956.0,699.0,33891.0,0.0,474.0,35064.0,0.0
302,2024,구리시하수도,21264.0,998.0,10532.0,86.0,0.0,32880.0,583.0,1539.0,18330.0,0.0,0.0,0.0,19869.0,74.0,1.0,0.0,8152.0,0.0,8153.0,18974.0,7508.0,0.0,0.0,5004.0,12512.0,10983.0
303,2024,성남시하수도,62944.0,1113.0,0.0,255.0,0.0,64312.0,27209.0,3773.0,43282.0,0.0,27.0,0.0,47082.0,2126.0,0.0,0.0,20825.0,34269.0,55094.0,0.0,6589.0,0.0,0.0,16344.0,22933.0,19257.0
304,2024,과천시하수도,7102.0,37.0,0.0,12.0,0.0,7151.0,0.0,1308.0,5666.0,0.0,0.0,0.0,6974.0,0.0,0.0,0.0,4074.0,0.0,4074.0,1483.0,1119.0,0.0,0.0,0.0,1119.0,865.0
305,2024,안산시하수도,62744.0,2009.0,793.0,384.0,0.0,65930.0,0.0,3631.0,44978.0,0.0,926.0,0.0,49535.0,0.0,3.0,0.0,19342.0,0.0,19345.0,31891.0,19114.0,0.0,0.0,2438.0,21552.0,8035.0
306,2024,부천시하수도,78124.0,8479.0,10.0,650.0,0.0,87263.0,0.0,1848.0,44349.0,0.0,0.0,505.0,46702.0,0.0,73.0,0.0,13257.0,7869.0,21199.0,12839.0,43419.0,0.0,0.0,23197.0,66616.0,9813.0
307,2024,광명시하수도,15852.0,356.0,170.0,9.0,0.0,16387.0,0.0,1035.0,16198.0,0.0,0.0,65.0,17298.0,0.0,3.0,0.0,2040.0,166.0,2209.0,8068.0,2133.0,0.0,0.0,9.0,2142.0,3085.0
308,2024,의정부시하수도,30641.0,360.0,880.0,355.0,0.0,32236.0,13.0,3195.0,22976.0,0.0,0.0,0.0,26171.0,0.0,0.0,0.0,36515.0,3100.0,39615.0,8076.0,5620.0,0.0,0.0,0.0,5620.0,0.0
309,2024,수원시하수도,76846.0,4656.0,0.0,3184.0,0.0,84686.0,0.0,2767.0,78457.0,0.0,2680.0,0.0,83904.0,0.0,0.0,0.0,26577.0,87860.0,114437.0,55689.0,12513.0,0.0,0.0,40413.0,52926.0,42134.0
310,2024,울산광역시하수도,160572.0,714.0,819.0,1692.0,0.0,163797.0,221.0,7709.0,118941.0,495.0,0.0,123.0,127268.0,221.0,0.0,0.0,29243.0,0.0,29243.0,29572.0,51675.0,0.0,0.0,0.0,51675.0,10033.0
311,2024,대전광역시하수도,116986.0,991.0,7341.0,9487.0,0.0,134805.0,10.0,1014.0,92894.0,754.0,0.0,0.0,94662.0,10.0,0.0,6600.0,34418.0,0.0,41018.0,88337.0,22987.0,0.0,4900.0,2128.0,30015.0,36855.0
312,2024,광주광역시하수도,93663.0,2678.0,355.0,2699.0,0.0,99395.0,0.0,1070.0,66049.0,0.0,0.0,14.0,67133.0,0.0,16419.0,0.0,18470.0,1353.0,36242.0,25140.0,1808.0,0.0,0.0,51194.0,53002.0,16012.0
313,2024,인천광역시하수도,234570.0,1573.0,0.0,1484.0,0.0,237627.0,243.0,1927.0,170047.0,54.0,0.0,0.0,172028.0,208.0,130.0,0.0,59720.0,0.0,59850.0,28071.0,111331.0,0.0,1880.0,974.0,114185.0,3620.0
314,2024,대구광역시하수도,170380.0,8882.0,0.0,18668.0,0.0,197930.0,1965.0,1045.0,135987.0,0.0,0.0,0.0,137032.0,1217.0,65178.0,0.0,71696.0,0.0,136874.0,81731.0,3822.0,76710.0,0.0,67725.0,148257.0,50710.0
315,2024,부산광역시하수도,284655.0,1638.0,481.0,7818.0,0.0,294592.0,436.0,2085.0,166635.0,0.0,3585.0,0.0,172305.0,436.0,2863.0,0.0,114558.0,3484.0,120905.0,91793.0,95753.0,1600.0,45367.0,16151.0,158871.0,68064.0
316,2024,제주특별자치도상수도,84202.0,1326.0,13135.0,314.0,0.0,98977.0,0.0,14759.0,49423.0,4367.0,0.0,46.0,68595.0,397.0,126.0,14000.0,98458.0,0.0,112584.0,26874.0,109257.0,29.0,11632.0,676.0,121594.0,15212.0
317,2024,거창군상수도,4981.0,153.0,1201.0,51.0,0.0,6386.0,43.0,1540.0,3865.0,0.0,0.0,0.0,5405.0,43.0,0.0,0.0,6840.0,0.0,6840.0,4760.0,5312.0,0.0,0.0,0.0,5312.0,3869.0
318,2024,창녕군상수도,8349.0,173.0,0.0,94.0,0.0,8616.0,280.0,720.0,9324.0,0.0,0.0,0.0,10044.0,280.0,0.0,0.0,3655.0,0.0,3655.0,582.0,1674.0,0.0,0.0,0.0,1674.0,355.0
319,2024,양산시상수도,37160.0,3949.0,223.0,544.0,0.0,41876.0,0.0,4846.0,24481.0,0.0,1.0,0.0,29328.0,0.0,0.0,0.0,23415.0,0.0,23415.0,12725.0,14020.0,0.0,0.0,0.0,14020.0,6519.0
320,2024,거제시상수도,21065.0,22.0,5272.0,73.0,0.0,26432.0,0.0,594.0,23836.0,0.0,11.0,0.0,24441.0,0.0,0.0,0.0,2865.0,0.0,2865.0,1332.0,2771.0,53.0,0.0,0.0,2824.0,0.0
321,2024,밀양시상수도,10696.0,600.0,2772.0,0.4,0.0,14068.4,0.0,2763.0,11306.0,0.0,0.0,0.0,14069.0,0.0,0.0,0.0,25369.0,328.0,25697.0,12070.0,202429.0,0.0,0.0,0.0,202429.0,10223.0
322,2024,김해시상수도,60323.0,1373.0,1178.0,478.0,0.0,63352.0,180.0,7811.0,32147.0,0.0,0.0,0.0,39958.0,180.0,98.0,0.0,31189.0,2716.0,34003.0,15374.0,21568.0,0.0,0.0,190.0,21758.0,7074.0
323,2024,사천시상수도,15230.0,40.0,1667.0,52.0,0.0,16989.0,0.0,281.0,15864.0,0.0,6.0,0.0,16151.0,0.0,0.0,0.0,8415.0,0.0,8415.0,220.0,1400.0,0.0,0.0,0.0,1400.0,191.0
324,2024,통영시상수도,14560.0,67.0,0.0,14.0,0.0,14641.0,1.0,0.0,16113.0,0.0,0.0,0.0,16113.0,1.0,0.0,0.0,1513.0,0.0,1513.0,0.0,0.0,0.0,0.0,166.0,166.0,0.0
325,2024,진주시상수도,31424.0,1040.0,810.0,57.0,0.0,33331.0,0.0,6937.0,19689.0,0.0,8.0,0.0,26634.0,0.0,0.0,0.0,12789.0,19806.0,32595.0,35595.0,9475.0,0.0,0.0,40.0,9515.0,14671.0
326,2024,창원시상수도,96217.0,756.0,1914.0,1219.0,0.0,100106.0,1548.0,14464.0,65896.0,0.0,0.0,0.0,80360.0,1471.0,0.0,12124.0,18782.0,0.0,30906.0,23190.0,12627.0,0.0,0.0,0.0,12627.0,14203.0
327,2024,경산시상수도,29626.0,1220.0,542.0,3056.0,0.0,34444.0,364.0,5157.0,23329.0,181.0,2.0,0.0,28669.0,302.0,1900.0,0.0,13858.0,70.0,15828.0,16976.0,11335.0,0.0,286.0,80.0,11701.0,12636.0
328,2024,문경시상수도,9208.0,155.0,3058.0,30.0,0.0,12451.0,0.0,2766.0,8229.0,0.0,0.0,0.0,10995.0,0.0,0.0,0.0,18582.0,0.0,18582.0,0.0,7552.0,3839.0,0.0,0.0,11391.0,0.0
329,2024,상주시상수도,11635.0,823.0,100.0,533.0,0.0,13091.0,0.0,2357.0,7065.0,0.0,0.0,0.0,9422.0,0.0,0.0,0.0,28016.0,0.0,28016.0,24560.0,33507.0,0.0,0.0,2.0,33509.0,17721.0
330,2024,칠곡군상수도,12034.0,389.0,4478.0,18.0,0.0,16919.0,1174.0,2347.0,13480.0,0.0,1.0,0.0,15828.0,1166.0,0.0,0.0,9389.0,0.0,9389.0,7552.0,1043.0,0.0,0.0,6363.0,7406.0,5322.0
331,2024,울진군상수도,4630.0,447.0,3201.0,10.0,0.0,8288.0,100.0,1751.0,2529.0,0.0,0.0,0.0,4280.0,73.0,0.0,0.0,5434.0,0.0,5434.0,4065.0,6086.0,0.0,0.0,0.0,6086.0,3993.0
332,2024,영천시상수도,12785.0,252.0,3292.0,282.0,0.0,16611.0,27.0,2726.0,12789.0,0.0,0.0,0.0,15515.0,27.0,0.0,0.0,26087.0,185.0,26272.0,10830.0,15136.0,0.0,0.0,0.0,15136.0,8840.0
333,2024,영주시상수도,10038.0,373.0,93.0,448.0,0.0,10952.0,0.0,2654.0,5890.0,0.0,0.0,0.0,8544.0,0.0,0.0,0.0,0.0,0.0,0.0,0.0,0.0,0.0,0.0,0.0,0.0,0.0
334,2024,구미시상수도,60812.0,1021.0,3637.0,131.0,0.0,65601.0,0.0,5084.0,45107.0,60.0,0.0,0.0,50251.0,0.0,0.0,0.0,6088.0,21000.0,27088.0,8512.0,15569.0,0.0,0.0,22000.0,37569.0,7721.0
335,2024,안동시상수도,26605.0,1979.0,3184.0,83.0,0.0,31851.0,152.0,3659.0,11381.0,0.0,24.0,0.0,15064.0,149.0,0.0,0.0,21588.0,1.0,21589.0,42440.0,27217.0,3439.0,0.0,168.0,30824.0,31553.0
336,2024,김천시상수도,15074.0,208.0,200.0,4.0,0.0,15486.0,11.0,2137.0,11557.0,0.0,5.0,499.0,14198.0,11.0,0.0,0.0,12949.0,0.0,12949.0,9765.0,18156.0,0.0,0.0,644.0,18800.0,7267.0
337,2024,경주시상수도,33798.0,180.0,1570.0,257.0,48.0,35853.0,550.0,6076.0,29010.0,0.0,1.0,0.0,35087.0,306.0,0.0,0.0,41010.0,2571.0,43581.0,9830.0,24167.0,0.0,0.0,32.0,24199.0,7460.0
338,2024,포항시상수도,53151.0,306.0,14610.0,235.0,0.0,68302.0,0.0,9097.0,41518.0,0.0,0.0,0.0,50615.0,0.0,0.0,0.0,18923.0,0.0,18923.0,16980.0,29944.0,0.0,0.0,692.0,30636.0,12135.0
339,2024,영암군상수도,10938.0,223.0,5144.0,82.0,0.0,16387.0,94.0,2976.0,9169.0,0.0,7.0,0.0,12152.0,91.0,0.0,0.0,11147.0,7554.0,18701.0,17353.0,13356.0,0.0,0.0,0.0,13356.0,14032.0
340,2024,광양시상수도,15021.0,245.0,1043.0,193.0,0.0,16502.0,156.0,2068.0,9418.0,0.0,0.0,0.0,11486.0,110.0,0.0,0.0,12362.0,0.0,12362.0,8536.0,7749.0,0.0,0.0,0.0,7749.0,6038.0
341,2024,나주시상수도,13205.0,120.0,508.0,35.0,0.0,13868.0,18.0,242.0,13452.0,0.0,0.0,0.0,13694.0,18.0,0.0,0.0,5659.0,0.0,5659.0,5431.0,1942.0,0.0,0.0,2213.0,4155.0,3140.0
342,2024,순천시상수도,25126.0,740.0,2050.0,766.0,0.0,28682.0,0.0,2723.0,12142.0,0.0,2.0,0.0,14867.0,0.0,0.0,0.0,23568.0,2.0,23570.0,33219.0,23086.0,4913.0,0.0,0.0,27999.0,24222.0
343,2024,여수시상수도,32406.0,1159.0,5675.0,98.0,0.0,39338.0,0.0,6119.0,23856.0,0.0,14.0,0.0,29989.0,0.0,0.0,0.0,0.0,10297.0,10297.0,33652.0,11038.0,0.0,0.0,0.0,11038.0,17773.0
344,2024,목포시상수도,17621.0,461.0,430.0,107.0,0.0,18619.0,0.0,2966.0,16133.0,0.0,0.0,0.0,19099.0,0.0,37.0,0.0,370.0,2409.0,2816.0,17040.0,1239.0,0.0,0.0,8.0,1247.0,10946.0
345,2024,고창군상수도,347.0,70.0,9037.0,0.0,0.0,9454.0,0.0,902.0,8053.0,858.0,37.0,0.0,9850.0,20.0,0.0,0.0,36.0,0.0,36.0,0.0,3811.0,0.0,0.0,20.0,3831.0,1017.0
346,2024,완주군상수도,4979.0,316.0,0.0,0.0,0.0,5295.0,0.0,595.0,5533.0,0.0,0.0,0.0,6128.0,0.0,0.0,0.0,0.0,7.0,7.0,0.0,107.0,0.0,0.0,0.0,107.0,0.0
347,2024,김제시상수도,10664.0,168.0,432.0,77.0,0.0,11341.0,374.0,1608.0,8267.0,0.0,0.0,0.0,9875.0,354.0,47.0,0.0,16945.0,0.0,16992.0,2313.0,3243.0,0.0,0.0,12037.0,15280.0,1730.0
348,2024,남원시상수도,7110.0,118.0,82.0,90.0,0.0,7400.0,0.0,2485.0,5923.0,0.0,0.0,0.0,8408.0,0.0,0.0,0.0,24486.0,220.0,24706.0,11761.0,21756.0,0.0,0.0,0.0,21756.0,11538.0
349,2024,정읍시상수도,14587.0,51.0,2395.0,44.0,205.0,17282.0,0.0,1196.0,16633.0,0.0,0.0,0.0,17829.0,0.0,0.0,0.0,6407.0,4220.0,10627.0,3432.0,5672.0,0.0,0.0,0.0,5672.0,305.0
350,2024,익산시상수도,31835.0,69.0,20.0,121.0,0.0,32045.0,0.0,5102.0,21836.0,0.0,0.0,0.0,26938.0,0.0,0.0,0.0,16992.0,1637.0,18629.0,1054.0,15051.0,0.0,0.0,27.0,15078.0,26907.0
351,2024,군산시상수도,49714.0,1715.0,1281.0,113.0,0.0,52823.0,7663.0,3774.0,36141.0,0.0,0.0,0.0,39915.0,0.0,0.0,0.0,6016.0,3.0,6019.0,7663.0,13707.0,0.0,0.0,1486.0,15193.0,3512.0
352,2024,전주시상수도,70166.0,345.0,7830.0,339.0,0.0,78680.0,235.0,6140.0,47684.0,180.0,1500.0,0.0,55504.0,222.0,0.0,0.0,8310.0,0.0,8310.0,14225.0,5276.0,0.0,2000.0,12237.0,19513.0,7700.0
353,2024,홍성군상수도,13110.0,40.0,210.0,17.0,0.0,13377.0,1535.0,648.0,10486.0,0.0,2.0,0.0,11136.0,1306.0,0.0,0.0,0.0,14098.0,14098.0,1535.0,1928.0,0.0,0.0,10260.0,12188.0,1306.0
354,2024,당진시상수도,33848.0,1119.0,831.0,2.0,0.0,35800.0,0.0,2274.0,22749.0,0.0,17.0,0.0,25040.0,0.0,4675.0,0.0,16569.0,625.0,21869.0,5824.0,15581.0,0.0,0.0,26200.0,41781.0,5175.0
355,2024,예산군상수도,11866.0,219.0,1174.0,105.0,0.0,13364.0,0.0,1703.0,7139.0,0.0,0.0,0.0,8842.0,0.0,0.0,0.0,571.0,0.0,571.0,339.0,2848.0,0.0,0.0,0.0,2848.0,319.0
356,2024,논산시상수도,16397.0,503.0,570.0,38.0,0.0,17508.0,0.0,530.0,17983.0,0.0,3.0,0.0,18516.0,0.0,2.0,0.0,465.0,8755.0,9222.0,14386.0,2776.0,0.0,0.0,0.0,2776.0,6246.0
357,2024,서산시상수도,24174.0,183.0,1341.0,8.0,0.0,25706.0,0.0,579.0,21717.0,0.0,0.0,0.0,22296.0,0.0,0.0,0.0,2472.0,37.0,2509.0,2640.0,6079.0,0.0,0.0,0.0,6079.0,2182.0
358,2024,아산시상수도,58783.0,1228.0,625.0,149.0,0.0,60785.0,0.0,3958.0,36755.0,0.0,0.0,0.0,40713.0,3053.0,0.0,0.0,9502.0,0.0,9502.0,15764.0,7691.0,0.0,0.0,500.0,8191.0,5556.0
359,2024,보령시상수도,14172.0,583.0,1024.0,783.0,0.0,16562.0,0.0,2103.0,12203.0,0.0,92.0,0.0,14398.0,0.0,0.0,0.0,19058.0,266.0,19324.0,21158.0,14382.0,0.0,0.0,0.0,14382.0,16335.0
360,2024,공주시상수도,14722.0,204.0,6661.0,489.0,0.0,22076.0,185.0,2504.0,14620.0,0.0,0.0,0.0,17124.0,180.0,0.0,0.0,18428.0,0.0,18428.0,10711.0,0.0,0.0,0.0,18822.0,18822.0,8437.0
361,2024,천안시상수도,75911.0,965.0,2028.0,265.0,0.0,79169.0,0.0,5198.0,56484.0,0.0,768.0,0.0,62450.0,1776.0,0.0,27500.0,30170.0,0.0,57670.0,22289.0,10674.0,0.0,0.0,40121.0,50795.0,14278.0
362,2024,옥천군상수도,5685.0,168.0,0.0,13.0,0.0,5866.0,5825.0,1772.0,3718.0,0.0,0.0,0.0,5490.0,0.0,770.0,0.0,6068.0,187.0,7025.0,5825.0,3099.0,0.0,0.0,404.0,3503.0,5556.0
363,2024,제천시상수도,22147.0,57.0,137.0,36.0,0.0,22377.0,0.0,3295.0,10412.0,0.0,0.0,0.0,13707.0,32.0,0.0,0.0,21431.0,5.0,21436.0,4802.0,20651.0,0.0,0.0,44.0,20695.0,3498.0
364,2024,충주시상수도,28356.0,641.0,3360.0,102.0,0.0,32459.0,0.0,4752.0,14011.0,181.0,0.0,0.0,18944.0,0.0,0.0,15657.0,38082.0,0.0,53739.0,0.0,49600.0,275.0,5.0,0.0,49880.0,0.0
365,2024,청주시상수도,124609.0,4102.0,2220.0,874.0,0.0,131805.0,0.0,9390.0,76544.0,0.0,34.0,0.0,85968.0,128.0,260.0,0.0,22282.0,0.0,22542.0,32911.0,13490.0,25.0,0.0,25934.0,39449.0,19279.0
366,2024,고성군상수도,7434.0,113.0,158.0,11.0,0.0,7716.0,952.0,1728.0,6168.0,62.0,0.0,0.0,7958.0,0.0,0.0,0.0,0.0,5094.0,5094.0,0.0,0.0,0.0,0.0,3736.0,3736.0,0.0
367,2024,철원군상수도,7619.0,84.0,72.0,1.0,0.0,7776.0,0.0,1819.0,3206.0,0.0,3.0,0.0,5028.0,0.0,0.0,0.0,9945.0,189.0,10134.0,3387.0,6344.0,2051.0,0.0,19.0,8414.0,2769.0
368,2024,정선군상수도,7396.0,16.0,1986.0,0.0,0.0,9398.0,0.0,438.0,9454.0,0.0,0.0,0.0,9892.0,16.0,0.0,0.0,1899.0,0.0,1899.0,0.0,3214.0,0.0,0.0,0.0,3214.0,0.0
369,2024,홍천군상수도,10831.0,340.0,76.0,36.0,0.0,11283.0,0.0,3058.0,8093.0,0.0,0.0,0.0,11151.0,0.0,0.0,0.0,24291.0,0.0,24291.0,12627.0,12933.0,132.0,0.0,0.0,13065.0,9212.0
370,2024,삼척시상수도,9454.0,91.0,208.0,76.0,0.0,9829.0,0.0,3201.0,7775.0,0.0,0.0,0.0,10976.0,0.0,0.0,0.0,23276.0,0.0,23276.0,13526.0,1003.0,0.0,0.0,22415.0,23418.0,11885.0
371,2024,속초시상수도,12567.0,325.0,238.0,17.0,0.0,13147.0,110.0,2365.0,4723.0,0.0,0.0,0.0,7088.0,110.0,0.0,0.0,7432.0,0.0,7432.0,2598.0,6202.0,0.0,0.0,1790.0,7992.0,2297.0
372,2024,태백시상수도,4832.0,275.0,3879.0,14.0,0.0,9000.0,10142.0,399.0,7040.0,0.0,0.0,0.0,7439.0,0.0,12095.0,0.0,2426.0,2.0,14523.0,0.0,2974.0,0.0,0.0,5838.0,8812.0,5752.0
373,2024,동해시상수도,10450.0,41.0,254.0,12.0,0.0,10757.0,52.0,2429.0,8926.0,0.0,0.0,0.0,11355.0,52.0,0.0,0.0,5406.0,0.0,5406.0,1669.0,4977.0,0.0,0.0,0.0,4977.0,1666.0
374,2024,강릉시상수도,31758.0,456.0,398.0,150.0,0.0,32762.0,864.0,4947.0,13082.0,0.0,141.0,0.0,18170.0,780.0,0.0,0.0,27930.0,50.0,27980.0,9354.0,10083.0,0.0,0.0,6537.0,16620.0,4875.0
375,2024,원주시상수도,45093.0,487.0,2359.0,185.0,0.0,48124.0,0.0,7217.0,24649.0,0.0,0.0,0.0,31866.0,192.0,0.0,0.0,7720.0,52.0,7772.0,12409.0,15417.0,734.0,0.0,0.0,16151.0,9701.0
376,2024,춘천시상수도,30984.0,1211.0,1304.0,29.0,0.0,33528.0,48.0,5549.0,15539.0,0.0,0.0,0.0,21088.0,48.0,0.0,0.0,49850.0,2.0,49852.0,26389.0,13773.0,0.0,0.0,4286.0,18059.0,26389.0
377,2024,인제군상수도,11117.0,250.0,12740.0,0.0,0.0,24107.0,56.0,2900.0,5234.0,0.0,0.0,0.0,8134.0,56.0,0.0,0.0,9090.0,0.0,9090.0,13725.0,7586.0,0.0,0.0,19088.0,26674.0,12435.0
378,2024,평창군상수도,7852.0,122.0,542.0,253.0,0.0,8769.0,13.0,821.0,8743.0,0.0,0.0,0.0,9564.0,13.0,0.0,0.0,17208.0,2307.0,19515.0,2814.0,9893.0,0.0,0.0,3463.0,13356.0,2739.0
379,2024,영월군상수도,4481.0,393.0,3518.0,160.0,0.0,8552.0,23.0,611.0,7261.0,0.0,0.0,0.0,7872.0,22.0,0.0,0.0,10989.0,0.0,10989.0,16416.0,916.0,0.0,0.0,0.0,916.0,13736.0
380,2024,가평군상수도,8314.0,404.0,160.0,72.0,0.0,8950.0,408.0,2289.0,6285.0,0.0,22.0,0.0,8596.0,251.0,0.0,0.0,2719.0,0.0,2719.0,3784.0,5591.0,0.0,0.0,0.0,5591.0,2882.0
381,2024,여주시상수도,14316.0,184.0,51.0,30.0,0.0,14581.0,16.0,2105.0,8615.0,0.0,0.0,0.0,10720.0,16.0,0.0,0.0,29160.0,0.0,29160.0,4309.0,23056.0,0.0,0.0,1068.0,24124.0,3523.0
382,2024,양평군상수도,12650.0,1253.0,580.0,618.0,0.0,15101.0,38.0,2534.0,8154.0,0.0,0.0,0.0,10688.0,38.0,6746.0,0.0,30252.0,0.0,36998.0,25737.0,10986.0,0.0,0.0,7006.0,17992.0,20287.0
383,2024,포천시상수도,22185.0,760.0,0.0,984.0,0.0,23929.0,18.0,2862.0,15590.0,0.0,1.0,0.0,18453.0,18.0,0.0,0.0,15831.0,0.0,15831.0,8631.0,4933.0,0.0,0.0,10636.0,15569.0,8631.0
384,2024,안성시상수도,29548.0,581.0,2256.0,56.0,0.0,32441.0,0.0,2424.0,22639.0,0.0,151.0,0.0,25214.0,0.0,0.0,0.0,13810.0,0.0,13810.0,8288.0,19535.0,0.0,0.0,22.0,19557.0,3879.0
385,2024,연천군상수도,13145.0,430.0,554.0,612.0,0.0,14741.0,0.0,2116.0,7205.0,0.0,0.0,0.0,9321.0,0.0,0.0,0.0,23263.0,0.0,23263.0,9822.0,16581.0,0.0,0.0,110.0,16691.0,5903.0
386,2024,광주시상수도,30673.0,511.0,1973.0,166.0,0.0,33323.0,0.0,1567.0,22801.0,0.0,11.0,0.0,24379.0,0.0,1000.0,0.0,31249.0,209.0,32458.0,0.0,11145.0,0.0,0.0,11229.0,22374.0,0.0
387,2024,화성시상수도,107249.0,2067.0,951.0,378.0,0.0,110645.0,1136.0,3260.0,83758.0,0.0,0.0,0.0,87018.0,771.0,0.0,0.0,8888.0,0.0,8888.0,18876.0,19885.0,1595.0,0.0,6288.0,27768.0,14694.0
388,2024,이천시상수도,32429.0,1466.0,526.0,116.0,0.0,34537.0,14.0,2741.0,18942.0,0.0,10.0,10.0,21703.0,14.0,0.0,0.0,7262.0,0.0,7262.0,17532.0,9176.0,0.0,0.0,18894.0,28070.0,9126.0
389,2024,파주시상수도,59988.0,1833.0,2689.0,503.0,0.0,65013.0,0.0,919.0,47761.0,0.0,12.0,0.0,48692.0,0.0,0.0,0.0,4717.0,96542.0,101259.0,12635.0,1429.0,308.0,0.0,4064.0,5801.0,9558.0
390,2024,용인시상수도,76417.0,500.0,1997.0,163.0,0.0,79077.0,797.0,7078.0,68973.0,0.0,17.0,0.0,76068.0,797.0,930.0,0.0,14228.0,0.0,15158.0,9136.0,9783.0,0.0,0.0,2180.0,11963.0,2522.0
391,2024,하남시상수도,21966.0,741.0,438.0,368.0,0.0,23513.0,21.0,2283.0,18022.0,0.0,2.0,0.0,20307.0,21.0,0.0,0.0,142.0,979.0,1121.0,9482.0,5206.0,0.0,0.0,0.0,5206.0,6239.0
392,2024,양주시상수도,30945.0,101.0,0.0,212.0,0.0,31258.0,0.0,534.0,21158.0,0.0,2.0,0.0,21694.0,0.0,0.0,0.0,6592.0,5.0,6597.0,0.0,8466.0,0.0,0.0,9.0,8475.0,0.0
393,2024,의왕시상수도,16466.0,488.0,296.0,715.0,0.0,17965.0,12.0,1470.0,9312.0,0.0,18.0,0.0,10800.0,12.0,0.0,0.0,2184.0,0.0,2184.0,3596.0,27950.0,0.0,0.0,0.0,27950.0,3230.0
394,2024,군포시상수도,21149.0,1290.0,553.0,10.0,0.0,23002.0,453.0,2168.0,15285.0,0.0,32.0,0.0,17485.0,453.0,0.0,0.0,8321.0,17406.0,25727.0,21537.0,2869.0,10.0,0.0,213.0,3092.0,6790.0
395,2024,시흥시상수도,48337.0,854.0,340.0,216.0,0.0,49747.0,1404.0,2692.0,36308.0,0.0,3.0,0.0,39003.0,1404.0,0.0,0.0,1300.0,0.0,1300.0,9778.0,762.0,0.0,0.0,17326.0,18088.0,6053.0
396,2024,오산시상수도,19751.0,416.0,506.0,5.0,0.0,20678.0,224.0,1280.0,17005.0,0.0,2.0,0.0,18287.0,96.0,0.0,0.0,4280.0,0.0,4280.0,1043.0,2057.0,0.0,0.0,2803.0,4860.0,287.0
397,2024,남양주시상수도,51708.0,1085.0,1088.0,307.0,0.0,54188.0,1467.0,5443.0,42650.0,0.0,192.0,0.0,48285.0,1153.0,0.0,0.0,3142.0,25697.0,28839.0,14106.0,8154.0,0.0,0.0,1.0,8155.0,10951.0
398,2024,평택시상수도,106101.0,2509.0,1288.0,664.0,0.0,110562.0,143.0,7463.0,68282.0,0.0,0.0,0.0,75745.0,143.0,0.0,0.0,104429.0,900.0,105329.0,72420.0,0.0,0.0,0.0,70988.0,70988.0,37563.0
399,2024,김포시상수도,45604.0,959.0,0.0,198.0,0.0,46761.0,0.0,4714.0,0.0,3.0,0.0,0.0,4717.0,0.0,8400.0,0.0,3013.0,11.0,11424.0,9104.0,12306.0,0.0,0.0,220.0,12526.0,6117.0
400,2024,구리시상수도,12508.0,585.0,813.0,18.0,0.0,13924.0,0.0,2462.0,13586.0,0.0,0.0,0.0,16048.0,12.0,7953.0,0.0,446.0,0.0,8399.0,900.0,2882.0,0.0,0.0,0.0,2882.0,889.0
401,2024,과천시상수도,7970.0,182.0,142.0,26.0,0.0,8320.0,220.0,1380.0,5176.0,0.0,0.0,0.0,6556.0,220.0,1600.0,0.0,357.0,0.0,1957.0,5760.0,1383.0,0.0,0.0,0.0,1383.0,2944.0
402,2024,고양시상수도,81426.0,177.0,1124.0,279.0,0.0,83006.0,76.0,5557.0,70715.0,0.0,388.0,15.0,76675.0,76.0,2.0,0.0,5144.0,6615.0,11761.0,7546.0,4802.0,0.0,0.0,0.0,4802.0,3782.0
403,2024,안산시상수도,81629.0,606.0,1418.0,380.0,0.0,84033.0,0.0,6024.0,66825.0,0.0,22.0,0.0,72871.0,0.0,0.0,0.0,0.0,21461.0,21461.0,3645.0,10840.0,0.0,0.0,1064.0,11904.0,0.0
404,2024,동두천시상수도,16076.0,267.0,423.0,168.0,0.0,16934.0,0.0,192.0,19662.0,0.0,2.0,0.0,19856.0,0.0,14500.0,0.0,3003.0,223.0,17726.0,0.0,0.0,0.0,0.0,20387.0,20387.0,0.0
405,2024,광명시상수도,24028.0,920.0,21110.0,429.0,53.0,46540.0,0.0,3905.0,34776.0,0.0,0.0,2.0,38683.0,0.0,0.0,0.0,15180.0,0.0,15180.0,9770.0,6219.0,0.0,0.0,9185.0,15404.0,307.0
406,2024,부천시상수도,54283.0,4413.0,998.0,361.0,0.0,60055.0,553.0,7378.0,39102.0,0.0,443.0,0.0,46923.0,446.0,0.0,0.0,19794.0,0.0,19794.0,11077.0,26996.0,0.0,0.0,45532.0,72528.0,3633.0
407,2024,안양시상수도,47222.0,3304.0,1125.0,462.0,0.0,52113.0,754.0,5845.0,32722.0,0.0,11.0,0.0,38578.0,225.0,0.0,0.0,49423.0,3650.0,53073.0,87381.0,5045.0,0.0,0.0,6726.0,11771.0,26818.0
408,2024,의정부시상수도,34303.0,460.0,1846.0,86.0,0.0,36695.0,13.0,3607.0,25201.0,0.0,0.0,0.0,28808.0,13.0,0.0,0.0,4443.0,0.0,4443.0,0.0,7273.0,0.0,0.0,3100.0,10373.0,0.0
409,2024,성남시상수도,63077.0,500.0,1172.0,421.0,0.0,65170.0,0.0,8763.0,51040.0,0.0,134.0,0.0,59937.0,2131.0,1551.0,0.0,1114.0,0.0,2665.0,20737.0,3160.0,7436.0,0.0,1377.0,11973.0,17027.0
410,2024,수원시상수도,85592.0,885.0,1247.0,573.0,0.0,88297.0,3437.0,8236.0,70446.0,0.0,8.0,0.0,78690.0,1373.0,0.0,0.0,1083.0,6800.0,7883.0,1632.0,8411.0,0.0,0.0,1536.0,9947.0,876.0
411,2024,울산광역시상수도,123847.0,646.0,5359.0,434.0,0.0,130286.0,623.0,19734.0,68347.0,382.0,0.0,3456.0,91919.0,593.0,0.0,0.0,4567.0,14235.0,18802.0,10864.0,18470.0,0.0,2800.0,55.0,21325.0,7969.0
412,2024,대전광역시상수도,131737.0,846.0,3352.0,575.0,0.0,136510.0,2268.0,34611.0,60118.0,347.0,16.0,2707.0,97799.0,1700.0,3.0,0.0,7601.0,0.0,7604.0,38716.0,29615.0,120.0,2100.0,0.0,31835.0,23050.0
413,2024,광주광역시상수도,106555.0,479.0,3729.0,1085.0,0.0,111848.0,147.0,26336.0,65626.0,51.0,1559.0,0.0,93572.0,122.0,307.0,0.0,18672.0,11113.0,30092.0,17420.0,14461.0,629.0,320.0,9997.0,25407.0,16289.0
414,2024,인천광역시상수도,268881.0,7026.0,8181.0,1942.0,0.0,286030.0,2951.0,56530.0,206899.0,0.0,0.0,3409.0,266838.0,2915.0,8826.0,0.0,132765.0,39283.0,180874.0,74960.0,67448.0,309.0,0.0,25804.0,93561.0,34638.0
415,2024,대구광역시상수도,238531.0,932.0,9273.0,745.0,236.0,249717.0,129.0,56286.0,138582.0,2031.0,0.0,7184.0,204083.0,129.0,600.0,0.0,28323.0,26438.0,55361.0,10888.0,32316.0,376.0,5000.0,20961.0,58653.0,9322.0
416,2024,부산광역시상수도,321054.0,1371.0,7715.0,4367.0,0.0,334507.0,0.0,76445.0,274856.0,0.0,4483.0,1907.0,357691.0,0.0,9.0,0.0,20263.0,5000.0,25272.0,46977.0,37223.0,926.0,0.0,0.0,38149.0,25142.0
417,2024,서울특별시상수도,847153.0,9208.0,22823.0,10529.0,0.0,889713.0,60693.0,136530.0,454609.0,968.0,0.0,0.0,592107.0,13804.0,6200.0,0.0,0.0,13611.0,19811.0,173769.0,257092.0,1168.0,0.0,0.0,258260.0,30327.0
