No,AC_YEAR,ENT_NAME,FIN_JA_YU,FIN_JA_GU,FIN_JA_SUM,FIN_BU_YU,FIN_BU_GU,FIN_BU_SUM,FIN_JAB_JA,FIN_JAB_JI,FIN_JAB_JJ,FIN_JAB_ETC,FIN_JAB_II,FIN_JAB_SUM,DEBTRATE,DEBTDECREASE,DEBTCENSUS
1,2020,예산군하수도,1296.0,202392.0,203688.0,0.0,0.0,0.0,178297.0,35113.0,0.0,0.0,-9722.0,203687.0,0,0.0,0.0
2,2020,경기교통공사,71331.0,500.0,71831.0,65403.0,54.0,65457.0,6446.0,0.0,0.0,0.0,-71.0,6375.0,1026.78,65457.0,0.0
3,2020,원주시시설관리공단,527.0,128.0,655.0,355.0,0.0,355.0,300.0,0.0,0.0,0.0,0.0,300.0,118.33,355.0,0.0
4,2020,김포도시공사,41221.0,135610.0,176831.0,5238.0,2015.0,7253.0,168292.0,0.0,-88.0,0.0,1374.0,169578.0,4.28,7253.0,0.0
5,2020,파주도시공사,3753.0,59.0,3812.0,1107.0,0.0,1107.0,2704.0,0.0,0.0,0.0,0.0,2704.0,40.94,609.0,122.28916
6,2020,영천시시설관리공단,1390.0,23.0,1412.0,912.0,0.0,912.0,500.0,0.0,0.0,0.0,0.0,500.0,182.4,912.0,0.0
7,2020,과천도시공사,70227.0,92.0,70319.0,1731.0,107.0,1838.0,69000.0,0.0,0.0,0.0,-519.0,68481.0,2.68,1838.0,0.0
8,2020,울산광역시북구시설관리공단,231.0,0.0,231.0,81.0,0.0,81.0,150.0,0.0,0.0,0.0,0.0,150.0,54,-248.0,-75.37994
9,2020,포천도시공사,28359.0,240.0,28599.0,631.0,45.0,676.0,28600.0,0.0,0.0,0.0,-677.0,27923.0,2.42,386.0,133.10345
10,2020,안양도시공사,3291.0,66369.0,69660.0,1064.0,78.0,1142.0,68773.0,0.0,0.0,0.0,-255.0,68518.0,1.67,463.0,68.18851
11,2020,예천군하수도,944.0,86559.0,87503.0,2007.0,35839.0,37847.0,46888.0,9580.0,0.0,0.0,-6812.0,49656.0,76.22,-3248.0,-7.90607
12,2020,예천군상수도,7751.0,102505.0,110256.0,0.0,14.0,14.0,78746.0,31420.0,0.0,0.0,77.0,110243.0,0.01,3.0,27.27273
13,2020,고성군하수도,3507.0,84562.0,88069.0,0.0,0.0,0.0,71715.0,23461.0,0.0,0.0,-7107.0,88069.0,0,0.0,0.0
14,2020,고성군상수도,4298.0,50011.0,54309.0,12.0,126.0,138.0,37630.0,15030.0,0.0,0.0,1511.0,54170.0,0.25,-740.0,-84.28246
15,2020,세종도시교통공사,10454.0,19985.0,30439.0,9288.0,0.0,9288.0,27365.0,0.0,0.0,0.0,-6214.0,21150.0,43.91,544.0,6.22141
16,2020,사천시시설관리공단,654.0,0.0,654.0,291.0,63.0,354.0,300.0,0.0,0.0,0.0,0.0,300.0,118,86.0,32.08955
17,2020,제주특별자치도공영버스,3268.0,10945.0,14214.0,337.0,1222.0,1559.0,10555.0,0.0,0.0,0.0,2099.0,12655.0,12.32,151.0,10.72443
18,2020,서울특별시하수도,207232.0,6741266.0,6948499.0,5564.0,306.0,5870.0,6354233.0,403876.0,0.0,0.0,184520.0,6942629.0,0.08,-1649.0,-21.93111
19,2020,경주시시설관리공단,1238.0,15.0,1253.0,1153.0,0.0,1153.0,100.0,0.0,0.0,0.0,0.0,100.0,1153,-312.0,-21.29693
20,2020,인천광역시연수구시설안전관리공단,1139.0,0.0,1139.0,542.0,97.0,639.0,500.0,0.0,0.0,0.0,0.0,500.0,127.8,-43.0,-6.30499
21,2020,서울교통공사,238752.0,1.3101512E7,1.3340264E7,1408316.0,4845155.0,6253470.0,2.1000848E7,0.0,0.0,2154387.0,-1.6068441E7,7086794.0,88.24,1608000.0,34.61439
22,2020,태안군하수도,6935.0,111112.0,118047.0,1071.0,0.0,1071.0,91974.0,47384.0,0.0,0.0,-22381.0,116976.0,0.92,570.0,113.77246
23,2020,태안군상수도,3900.0,176103.0,180003.0,28.0,222.0,251.0,118853.0,73461.0,0.0,0.0,-12561.0,179753.0,0.14,228.0,986.95652
24,2020,김제시하수도,12949.0,203543.0,216493.0,5864.0,74654.0,80518.0,121307.0,91659.0,0.0,0.0,-76991.0,135975.0,59.22,-5661.0,-6.56889
25,2020,부여군하수도,3754.0,142726.0,146480.0,0.0,0.0,0.0,46293.0,107023.0,0.0,0.0,-6836.0,146480.0,0,-40077.0,-100.0
26,2020,하남시하수도,50759.0,223295.0,274053.0,14.0,134.0,148.0,266432.0,45942.0,0.0,0.0,-38468.0,273905.0,0.05,31.0,26.49573
27,2020,서울에너지공사,55933.0,441484.0,497417.0,44217.0,89656.0,133872.0,487987.0,0.0,-104866.0,5.0,-19581.0,363545.0,36.82,-48216.0,-26.47896
28,2020,충주시시설관리공단,323.0,20.0,344.0,144.0,0.0,144.0,200.0,0.0,0.0,0.0,0.0,200.0,72,-210.0,-59.32203
29,2020,세종특별자치시시설관리공단,3246.0,0.0,3246.0,2037.0,209.0,2245.0,1000.0,0.0,0.0,0.0,0.0,1000.0,224.5,-346.0,-13.31532
30,2020,밀양시시설관리공단,776.0,0.0,776.0,33.0,443.0,476.0,300.0,0.0,0.0,0.0,0.0,300.0,158.67,157.0,49.2163
31,2020,군산시하수도,19250.0,498831.0,518081.0,6093.0,46547.0,52640.0,362325.0,244435.0,0.0,0.0,-141319.0,465441.0,11.31,-6015.0,-10.25488
32,2020,홍성군하수도,2685.0,115078.0,117763.0,3883.0,56734.0,60617.0,29937.0,69297.0,0.0,0.0,-42088.0,57146.0,106.07,-3798.0,-5.89614
33,2020,동해시하수도,6054.0,139832.0,145885.0,0.0,0.0,0.0,124647.0,53643.0,0.0,0.0,-32405.0,145885.0,0,-0.07,-100.0
34,2020,원주시하수도,42844.0,383812.0,426656.0,6609.0,87042.0,93651.0,284742.0,178209.0,0.0,0.0,-129946.0,333006.0,28.12,3396.0,3.76267
35,2020,양주시하수도,35736.0,423179.0,458915.0,12.0,0.0,12.0,291924.0,262193.0,0.0,0.0,-95214.0,458902.0,0,-72.0,-85.71429
36,2020,서천군상수도,2666.0,84485.0,87151.0,84.0,683.0,767.0,60835.0,30705.0,0.0,0.0,-5155.0,86384.0,0.89,91.0,13.46154
37,2020,부여군상수도,9846.0,87950.0,97795.0,1245.0,263.0,1508.0,36773.0,67513.0,0.0,0.0,-7999.0,96288.0,1.57,-332.0,-18.04348
38,2020,금산군상수도,5961.0,73990.0,79951.0,474.0,0.0,474.0,42943.0,36419.0,0.0,0.0,116.0,79477.0,0.6,330.0,229.16667
39,2020,인천관광공사,19979.0,50057.0,70035.0,17728.0,0.0,17728.0,52030.0,0.0,0.0,0.0,277.0,52307.0,33.89,5273.0,42.33641
40,2020,광명도시공사,24325.0,2666.0,26991.0,1718.0,0.0,1718.0,25000.0,0.0,0.0,0.0,273.0,25273.0,6.8,270.0,18.64641
41,2020,영덕군하수도,409.0,97536.0,97946.0,2577.0,22813.0,25390.0,54120.0,55754.0,0.0,0.0,-37318.0,72556.0,34.99,-2515.0,-9.01272
42,2020,문경시하수도,4066.0,172119.0,176185.0,7977.0,72297.0,80275.0,53460.0,132688.0,0.0,0.0,-90238.0,95910.0,83.7,-5424.0,-6.3303
43,2020,논산시하수도,22838.0,335764.0,358602.0,2341.0,20205.0,22546.0,197976.0,217556.0,0.0,0.0,-79476.0,336056.0,6.71,-2290.0,-9.22049
44,2020,과천시지식정보타운조성사업,279099.0,0.0,279099.0,14386.0,0.0,14386.0,57174.0,0.0,0.0,0.0,207539.0,264713.0,5.43,-86936.0,-85.8017
45,2020,아산시시설관리공단,2385.0,0.0,2385.0,1566.0,19.0,1585.0,800.0,0.0,0.0,0.0,0.0,800.0,198.13,1099.0,226.13169
46,2020,장수한우지방공사,5954.0,2979.0,8933.0,1771.0,0.0,1771.0,7158.0,0.0,0.0,0.0,4.0,7162.0,24.73,536.0,43.40081
47,2020,광주광역시광산구시설관리공단,626.0,2284.0,2910.0,426.0,2284.0,2710.0,200.0,0.0,0.0,0.0,0.0,200.0,1355,2514.0,1282.65306
48,2020,대구광역시달성군시설관리공단,597.0,280.0,877.0,571.0,6.0,577.0,300.0,0.0,0.0,0.0,0.0,300.0,192.33,1.0,0.17361
49,2020,김해시도시개발공사,97813.0,36574.0,134387.0,38958.0,19908.0,58865.0,64738.0,0.0,0.0,0.0,10784.0,75521.0,77.95,122.0,0.20939
50,2020,합천군상수도,3629.0,35352.0,38981.0,32.0,599.0,631.0,22955.0,23626.0,0.0,0.0,-8230.0,38350.0,1.65,209.0,49.52607
51,2020,성남도시개발공사,120694.0,40028.0,160722.0,36771.0,7320.0,44090.0,60091.0,0.0,0.0,0.0,56541.0,116631.0,37.8,-22356.0,-33.64386
52,2020,부여군시설관리공단,331.0,0.0,331.0,31.0,0.0,31.0,300.0,0.0,0.0,0.0,0.0,300.0,10.33,-51.0,-62.19512
53,2020,세종특별자치시하수도,10180.0,995939.0,1006118.0,570.0,1628.0,2198.0,71080.0,1050631.0,0.0,0.0,-117791.0,1003920.0,0.22,2020.0,1134.83146
54,2020,진천군하수도,17574.0,135660.0,153234.0,3165.0,29015.0,32180.0,16304.0,150240.0,0.0,0.0,-45490.0,121054.0,26.58,-3078.0,-8.72993
55,2020,진천군상수도,9989.0,77883.0,87873.0,25.0,66.0,91.0,55460.0,27411.0,0.0,0.0,4910.0,87781.0,0.1,-24.0,-20.86957
56,2020,울산광역시중구도시관리공단,376.0,4.0,379.0,279.0,0.0,279.0,100.0,0.0,0.0,0.0,0.0,100.0,279,-50.0,-15.19757
57,2020,이천시시설관리공단,442.0,110.0,552.0,142.0,0.0,142.0,300.0,110.0,0.0,0.0,0.0,410.0,34.63,0.0,0.0
58,2020,부산관광공사,14072.0,7585.0,21657.0,4499.0,0.0,4499.0,23050.0,0.0,0.0,0.0,-5892.0,17158.0,26.22,1134.0,33.69985
59,2020,구리도시공사,53889.0,1218.0,55107.0,3057.0,308.0,3365.0,59150.0,0.0,0.0,0.0,-7408.0,51742.0,6.5,-540.0,-13.82843
60,2020,경상북도문화관광공사,90126.0,381122.0,471248.0,47286.0,98812.0,146098.0,198300.0,29870.0,-134681.0,175720.0,55940.0,325150.0,44.93,-1523.0,-1.0317
61,2020,제주에너지공사,9101.0,157153.0,166254.0,6943.0,15981.0,22924.0,130653.0,0.0,-154.0,0.0,12832.0,143330.0,15.99,-7829.0,-25.45768
62,2020,광양시하수도,13700.0,345014.0,358714.0,163.0,0.0,163.0,264701.0,287852.0,0.0,0.0,-194003.0,358551.0,0.05,142.0,676.19048
63,2020,세종특별자치시상수도,85937.0,322856.0,408793.0,326.0,15469.0,15795.0,42841.0,366675.0,0.0,0.0,-16518.0,392998.0,4.02,15424.0,4157.4124
64,2020,여수시하수도,32712.0,366485.0,399197.0,5642.0,53708.0,59350.0,230087.0,272317.0,0.0,0.0,-162557.0,339847.0,17.46,-4736.0,-7.39007
65,2020,옥천군하수도,2203.0,144281.0,146484.0,1844.0,13811.0,15655.0,82627.0,101362.0,0.0,0.0,-53161.0,130829.0,11.97,-1345.0,-7.91176
66,2020,남원시하수도,14960.0,197496.0,212457.0,0.0,473.0,473.0,116187.0,172686.0,0.0,0.0,-76890.0,211983.0,0.22,65.0,15.93137
67,2020,영광군하수도,4070.0,126685.0,130755.0,100.0,0.0,100.0,52490.0,111228.0,0.0,0.0,-33062.0,130655.0,0.08,58.0,138.09524
68,2020,영광군상수도,9287.0,80354.0,89641.0,40.0,27.0,67.0,29582.0,76547.0,0.0,0.0,-16556.0,89574.0,0.07,12.0,21.81818
69,2020,거제해양관광개발공사,7679.0,54563.0,62242.0,1879.0,4800.0,6679.0,65380.0,379.0,0.0,0.0,-10196.0,55563.0,12.02,824.0,14.07344
70,2020,대전관광공사,21927.0,203761.0,225689.0,4332.0,17254.0,21586.0,298447.0,992.0,0.0,0.0,-95337.0,204102.0,10.58,11272.0,109.28835
71,2020,양평군하수도,33731.0,322487.0,356218.0,78.0,32.0,110.0,288970.0,206738.0,0.0,0.0,-139600.0,356108.0,0.03,-49.0,-30.81761
72,2020,천안시시설관리공단(폐지),1759.0,67.0,1826.0,826.0,0.0,826.0,1000.0,0.0,0.0,0.0,0.0,1000.0,82.6,329.0,66.19718
73,2020,여주도시관리공단(폐지),463.0,0.0,463.0,250.0,13.0,263.0,200.0,0.0,0.0,0.0,0.0,200.0,131.5,22.0,9.12863
74,2020,영월군시설관리공단,530.0,0.0,530.0,430.0,0.0,430.0,100.0,0.0,0.0,0.0,0.0,100.0,430,371.0,628.81356
75,2020,계룡시하수도,2969.0,57202.0,60171.0,2287.0,20802.0,23089.0,46181.0,76627.0,0.0,0.0,-85726.0,37083.0,62.26,-2223.0,-8.7824
76,2020,의왕도시공사,30142.0,28129.0,58271.0,1987.0,1.0,1988.0,50161.0,0.0,0.0,0.0,6122.0,56283.0,3.53,-527.0,-20.95427
77,2020,고양도시관리공사,79162.0,79803.0,158966.0,24938.0,169.0,25107.0,142297.0,0.0,-254.0,0.0,-8184.0,133859.0,18.76,269.0,1.08302
78,2020,양양군상수도,3077.0,74871.0,77949.0,80.0,38.0,118.0,37190.0,38718.0,0.0,0.0,1923.0,77831.0,0.15,-307.0,-72.23529
79,2020,계룡시상수도,14924.0,29169.0,44093.0,314.0,0.0,314.0,27260.0,13169.0,0.0,0.0,3350.0,43778.0,0.72,205.0,188.07339
80,2020,증평군하수도,2541.0,87623.0,90164.0,2005.0,12954.0,14959.0,40244.0,81796.0,0.0,0.0,-46834.0,75206.0,19.89,-1339.0,-8.21573
81,2020,고양시하수도,80066.0,528958.0,609024.0,109.0,1391.0,1500.0,641656.0,331819.0,0.0,0.0,-365952.0,607524.0,0.25,-458.0,-23.39122
82,2020,음성군하수도,2904.0,201159.0,204063.0,2963.0,30666.0,33628.0,61766.0,136277.0,0.0,0.0,-27608.0,170434.0,19.73,-2702.0,-7.43463
83,2020,김천시하수도,17373.0,61314.0,78686.0,208.0,0.0,208.0,52429.0,33164.0,0.0,0.0,-7115.0,78478.0,0.27,-41.0,-16.46586
84,2020,화순군하수도,3475.0,115216.0,118691.0,0.0,0.0,0.0,26002.0,176133.0,0.0,0.0,-83444.0,118691.0,0,0.0,0.0
85,2020,화순군상수도,10493.0,119535.0,130028.0,12.0,133.0,145.0,22906.0,128805.0,0.0,0.0,-21828.0,129883.0,0.11,8.0,5.83942
86,2020,영동군상수도,8183.0,124762.0,132945.0,10.0,309.0,318.0,23270.0,123949.0,0.0,0.0,-14593.0,132626.0,0.24,35.0,12.72085
87,2020,포항시시설관리공단,626.0,0.0,626.0,426.0,0.0,426.0,200.0,0.0,0.0,0.0,0.0,200.0,213,-18.0,-4.05405
88,2020,춘천도시공사,13570.0,14115.0,27685.0,2494.0,1540.0,4034.0,23380.0,0.0,0.0,0.0,271.0,23651.0,17.06,-3368.0,-45.50122
89,2020,이천시하수도,73653.0,97051.0,170704.0,4.0,20.0,25.0,176921.0,50372.0,0.0,0.0,-56614.0,170679.0,0.01,-58.0,-71.08434
90,2020,강릉관광개발공사,3007.0,8174.0,11181.0,1341.0,0.0,1341.0,7226.0,0.0,0.0,0.0,2614.0,9840.0,13.63,280.0,26.3902
91,2020,보령시시설관리공단,1181.0,0.0,1181.0,881.0,0.0,881.0,300.0,0.0,0.0,0.0,0.0,300.0,293.67,241.0,37.65625
92,2020,당진도시공사,1270.0,2878.0,4147.0,62.0,40.0,102.0,4250.0,0.0,0.0,0.0,-204.0,4046.0,2.52,13.0,14.60674
93,2020,연천군하수도,29713.0,290521.0,320234.0,145.0,0.0,145.0,20494.0,345157.0,0.0,0.0,-45562.0,320089.0,0.05,-239.0,-62.23958
94,2020,칠곡군하수도,10277.0,298602.0,308880.0,5411.0,67427.0,72838.0,86926.0,241682.0,0.0,0.0,-92567.0,236041.0,30.86,-5259.0,-6.73393
95,2020,의령친환경골프장관리사업소,1418.0,6928.0,8346.0,40.0,0.0,40.0,0.0,6351.0,0.0,0.0,1955.0,8306.0,0.48,17.0,73.91304
96,2020,경기도고덕국제화계획지구조성사업,132310.0,0.0,132310.0,98284.0,32800.0,131084.0,0.0,0.0,0.0,0.0,1226.0,1226.0,10692.01,9118.0,7.47585
97,2020,인천광역시제물포구시설관리공단,763.0,0.0,763.0,304.0,0.0,304.0,459.0,0.0,0.0,0.0,0.0,459.0,66.23,245.0,415.25424
98,2020,여수시도시관리공단,6874.0,30.0,6904.0,3880.0,2559.0,6439.0,500.0,136.0,0.0,0.0,-171.0,465.0,1384.73,-23954.0,-78.8142
99,2020,단양군상수도,5626.0,46681.0,52307.0,0.0,870.0,870.0,23583.0,40681.0,0.0,0.0,-12828.0,51436.0,1.69,-264.0,-23.28042
100,2020,영덕군상수도,3569.0,60133.0,63701.0,431.0,481.0,912.0,27405.0,54149.0,0.0,0.0,-18765.0,62790.0,1.45,172.0,23.24324
101,2020,양산시시설관리공단,416.0,0.0,416.0,216.0,0.0,216.0,200.0,0.0,0.0,0.0,0.0,200.0,108,-19.0,-8.08511
102,2020,단양관광관리공단(폐지),646.0,0.0,646.0,346.0,0.0,346.0,300.0,0.0,0.0,0.0,0.0,300.0,115.33,-361.0,-51.06082
103,2020,동두천시하수도,17262.0,115983.0,133245.0,12.0,0.0,12.0,133438.0,76805.0,0.0,0.0,-77010.0,133233.0,0.01,-3.0,-20.0
104,2020,부산광역시기장군도시관리공단,917.0,45.0,962.0,462.0,0.0,462.0,500.0,0.0,0.0,0.0,0.0,500.0,92.4,126.0,37.5
105,2020,함안지방공사,9813.0,225.0,10038.0,2240.0,83.0,2323.0,4000.0,0.0,0.0,0.0,3715.0,7715.0,30.11,1467.0,171.3785
106,2020,의성군상수도,3669.0,228053.0,231722.0,0.0,0.0,0.0,27213.0,281263.0,0.0,0.0,-76755.0,231722.0,0,-95.0,-100.0
107,2020,안산도시공사,56553.0,173114.0,229667.0,23853.0,694.0,24546.0,203014.0,0.0,0.0,0.0,2107.0,205121.0,11.97,-1496.0,-5.74073
108,2020,파주시하수도,46970.0,678176.0,725146.0,8545.0,130056.0,138601.0,224229.0,559140.0,0.0,0.0,-196823.0,586545.0,23.63,-8319.0,-5.66227
109,2020,포항시하수도,34790.0,971517.0,1006307.0,16306.0,321344.0,337650.0,448504.0,598491.0,0.0,0.0,-378338.0,668657.0,50.5,-15704.0,-4.44427
110,2020,보령시하수도,27350.0,134939.0,162289.0,3446.0,27059.0,30505.0,96223.0,129727.0,0.0,0.0,-94166.0,131784.0,23.15,-1161.0,-3.66639
111,2020,제주관광공사,16598.0,22002.0,38600.0,5242.0,17636.0,22878.0,15000.0,0.0,0.0,4547.0,-3825.0,15722.0,145.52,-7324.0,-24.25005
112,2020,울주군시설관리공단,461.0,420.0,882.0,782.0,0.0,782.0,100.0,0.0,0.0,0.0,0.0,100.0,782,474.0,153.8961
113,2020,양평공사,7027.0,21794.0,28821.0,18116.0,9586.0,27702.0,29587.0,0.0,-35.0,6663.0,-35096.0,1119.0,2475.6,620.0,2.28934
114,2020,당진시하수도,31497.0,283024.0,314521.0,2818.0,29294.0,32111.0,86108.0,301854.0,0.0,0.0,-105552.0,282410.0,11.37,-3120.0,-8.853
115,2020,평택도시공사,1277517.0,56612.0,1334129.0,666481.0,176108.0,842589.0,389392.0,0.0,0.0,0.0,102148.0,491540.0,171.42,24993.0,3.05689
116,2020,강화군시설관리공단,1195.0,0.0,1195.0,227.0,0.0,227.0,968.0,0.0,0.0,0.0,0.0,968.0,23.45,15.0,7.07547
117,2020,군포도시공사,31631.0,4.0,31634.0,424.0,110.0,534.0,30920.0,0.0,0.0,0.0,180.0,31100.0,1.72,-239.0,-30.9185
118,2020,전주시시설관리공단,912.0,520.0,1432.0,638.0,0.0,638.0,1100.0,0.0,0.0,0.0,-307.0,793.0,80.45,98.0,18.14815
119,2020,화성도시공사,176664.0,25970.0,202634.0,31372.0,4840.0,36212.0,173777.0,0.0,-392.0,0.0,-6963.0,166422.0,21.76,-21357.0,-37.09809
120,2020,화성시하수도,64579.0,560567.0,625146.0,11.0,207.0,218.0,130964.0,641321.0,0.0,0.0,-147357.0,624928.0,0.03,72.0,49.31507
121,2020,울산광역시남구도시관리공단,327.0,0.0,327.0,177.0,0.0,177.0,150.0,0.0,0.0,0.0,0.0,150.0,118,-494.0,-73.62146
122,2020,강릉시하수도,19951.0,338882.0,358833.0,4914.0,47043.0,51957.0,100602.0,318302.0,0.0,0.0,-112029.0,306875.0,16.93,-4671.0,-8.24857
123,2020,인천경제자유구역청,2297591.0,1.6478397E7,1.8775988E7,293166.0,141534.0,434700.0,39.0,9439220.0,0.0,0.0,8902029.0,1.8341288E7,2.37,85878.0,24.61943
124,2020,거제시하수도,11833.0,289400.0,301233.0,0.0,464.0,464.0,99367.0,295303.0,0.0,0.0,-93900.0,300769.0,0.15,75.0,19.28021
125,2020,노원구시설관리공단,1300.0,0.0,1300.0,850.0,0.0,850.0,450.0,0.0,0.0,0.0,0.0,450.0,188.89,77.0,9.96119
126,2020,남양주도시공사,92142.0,84778.0,176919.0,92523.0,0.0,92523.0,86431.0,0.0,-241.0,0.0,-1794.0,84396.0,109.63,-32628.0,-26.07091
127,2020,중구시설관리공단,1400.0,543.0,1942.0,1192.0,0.0,1192.0,750.0,0.0,0.0,0.0,0.0,750.0,158.93,61.0,5.39346
128,2020,함안군상수도,5025.0,106448.0,111473.0,370.0,171.0,541.0,22015.0,107151.0,0.0,0.0,-18235.0,110932.0,0.49,248.0,84.64164
129,2020,양주시시설관리공단(폐지),711.0,0.0,711.0,405.0,7.0,411.0,300.0,0.0,0.0,0.0,0.0,300.0,137,-373.0,-47.44898
130,2020,통영관광개발공사,9828.0,26785.0,36613.0,729.0,111.0,840.0,30004.0,0.0,0.0,0.0,5769.0,35773.0,2.35,-256.0,-23.35766
131,2020,영양고추유통공사,23399.0,13473.0,36873.0,19909.0,0.0,19909.0,25399.0,0.0,0.0,0.0,-8435.0,16963.0,117.37,6856.0,52.52432
132,2020,음성군상수도,4933.0,109613.0,114546.0,2.0,15.0,17.0,35120.0,76407.0,0.0,0.0,3003.0,114529.0,0.01,15.0,750.0
133,2020,울산광역시도시공사,343225.0,166887.0,520386.0,106868.0,121557.0,228425.0,140000.0,17.0,0.0,32558.0,119386.0,291961.0,78.24,-82256.0,-26.47603
134,2020,문경관광진흥공단(폐지),255.0,0.0,255.0,155.0,0.0,155.0,100.0,0.0,0.0,0.0,0.0,100.0,155,-262.0,-62.82974
135,2020,부안군상수도,3709.0,50986.0,54695.0,97.0,232.0,330.0,42944.0,27345.0,0.0,0.0,-15923.0,54365.0,0.61,87.0,35.39095
136,2020,관악구시설관리공단,964.0,335.0,1299.0,599.0,0.0,599.0,700.0,0.0,0.0,0.0,0.0,700.0,85.57,228.0,61.45553
137,2020,안동시시설관리공단,599.0,0.0,599.0,399.0,0.0,399.0,200.0,0.0,0.0,0.0,0.0,200.0,199.5,7.0,1.78571
138,2020,인천환경공단,8444.0,1062.0,9507.0,8007.0,0.0,8007.0,1500.0,0.0,0.0,0.0,0.0,1500.0,533.8,611.0,8.26122
139,2020,제천시하수도,15955.0,335117.0,351073.0,6660.0,100406.0,107065.0,25345.0,338490.0,0.0,0.0,-119827.0,244007.0,43.88,-6419.0,-5.65542
140,2020,은평구시설관리공단,675.0,108.0,783.0,283.0,0.0,283.0,500.0,0.0,0.0,0.0,0.0,500.0,56.6,-155.0,-35.38813
141,2020,충주시하수도,20442.0,366258.0,386699.0,5160.0,65373.0,70533.0,137140.0,347909.0,0.0,0.0,-168883.0,316166.0,22.31,-4882.0,-6.47351
142,2020,충청남도개발공사,687832.0,203406.0,944575.0,286459.0,193822.0,480281.0,300703.0,0.0,-140.0,0.0,163730.0,464294.0,103.44,-37825.0,-7.30063
143,2020,창원레포츠파크,894.0,95.0,989.0,387.0,0.0,387.0,600.0,0.0,0.0,0.0,2.0,602.0,64.29,-699.0,-64.36464
144,2020,부산지방공단스포원(부산시설공단 통합),3717.0,7228.0,10944.0,3717.0,7228.0,10944.0,0.0,0.0,0.0,0.0,0.0,0.0,0,-1573.0,-12.55892
145,2020,광주환경공단,1783.0,139.0,1922.0,1323.0,99.0,1422.0,500.0,0.0,0.0,0.0,0.0,500.0,284.4,-492.0,-25.70533
146,2020,대구공공시설관리공단,11270.0,579928.0,591198.0,6379.0,0.0,6379.0,394650.0,199731.0,0.0,0.0,-9562.0,584819.0,1.09,-2920.0,-31.40123
147,2020,부산환경공단,9366.0,44.0,9410.0,9410.0,0.0,9410.0,0.0,0.0,0.0,0.0,0.0,0.0,0,-3218.0,-25.48305
148,2020,창원시설공단,5919.0,0.0,5919.0,1277.0,2642.0,3919.0,2000.0,0.0,0.0,0.0,0.0,2000.0,195.95,1465.0,59.69845
149,2020,구미시설공단(폐지),752.0,1354.0,2106.0,1605.0,0.0,1605.0,501.0,0.0,0.0,0.0,0.0,501.0,320.36,-113.0,-6.57742
150,2020,청주시시설관리공단,1504.0,72.0,1577.0,1016.0,61.0,1077.0,500.0,0.0,0.0,0.0,0.0,500.0,215.4,68.0,6.73935
151,2020,정선군시설관리공단,100.0,0.0,100.0,0.0,0.0,0.0,100.0,0.0,0.0,0.0,0.0,100.0,0,-8.0,-100.0
152,2020,동해시시설관리공단,372.0,493.0,865.0,344.0,0.0,344.0,543.0,0.0,0.0,0.0,-22.0,521.0,66.03,1.0,0.29155
153,2020,속초시시설관리공단,960.0,5.0,965.0,665.0,0.0,665.0,300.0,0.0,0.0,0.0,0.0,300.0,221.67,157.0,30.90551
154,2020,연천군시설관리공단,423.0,7.0,429.0,213.0,7.0,219.0,210.0,0.0,0.0,0.0,0.0,210.0,104.29,-62.0,-21.70819
155,2020,가평군시설관리공단,586.0,38.0,624.0,424.0,0.0,424.0,200.0,0.0,0.0,0.0,0.0,200.0,212,47.0,12.46684
156,2020,의정부시시설관리공단(폐지),6453.0,6753.0,13206.0,4650.0,6427.0,11076.0,2000.0,0.0,0.0,0.0,130.0,2130.0,520,2719.0,32.54756
157,2020,오산시시설관리공단(폐지),328.0,17.0,345.0,145.0,0.0,145.0,200.0,0.0,0.0,0.0,0.0,200.0,72.5,19.0,15.07937
158,2020,안성시시설관리공단,1892.0,61.0,1953.0,1738.0,165.0,1903.0,50.0,0.0,0.0,0.0,0.0,50.0,3806,-874.0,-31.47281
159,2020,시흥도시공사,174488.0,49.0,174537.0,9186.0,0.0,9186.0,165716.0,0.0,-393.0,0.0,28.0,165351.0,5.56,8780.0,2162.56158
160,2020,부천도시공사,66754.0,4607.0,71361.0,36148.0,3045.0,39193.0,32310.0,0.0,0.0,0.0,-142.0,32168.0,121.84,18204.0,86.73114
161,2020,수원도시공사,86030.0,3434.0,89464.0,14814.0,0.0,14814.0,76365.0,0.0,0.0,0.0,-1716.0,74649.0,19.84,8717.0,142.97195
162,2020,울산시설공단,1031.0,65.0,1096.0,77.0,449.0,526.0,570.0,0.0,0.0,0.0,0.0,570.0,92.28,-1909.0,-78.39836
163,2020,대전광역시시설관리공단,6742.0,55.0,6797.0,4445.0,151.0,4596.0,1500.0,0.0,0.0,0.0,701.0,2201.0,208.81,-2720.0,-37.17879
164,2020,인천광역시서구시설관리공단,1577.0,0.0,1577.0,877.0,0.0,877.0,700.0,0.0,0.0,0.0,0.0,700.0,125.29,116.0,15.2431
165,2020,인천광역시계양구시설관리공단,600.0,58.0,658.0,258.0,20.0,278.0,380.0,0.0,0.0,0.0,0.0,380.0,73.16,78.0,39.0
166,2020,인천광역시부평구시설관리공단,1094.0,1.0,1096.0,696.0,0.0,696.0,400.0,0.0,0.0,0.0,0.0,400.0,174,-1693.0,-70.86647
167,2020,남동구도시관리공단,812.0,19.0,831.0,431.0,0.0,431.0,400.0,0.0,0.0,0.0,0.0,400.0,107.75,63.0,17.11957
168,2020,인천광역시미추홀구시설관리공단,1013.0,58.0,1071.0,555.0,16.0,571.0,500.0,0.0,0.0,0.0,0.0,500.0,114.2,-56.0,-8.93142
169,2020,인천시설공단,15098.0,6238.0,21337.0,14425.0,0.0,14425.0,6911.0,0.0,0.0,0.0,0.0,6911.0,208.73,5553.0,62.59017
170,2020,대구시설공단(대구공공시설관리공단 통합),12814.0,7377.0,20192.0,6335.0,646.0,6982.0,11201.0,0.0,0.0,0.0,2008.0,13210.0,52.85,-1153.0,-14.18562
171,2020,부산시설공단,35742.0,18822.0,54564.0,18161.0,29093.0,47253.0,2779.0,0.0,0.0,0.0,4532.0,7311.0,646.33,1678.0,3.68404
172,2020,중랑구시설관리공단,828.0,31.0,859.0,579.0,31.0,609.0,250.0,0.0,0.0,0.0,0.0,250.0,243.6,-192.38,-23.88134
173,2020,종로구시설관리공단,1567.0,117.0,1684.0,825.0,0.0,825.0,500.0,359.0,0.0,0.0,0.0,859.0,96.04,-48.0,-5.49828
174,2020,용산구시설관리공단,1101.0,0.0,1101.0,601.0,0.0,601.0,500.0,0.0,0.0,0.0,0.0,500.0,120.2,-343.0,-36.33475
175,2020,영등포구시설관리공단,2364.0,510.0,2874.0,921.0,0.0,921.0,1953.0,0.0,0.0,0.0,0.0,1953.0,47.16,-247.0,-21.14726
176,2020,양천구시설관리공단,762.0,474.0,1237.0,737.0,0.0,737.0,500.0,0.0,0.0,0.0,0.0,500.0,147.4,-72.0,-8.89988
177,2020,송파구시설관리공단,875.0,2774.0,3650.0,1033.0,0.0,1033.0,2617.0,0.0,0.0,0.0,0.0,2617.0,39.47,-1582.0,-60.49713
178,2020,성북구도시관리공단,1314.0,39.0,1352.0,887.0,65.0,952.0,400.0,0.0,0.0,0.0,0.0,400.0,238,-398.0,-29.48148
179,2020,성동구도시관리공단,1387.0,46.0,1432.0,832.0,0.0,832.0,600.0,0.0,0.0,0.0,0.0,600.0,138.67,-103.0,-11.01604
180,2020,서대문구도시관리공단,1474.0,458.0,1931.0,1251.0,0.0,1251.0,680.0,0.0,0.0,0.0,0.0,680.0,183.97,430.0,52.37515
181,2020,마포구시설관리공단,1777.0,519.0,2296.0,1496.0,0.0,1496.0,800.0,0.0,0.0,0.0,0.0,800.0,187,-533.0,-26.2691
182,2020,동작구시설관리공단,488.0,474.0,962.0,262.0,0.0,262.0,700.0,0.0,0.0,0.0,0.0,700.0,37.43,-509.0,-66.01816
183,2020,동대문구시설관리공단,1592.0,10.0,1602.0,610.0,192.0,802.0,800.0,0.0,0.0,0.0,0.0,800.0,100.25,295.0,58.1854
184,2020,도봉구시설관리공단,1465.0,106.0,1571.0,966.0,105.0,1071.0,500.0,0.0,0.0,0.0,0.0,500.0,214.2,-257.0,-19.35241
185,2020,금천구시설관리공단,722.0,119.0,841.0,341.0,0.0,341.0,500.0,0.0,0.0,0.0,0.0,500.0,68.2,81.0,31.15385
186,2020,구로구시설관리공단,918.0,223.0,1140.0,640.0,0.0,640.0,500.0,0.0,0.0,0.0,0.0,500.0,128,164.0,34.45378
187,2020,광진구시설관리공단,995.0,0.0,995.0,595.0,0.0,595.0,400.0,0.0,0.0,0.0,0.0,400.0,148.75,112.0,23.18841
188,2020,강서구시설관리공단,2042.0,57.0,2099.0,1074.0,25.0,1099.0,1000.0,0.0,0.0,0.0,0.0,1000.0,109.9,742.0,207.84314
189,2020,강북구도시관리공단,1085.0,0.0,1085.0,803.0,23.0,825.0,260.0,0.0,0.0,0.0,0.0,260.0,317.31,-2530.0,-75.38003
190,2020,강동구도시관리공단,2072.0,204.0,2276.0,1670.0,6.0,1676.0,600.0,0.0,0.0,0.0,0.0,600.0,279.33,-263.0,-13.56369
191,2020,강남구도시관리공단,1558.0,347.0,1905.0,694.0,12.0,705.0,1200.0,0.0,0.0,0.0,0.0,1200.0,58.75,-130.0,-15.4491
192,2020,서울시설공단,144643.0,52024.0,196667.0,59491.0,108088.0,167579.0,26435.0,2653.0,0.0,0.0,0.0,29088.0,576.11,-1028.0,-0.6097
193,2020,창녕군시설관리공단,1658.0,165.0,1823.0,1366.0,0.0,1366.0,300.0,0.0,0.0,0.0,157.0,457.0,298.91,-362.0,-20.94907
194,2020,청도공영사업공사,869.0,2770.0,3639.0,304.0,1355.0,1660.0,1498.0,0.0,0.0,0.0,481.0,1979.0,83.88,-696.0,-29.58404
195,2020,하남도시공사,291125.0,88890.0,380015.0,38775.0,19845.0,58620.0,178000.0,0.0,0.0,0.0,143395.0,321395.0,18.24,-25233.0,-30.09195
196,2020,용인도시공사,343645.0,25923.0,369568.0,235256.0,5692.0,240948.0,118600.0,0.0,0.0,0.0,10020.0,128620.0,187.33,-63966.0,-20.97837
197,2020,경기평택항만공사,15727.0,92939.0,108666.0,6252.0,2742.0,8994.0,91686.0,0.0,0.0,0.0,7986.0,99672.0,9.02,888.0,10.95485
198,2020,광주도시관리공사,57707.0,2822.0,60529.0,26677.0,292.0,26969.0,30000.0,0.0,0.0,0.0,3560.0,33560.0,80.36,14979.0,124.92911
199,2020,경기관광공사,29765.0,96937.0,126702.0,19771.0,0.0,19771.0,111280.0,0.0,0.0,0.0,-4349.0,106931.0,18.49,81.0,0.41138
200,2020,구리농수산물공사,25243.0,174639.0,199882.0,2299.0,11184.0,13484.0,188562.0,0.0,0.0,0.0,-2164.0,186398.0,7.23,2341.0,20.99973
201,2020,광주광역시 관광공사,2018.0,140305.0,142324.0,1235.0,402.0,1636.0,175201.0,0.0,0.0,0.0,-34514.0,140687.0,1.16,-589.0,-26.42697
202,2020,서울특별시농수산식품공사,127779.0,963427.0,1091207.0,65374.0,65137.0,130510.0,820622.0,2308.0,0.0,0.0,137766.0,960697.0,13.58,-78819.0,-37.65269
203,2020,제주특별자치도개발공사,369541.0,240682.0,610223.0,70997.0,63716.0,134713.0,62811.0,72.0,0.0,0.0,412627.0,475510.0,28.33,7486.0,5.88397
204,2020,경남개발공사,814001.0,323800.0,1137801.0,269562.0,408516.0,678078.0,137929.0,0.0,0.0,90240.0,231553.0,459723.0,147.5,171144.0,33.76061
205,2020,경상북도개발공사,943408.0,46560.0,1062313.0,185667.0,61441.0,247108.0,283438.0,33.0,0.0,0.0,531734.0,815205.0,30.31,19047.0,8.35171
206,2020,전남개발공사,920096.0,169521.0,1089617.0,132292.0,302786.0,435077.0,390694.0,111837.0,0.0,0.0,152009.0,654540.0,66.47,-13271.0,-2.95975
207,2020,전북개발공사,246730.0,70025.0,702665.0,45520.0,320294.0,365814.0,137378.0,0.0,0.0,0.0,199473.0,336851.0,108.6,-65070.0,-15.10151
208,2020,충북개발공사,638214.0,3228.0,641443.0,192907.0,160242.0,353149.0,130176.0,0.0,0.0,0.0,158118.0,288294.0,122.5,53340.0,17.79133
209,2020,강원개발공사,268092.0,1327412.0,1622494.0,257875.0,1007103.0,1264978.0,328706.0,0.0,0.0,307181.0,-278371.0,357516.0,353.82,24350.0,1.96272
210,2020,경기주택도시공사,7353214.0,1873846.0,9519002.0,3871965.0,1353502.0,5225467.0,1671007.0,5544.0,0.0,0.0,2616984.0,4293535.0,121.71,-289144.0,-5.24323
211,2020,대전도시공사,744913.0,243459.0,988372.0,284390.0,284384.0,568774.0,216160.0,0.0,-19.0,0.0,203456.0,419598.0,135.55,62192.0,12.27679
212,2020,광주광역시도시공사,419744.0,222136.0,874163.0,166488.0,280924.0,447412.0,195256.0,27118.0,0.0,0.0,204377.0,426751.0,104.84,-51573.0,-10.33558
213,2020,인천도시공사,6978602.0,1317001.0,8818737.0,2835452.0,3362242.0,6197695.0,2852717.0,0.0,-382223.0,64685.0,85864.0,2621043.0,236.46,-82822.0,-1.31873
214,2020,대구도시개발공사,1697008.0,148670.0,1953334.0,538249.0,747546.0,1285796.0,272297.0,0.0,0.0,0.0,395241.0,667538.0,192.62,231693.0,21.98002
215,2020,부산도시공사,2153236.0,933061.0,3086297.0,161098.0,975894.0,1136992.0,620489.0,0.0,0.0,67506.0,1261310.0,1949305.0,58.33,-280802.0,-19.80556
216,2020,서울주택도시개발공사,7645594.0,1.8978318E7,2.6623912E7,5296665.0,1.2233243E7,1.7529908E7,6787140.0,0.0,-6230.0,-1408.0,2314503.0,9094004.0,192.76,1281750.0,7.88861
217,2020,대전교통공사,14657.0,1443889.0,1458546.0,6185.0,30047.0,36232.0,2093543.0,0.0,0.0,0.0,-671230.0,1422314.0,2.55,4814.0,15.32243
218,2020,광주교통공사,14924.0,1168459.0,1183383.0,3763.0,36254.0,40017.0,1764329.0,0.0,0.0,0.0,-620962.0,1143367.0,3.5,4742.0,13.44295
219,2020,인천교통공사,101436.0,3892800.0,3994236.0,38321.0,188477.0,226798.0,4359516.0,673537.0,343817.0,0.0,-1609432.0,3767439.0,6.02,42272.0,22.90842
220,2020,대구교통공사,89937.0,4335453.0,4425390.0,152320.0,380159.0,532479.0,6346656.0,305743.0,29699.0,-45.0,-2789141.0,3892912.0,13.68,60021.0,12.70399
221,2020,부산교통공사,72995.0,4095158.0,4168153.0,267874.0,910571.0,1178446.0,5062311.0,0.0,0.0,0.0,-2072604.0,2989707.0,39.42,223384.0,23.38937
222,2020,진주시공영개발,327787.0,2038.0,329825.0,224522.0,52100.0,276622.0,10000.0,0.0,0.0,0.0,43203.0,53203.0,519.94,144845.0,109.91675
223,2020,창원시주택건설사업,2228.0,70628.0,72856.0,0.0,32594.0,32594.0,13127.0,31790.0,0.0,0.0,-4655.0,40262.0,80.95,-151.0,-0.46114
224,2020,광양시공영개발,43009.0,88233.0,131242.0,0.0,0.0,0.0,42.0,7017.0,0.0,0.0,124183.0,131242.0,0,0.0,0.0
225,2020,순천시공영개발,67275.0,483.0,67758.0,1.0,0.0,1.0,0.0,0.0,0.0,0.0,67757.0,67757.0,0,1.0,0.0
226,2020,목포시공영개발,108099.0,2778.0,110877.0,1018.0,0.0,1018.0,0.0,285.0,0.0,0.0,109574.0,109859.0,0.93,-1010.0,-49.80276
227,2020,익산시공영개발,127739.0,1111.0,128850.0,32810.0,0.0,32810.0,400.0,61027.0,0.0,0.0,34614.0,96041.0,34.16,-3272.0,-9.06823
228,2020,계룡시공영개발,56162.0,0.0,56162.0,0.0,0.0,0.0,0.0,10865.0,0.0,0.0,45297.0,56162.0,0,0.0,0.0
229,2020,세종특별자치시공영개발,49546.0,5877.0,55423.0,33.0,2466.0,2499.0,0.0,4992.0,0.0,0.0,47932.0,52924.0,4.72,1401.0,127.59563
230,2020,아산시공영개발,702.0,3781.0,4483.0,0.0,0.0,0.0,0.0,32077.0,0.0,0.0,-27594.0,4483.0,0,-500.0,-100.0
231,2020,천안시공영개발,129336.0,0.0,129336.0,29.0,0.0,29.0,127.0,0.0,0.0,0.0,129181.0,129307.0,0.02,0.0,0.0
232,2020,음성군공영개발,37645.0,586.0,38231.0,14.0,226.0,239.0,0.0,25696.0,0.0,0.0,12295.0,37991.0,0.63,1.0,0.84034
233,2020,충주시공영개발,99772.0,2254.0,102026.0,3184.0,0.0,3184.0,0.0,68631.0,0.0,0.0,30211.0,98842.0,3.22,-1241.0,-28.0452
234,2020,강릉시공영개발,37021.0,44604.0,81625.0,994.0,0.0,994.0,0.0,104418.0,0.0,0.0,-23787.0,80631.0,1.23,-649.0,-39.50091
235,2020,원주시공영개발,124233.0,135.0,124368.0,2932.0,0.0,2932.0,14450.0,2972.0,0.0,0.0,104014.0,121436.0,2.41,2600.0,783.13253
236,2020,춘천시공영개발,59721.0,215701.0,275421.0,0.0,0.0,0.0,236.0,207743.0,0.0,314.0,67128.0,275421.0,0,0.0,0.0
237,2020,경기도판교테크노밸리조성사업,161677.0,317974.0,479652.0,36.0,0.0,36.0,0.0,0.0,0.0,0.0,479616.0,479616.0,0.01,-12452.0,-99.71172
238,2020,안성시공영개발,77641.0,2.0,77643.0,1791.0,914.0,2705.0,5737.0,9621.0,0.0,0.0,59580.0,74938.0,3.61,-49.0,-1.77923
239,2020,의왕시공영개발,16046.0,5518.0,21563.0,18.0,0.0,18.0,0.0,190.0,0.0,0.0,21355.0,21545.0,0.08,0.0,0.0
240,2020,시흥시공영개발,547117.0,229887.0,777004.0,329221.0,1.0,329222.0,3.0,112098.0,0.0,0.0,335681.0,447782.0,73.52,-458762.0,-58.21971
241,2020,의정부시공영개발,57119.0,4394.0,61513.0,0.0,0.0,0.0,0.0,14490.0,0.0,0.0,47023.0,61513.0,0,0.0,0.0
242,2020,성남시공영개발,87459.0,36620.0,124079.0,39.0,4824.0,4863.0,103.0,22412.0,0.0,0.0,96700.0,119216.0,4.08,-8.0,-0.16424
243,2020,제주특별자치도하수도,107220.0,1662777.0,1769997.0,34616.0,465089.0,499705.0,640567.0,1444308.0,0.0,0.0,-814583.0,1270292.0,39.34,-484.0,-0.09676
244,2020,창녕군하수도,12410.0,177127.0,189537.0,0.0,0.0,0.0,30746.0,218396.0,0.0,0.0,-59604.0,189537.0,0,0.0,0.0
245,2020,양산시하수도,33779.0,385297.0,419076.0,10.0,65980.0,65990.0,233102.0,230765.0,0.0,0.0,-110782.0,353086.0,18.69,-5160.0,-7.25228
246,2020,밀양시하수도,11964.0,339291.0,351255.0,0.0,0.0,0.0,57659.0,379243.0,0.0,0.0,-85647.0,351255.0,0,-0.324,-100.0
247,2020,통영시하수도,1438.0,120793.0,122232.0,4530.0,65246.0,69776.0,89836.0,72702.0,0.0,0.0,-110083.0,52455.0,133.02,-4374.0,-5.89885
248,2020,거창군하수도,7470.0,152085.0,159555.0,2641.0,20177.0,22818.0,34837.0,144437.0,0.0,0.0,-42537.0,136737.0,16.69,-1625.0,-6.64812
249,2020,사천시하수도,7582.0,196240.0,203822.0,0.0,0.0,0.0,119493.0,214406.0,0.0,0.0,-130077.0,203822.0,0,-601.0,-100.0
250,2020,김해시하수도,89345.0,584646.0,673992.0,17.0,161101.0,161118.0,47719.0,709855.0,0.0,0.0,-244701.0,512873.0,31.41,-13285.0,-7.61741
251,2020,진주시하수도,31744.0,510267.0,542011.0,10095.0,129738.0,139834.0,86268.0,569274.0,0.0,0.0,-253365.0,402178.0,34.77,-9133.0,-6.13156
252,2020,창원시하수도,80170.0,670746.0,750917.0,51.0,96186.0,96236.0,363381.0,634198.0,0.0,0.0,-342899.0,654680.0,14.7,-7565.0,-7.28702
253,2020,영주시하수도,6894.0,185274.0,192168.0,9049.0,95247.0,104295.0,22496.0,206781.0,0.0,0.0,-141405.0,87872.0,118.69,-3906.0,-3.60902
254,2020,상주시하수도,6632.0,104066.0,110698.0,8155.0,81677.0,89832.0,29200.0,219159.0,0.0,0.0,-227493.0,20866.0,430.52,-5459.0,-5.72877
255,2020,경산시하수도,31439.0,196592.0,228031.0,0.0,0.0,0.0,21730.0,371722.0,0.0,0.0,-165421.0,228031.0,0,0.0,0.0
256,2020,영천시하수도,18850.0,257349.0,276200.0,0.0,149.0,149.0,73738.0,306863.0,0.0,0.0,-104550.0,276051.0,0.05,41.0,37.96296
257,2020,안동시하수도,21730.0,335474.0,357204.0,18.0,236.0,254.0,62353.0,424171.0,0.0,0.0,-129574.0,356950.0,0.07,31.0,13.90135
258,2020,구미시하수도,83878.0,611634.0,695512.0,25.0,50749.0,50774.0,81011.0,810086.0,0.0,0.0,-246359.0,644738.0,7.88,-2845.0,-5.30595
259,2020,경주시하수도,12921.0,390526.0,403447.0,10835.0,118960.0,129795.0,8468.0,689081.0,0.0,0.0,-423896.0,273652.0,47.43,-10375.0,-7.40173
260,2020,영암군하수도,11815.0,205447.0,217262.0,0.0,0.0,0.0,70348.0,241742.0,0.0,0.0,-94828.0,217262.0,0,0.0,0.0
261,2020,나주시하수도,5890.0,229410.0,235299.0,2478.0,41768.0,44246.0,19637.0,269571.0,0.0,0.0,-98155.0,191054.0,23.16,-2499.0,-5.34603
262,2020,순천시하수도,40488.0,462420.0,502908.0,5061.0,62810.0,67871.0,261570.0,415381.0,-172.0,0.0,-241742.0,435037.0,15.6,-2739.0,-3.87905
263,2020,목포시하수도,33700.0,434568.0,468268.0,9447.0,92761.0,102207.0,175428.0,453424.0,0.0,0.0,-262791.0,366061.0,27.92,-9352.0,-8.38211
264,2020,정읍시하수도,9930.0,192835.0,202765.0,40.0,26945.0,26984.0,97047.0,261032.0,0.0,0.0,-182298.0,175781.0,15.35,-2925.0,-9.77632
265,2020,익산시하수도,18236.0,406679.0,424915.0,6558.0,98931.0,105489.0,92233.0,439839.0,823.0,0.0,-213468.0,319426.0,33.02,-4428.0,-4.02849
266,2020,완주군하수도,10343.0,21180.0,31524.0,0.0,0.0,0.0,16341.0,25088.0,0.0,0.0,-9906.0,31524.0,0,-31.0,-100.0
267,2020,전주시하수도,79414.0,553336.0,632750.0,8744.0,75840.0,84584.0,83820.0,658037.0,0.0,0.0,-193691.0,548166.0,15.43,-7359.0,-8.00387
268,2020,서산시하수도,15472.0,331770.0,347243.0,4397.0,56770.0,61167.0,55535.0,380623.0,0.0,0.0,-150082.0,286076.0,21.38,-4107.0,-6.29194
269,2020,아산시하수도,8917.0,537362.0,546279.0,4437.0,48629.0,53065.0,58570.0,544667.0,0.0,0.0,-110023.0,493213.0,10.76,-4207.0,-7.3439
270,2020,천안시하수도,113404.0,643857.0,757262.0,10160.0,118795.0,128955.0,357618.0,665257.0,0.0,0.0,-394569.0,628307.0,20.52,-9823.0,-7.07821
271,2020,공주시하수도,14754.0,253010.0,267764.0,9.0,38.0,47.0,82807.0,282402.0,0.0,0.0,-97493.0,267716.0,0.02,15.0,46.875
272,2020,청주시하수도,105899.0,784639.0,890538.0,1693.0,17733.0,19426.0,383734.0,701848.0,0.0,0.0,-214470.0,871112.0,2.23,-1253.0,-6.05929
273,2020,속초시하수도,9021.0,147044.0,156065.0,23.0,5306.0,5329.0,129351.0,166983.0,0.0,0.0,-145598.0,150736.0,3.54,2979.0,126.76596
274,2020,춘천시하수도,25998.0,497572.0,523571.0,5580.0,87998.0,93578.0,50600.0,690615.0,0.0,0.0,-311222.0,429993.0,21.76,-5156.0,-5.22211
275,2020,가평군하수도,8487.0,319116.0,327603.0,16.0,54.0,70.0,75220.0,280740.0,0.0,0.0,-28428.0,327532.0,0.02,21.0,42.85714
276,2020,김포시하수도,12010.0,330254.0,342264.0,4726.0,70685.0,75411.0,75002.0,440055.0,0.0,0.0,-248204.0,266853.0,28.26,-4593.0,-5.74096
277,2020,안양시하수도,120184.0,794743.0,914927.0,179.0,1017.0,1196.0,163550.0,790650.0,0.0,0.0,-40469.0,913731.0,0.13,-41289.0,-97.18489
278,2020,평택시하수도,50768.0,878371.0,929138.0,7333.0,107875.0,115209.0,171456.0,868744.0,0.0,0.0,-226271.0,813930.0,14.15,-6987.0,-5.71868
279,2020,광주시하수도,85901.0,465383.0,551284.0,145.0,350.0,495.0,218600.0,456308.0,0.0,0.0,-124120.0,550789.0,0.09,-6807.0,-93.22104
280,2020,안성시하수도,20008.0,353836.0,373844.0,3278.0,48189.0,51467.0,33313.0,401796.0,0.0,0.0,-112732.0,322378.0,15.96,-3171.0,-5.80365
281,2020,남양주시하수도,32850.0,591728.0,624578.0,80.0,616.0,696.0,222725.0,565322.0,0.0,0.0,-164165.0,623882.0,0.11,37.0,5.61457
282,2020,의왕시하수도,43993.0,78270.0,122263.0,844.0,330.0,1173.0,57612.0,87863.0,0.0,0.0,-24385.0,121090.0,0.97,953.0,433.63636
283,2020,용인시하수도,91691.0,1192943.0,1284634.0,9395.0,109036.0,118432.0,213296.0,1273209.0,0.0,0.0,-320302.0,1166203.0,10.16,-16883.0,-12.47755
284,2020,군포시하수도,34308.0,74313.0,108620.0,28.0,173.0,201.0,43605.0,85323.0,0.0,0.0,-20509.0,108419.0,0.19,34.0,20.35928
285,2020,여주시하수도,8400.0,72748.0,81147.0,216.0,0.0,216.0,43519.0,64853.0,0.0,0.0,-27440.0,80931.0,0.27,159.0,278.94737
286,2020,오산시하수도,55399.0,253858.0,309257.0,59.0,0.0,59.0,76838.0,318085.0,0.0,0.0,-85725.0,309198.0,0.02,40.0,210.52632
287,2020,포천시하수도,18279.0,462269.0,480548.0,9.0,0.0,9.0,52230.0,604761.0,0.0,0.0,-176452.0,480539.0,0,1.0,12.5
288,2020,시흥시하수도,60519.0,420618.0,481138.0,1965.0,42245.0,44210.0,136568.0,355085.0,0.0,0.0,-54726.0,436927.0,10.12,43869.0,12864.80938
289,2020,구리시하수도,35151.0,244485.0,279636.0,12.0,217.0,229.0,32848.0,342532.0,0.0,0.0,-95973.0,279407.0,0.08,-95.0,-29.32099
290,2020,성남시하수도,40992.0,387951.0,428943.0,141.0,964.0,1105.0,170972.0,423483.0,0.0,0.0,-166616.0,427838.0,0.26,-158.0,-12.5099
291,2020,과천시하수도,7597.0,37641.0,45237.0,18.0,449.0,466.0,18333.0,76681.0,0.0,0.0,-50243.0,44771.0,1.04,41.0,9.88235
292,2020,안산시하수도,78670.0,405872.0,484542.0,244.0,968.0,1212.0,160660.0,466682.0,0.0,0.0,-144012.0,483330.0,0.25,-1501.0,-55.32621
293,2020,부천시하수도,191637.0,720074.0,911712.0,44.0,617.0,662.0,181339.0,790668.0,0.0,0.0,-60957.0,911050.0,0.07,-319.0,-32.61978
294,2020,광명시하수도,15527.0,72830.0,88357.0,2489.0,772.0,3261.0,58067.0,110843.0,0.0,0.0,-83814.0,85095.0,3.83,2054.0,170.17399
295,2020,의정부시하수도,21206.0,328658.0,349864.0,0.0,0.0,0.0,93336.0,388035.0,0.0,0.0,-131507.0,349864.0,0,-4.0,-100.0
296,2020,수원시하수도,74398.0,683603.0,758001.0,184.0,1193.0,1377.0,66733.0,978121.0,0.0,0.0,-288229.0,756625.0,0.18,-702.0,-33.76623
297,2020,울산광역시하수도,33933.0,992572.0,1026505.0,12303.0,150767.0,163070.0,62559.0,1006833.0,0.0,0.0,-205957.0,863435.0,18.89,-11559.0,-6.61918
298,2020,대전광역시하수도,113214.0,636555.0,749769.0,18956.0,164212.0,183168.0,73813.0,797977.0,0.0,0.0,-305190.0,566601.0,32.33,-12762.0,-6.51355
299,2020,광주광역시하수도,86667.0,927261.0,1013929.0,12494.0,176000.0,188494.0,62855.0,927360.0,0.0,0.0,-164780.0,825435.0,22.84,-12120.0,-6.04145
300,2020,인천광역시하수도,21440.0,1480413.0,1501853.0,27093.0,86962.0,114054.0,115720.0,1437446.0,0.0,0.0,-165367.0,1387799.0,8.22,-32590.0,-22.22321
301,2020,대구광역시하수도,62008.0,1906229.0,1968238.0,0.0,248881.0,248881.0,144189.0,1866905.0,0.0,0.0,-291738.0,1719357.0,14.48,7158.0,2.96124
302,2020,부산광역시하수도,140050.0,2706629.0,2846679.0,17289.0,322313.0,339602.0,807736.0,2244317.0,0.0,0.0,-544975.0,2507077.0,13.55,53629.0,18.75317
303,2020,제주특별자치도상수도,45225.0,630656.0,675881.0,17736.0,58011.0,75747.0,136897.0,487868.0,0.0,0.0,-24630.0,600134.0,12.62,8510.0,12.65672
304,2020,거창군상수도,1836.0,86588.0,88424.0,11.0,59.0,70.0,19044.0,78811.0,0.0,0.0,-9502.0,88353.0,0.08,8.0,12.90323
305,2020,창녕군상수도,9932.0,89438.0,99370.0,0.0,307.0,307.0,4787.0,123813.0,0.0,0.0,-29538.0,99062.0,0.31,32.0,11.63636
306,2020,양산시상수도,21030.0,238516.0,259546.0,88.0,0.0,88.0,2936.0,245810.0,0.0,0.0,10712.0,259458.0,0.03,13.0,17.33333
307,2020,거제시상수도,13705.0,160412.0,174117.0,722.0,11887.0,12608.0,7133.0,174691.0,0.0,0.0,-20315.0,161509.0,7.81,-1309.0,-9.39858
308,2020,밀양시상수도,2814.0,100712.0,103525.0,2.0,263.0,265.0,1834.0,122168.0,0.0,0.0,-20741.0,103260.0,0.26,45.0,20.45455
309,2020,김해시상수도,49933.0,470656.0,520589.0,97.0,0.0,97.0,3795.0,488554.0,0.0,0.0,28143.0,520492.0,0.02,88.0,977.77778
310,2020,사천시상수도,2708.0,102710.0,105418.0,0.0,1561.0,1561.0,3771.0,102465.0,0.0,0.0,-2379.0,103858.0,1.5,-2303.0,-59.60145
311,2020,통영시상수도,4090.0,59607.0,63697.0,0.0,552.0,552.0,5328.0,80789.0,0.0,0.0,-22972.0,63145.0,0.87,-1430.0,-72.14934
312,2020,진주시상수도,34039.0,221619.0,255658.0,205.0,361.0,565.0,2045.0,214896.0,0.0,0.0,38152.0,255093.0,0.22,113.0,25.22124
313,2020,창원시상수도,43707.0,623077.0,666784.0,61.0,1407.0,1468.0,10082.0,605232.0,0.0,0.0,50002.0,665316.0,0.22,-121.0,-7.61485
314,2020,경산시상수도,37234.0,242032.0,279266.0,10.0,5868.0,5878.0,6401.0,290877.0,0.0,0.0,-23889.0,273388.0,2.15,-15.0,-0.25454
315,2020,문경시상수도,5709.0,112247.0,117956.0,0.0,543.0,543.0,6131.0,134177.0,0.0,0.0,-22895.0,117413.0,0.46,123.0,29.28571
316,2020,상주시상수도,37481.0,200624.0,238105.0,4.0,95.0,99.0,5347.0,276956.0,0.0,0.0,-44297.0,238006.0,0.04,-2.0,-1.9802
317,2020,칠곡군상수도,1994.0,94874.0,96868.0,8.0,0.0,8.0,38072.0,89622.0,0.0,0.0,-30834.0,96860.0,0.01,3.0,60.0
318,2020,울진군상수도,10893.0,207013.0,217906.0,56.0,887.0,944.0,16296.0,232892.0,0.0,0.0,-32226.0,216962.0,0.44,124.0,15.0
319,2020,영천시상수도,15863.0,234385.0,250248.0,220.0,173.0,393.0,3363.0,244928.0,0.0,0.0,1564.0,249855.0,0.16,142.0,56.57371
320,2020,영주시상수도,16948.0,145942.0,162890.0,4.0,740.0,743.0,3665.0,163893.0,0.0,0.0,-5412.0,162147.0,0.46,60.0,8.93119
321,2020,구미시상수도,13816.0,208179.0,221995.0,151.0,3858.0,4009.0,8776.0,194196.0,0.0,0.0,15015.0,217986.0,1.84,-754.0,-15.83036
322,2020,안동시상수도,22506.0,341368.0,363874.0,71.0,0.0,71.0,7202.0,368400.0,0.0,0.0,-11799.0,363803.0,0.02,-7.0,-8.97436
323,2020,김천시상수도,18166.0,127825.0,145991.0,56.0,25.0,81.0,2531.0,130378.0,0.0,0.0,13000.0,145909.0,0.06,0.0,0.0
324,2020,경주시상수도,19575.0,204863.0,224438.0,4172.0,5960.0,10132.0,8265.0,246948.0,0.0,0.0,-40907.0,214307.0,4.73,-6180.0,-37.88622
325,2020,포항시상수도,15367.0,287578.0,302944.0,468.0,881.0,1349.0,16245.0,323462.0,0.0,0.0,-38111.0,301596.0,0.45,-79.0,-5.53221
326,2020,영암군상수도,6966.0,122856.0,129822.0,0.0,0.0,0.0,65302.0,114389.0,0.0,0.0,-49869.0,129822.0,0,0.0,0.0
327,2020,광양시상수도,8420.0,113068.0,121488.0,133.0,0.0,133.0,9087.0,99757.0,0.0,0.0,12511.0,121355.0,0.11,114.0,600.0
328,2020,나주시상수도,7702.0,117582.0,125284.0,41.0,15395.0,15437.0,6089.0,114738.0,0.0,0.0,-10979.0,109847.0,14.05,12588.0,441.80414
329,2020,순천시상수도,20016.0,198594.0,218610.0,55.0,149.0,204.0,52326.0,154825.0,0.0,0.0,11255.0,218406.0,0.09,-317.0,-60.84453
330,2020,여수시상수도,35236.0,226099.0,261335.0,56.0,471.0,528.0,2246.0,259164.0,0.0,0.0,-603.0,260807.0,0.2,167.0,45.98338
331,2020,목포시상수도,19941.0,118507.0,138447.0,86.0,289.0,375.0,2052.0,150014.0,0.0,0.0,-13994.0,138072.0,0.27,-20.0,-5.06329
332,2020,고창군상수도,880.0,79823.0,80703.0,39.0,47.0,86.0,34408.0,65417.0,0.0,0.0,-19208.0,80617.0,0.11,-92.0,-51.68539
333,2020,완주군상수도,10538.0,13632.0,24171.0,53.0,0.0,53.0,13227.0,4990.0,0.0,0.0,5900.0,24117.0,0.22,-8.0,-13.11475
334,2020,김제시상수도,7425.0,91911.0,99336.0,46.0,826.0,872.0,4506.0,146441.0,0.0,0.0,-52483.0,98464.0,0.89,306.0,54.0636
335,2020,남원시상수도,6737.0,114404.0,121140.0,0.0,834.0,834.0,1979.0,167280.0,0.0,0.0,-48952.0,120307.0,0.69,140.0,20.17291
336,2020,정읍시상수도,4382.0,88718.0,93100.0,713.0,12832.0,13544.0,2493.0,106539.0,0.0,0.0,-29476.0,79556.0,17.02,-1426.0,-9.51904
337,2020,익산시상수도,6296.0,147221.0,153517.0,1.0,239.0,240.0,6329.0,134107.0,23545.0,0.0,-10704.0,153278.0,0.16,4.3,1.82435
338,2020,군산시상수도,27725.0,198271.0,225996.0,5116.0,534.0,5650.0,1887.0,181047.0,0.0,0.0,37411.0,220346.0,2.56,4020.0,246.62577
339,2020,전주시상수도,15908.0,340593.0,356501.0,1570.0,13066.0,14636.0,3602.0,199921.0,0.0,0.0,138341.0,341865.0,4.28,-7575.0,-34.10472
340,2020,홍성군상수도,5954.0,134547.0,140500.0,585.0,0.0,585.0,15026.0,149757.0,0.0,0.0,-24867.0,139916.0,0.42,30.0,5.40541
341,2020,당진시상수도,23432.0,188571.0,212004.0,61.0,569.0,630.0,20176.0,217647.0,0.0,0.0,-26450.0,211373.0,0.3,9.0,1.44928
342,2020,예산군상수도,4616.0,58005.0,62622.0,1.0,0.0,1.0,1105.0,73750.0,0.0,0.0,-12234.0,62621.0,0,1.0,0.0
343,2020,논산시상수도,11531.0,132183.0,143713.0,44.0,0.0,44.0,4017.0,152165.0,0.0,0.0,-12512.0,143669.0,0.03,-758.0,-94.51372
344,2020,서산시상수도,5959.0,192572.0,198531.0,27.0,32.0,60.0,4039.0,206853.0,0.0,0.0,-12420.0,198471.0,0.03,-1.0,-3.27869
345,2020,아산시상수도,17824.0,258960.0,276785.0,259.0,0.0,259.0,11206.0,280697.0,0.0,0.0,-15377.0,276526.0,0.09,36.0,16.1435
346,2020,보령시상수도,24183.0,127817.0,152000.0,127.0,0.0,127.0,3408.0,182816.0,0.0,0.0,-34351.0,151873.0,0.08,5.0,4.09836
347,2020,공주시상수도,12463.0,135331.0,147794.0,110.0,1814.0,1924.0,3671.0,154234.0,0.0,0.0,-12035.0,145870.0,1.32,628.0,48.45679
348,2020,천안시상수도,81346.0,347106.0,428452.0,291.0,1176.0,1467.0,13363.0,433532.0,0.0,0.0,-19910.0,426985.0,0.34,268.0,22.35196
349,2020,옥천군상수도,3428.0,118146.0,121575.0,44.0,0.0,44.0,4049.0,138551.0,0.0,0.0,-21070.0,121530.0,0.04,14.0,46.66667
350,2020,제천시상수도,15445.0,149512.0,164958.0,4.0,556.0,560.0,2444.0,211298.0,0.0,0.0,-49345.0,164398.0,0.34,64.0,12.90323
351,2020,충주시상수도,40820.0,185264.0,226085.0,10978.0,828.0,11805.0,8212.0,172621.0,0.0,0.0,33447.0,214280.0,5.51,5385.0,83.89408
352,2020,청주시상수도,78492.0,571567.0,650059.0,3272.0,3993.0,7265.0,189452.0,430592.0,0.0,0.0,22750.0,642794.0,1.13,86.0,1.19794
353,2020,고성군상수도,5011.0,118833.0,123844.0,844.0,79.0,923.0,9326.0,128702.0,0.0,-15107.0,0.0,122921.0,0.75,-786.0,-45.99181
354,2020,철원군상수도,16113.0,112015.0,128128.0,19.0,0.0,19.0,7752.0,125559.0,0.0,0.0,-5202.0,128109.0,0.01,1.0,5.55556
355,2020,정선군상수도,3055.0,65872.0,68926.0,0.0,0.0,0.0,6006.0,77237.0,0.0,0.0,-14317.0,68926.0,0,0.0,0.0
356,2020,홍천군상수도,11861.0,177220.0,189081.0,110.0,63.0,174.0,6081.0,193131.0,0.0,0.0,-10305.0,188907.0,0.09,-634.0,-78.58911
357,2020,삼척시상수도,4727.0,137063.0,141790.0,0.0,0.0,0.0,1938.0,177349.0,0.0,0.0,-37497.0,141790.0,0,-16.0,-100.0
358,2020,속초시상수도,3672.0,92331.0,96004.0,36.0,461.0,497.0,1440.0,86641.0,0.0,0.0,7425.0,95506.0,0.52,-47.0,-8.63971
359,2020,태백시상수도,4408.0,90367.0,94775.0,183.0,149.0,332.0,3441.0,113662.0,0.0,0.0,-22660.0,94443.0,0.35,44.0,15.27778
360,2020,동해시상수도,2653.0,70607.0,73260.0,77.0,763.0,840.0,2714.0,106728.0,0.0,0.0,-37021.0,72421.0,1.16,110.0,15.06849
361,2020,강릉시상수도,11712.0,200837.0,212549.0,330.0,751.0,1081.0,1681.0,189090.0,0.0,0.0,20696.0,211468.0,0.51,-863.0,-44.393
362,2020,원주시상수도,35331.0,203282.0,238613.0,104.0,0.0,104.0,1735.0,175125.0,0.0,0.0,61649.0,238509.0,0.04,46.0,79.31034
363,2020,춘천시상수도,12768.0,260669.0,273436.0,389.0,7107.0,7496.0,9193.0,291652.0,0.0,0.0,-34904.0,265940.0,2.82,1011.0,15.58982
364,2020,인제군상수도,22838.0,157033.0,179872.0,1761.0,24.0,1785.0,27283.0,183517.0,0.0,0.0,-32713.0,178087.0,1,1246.0,231.16883
365,2020,평창군상수도,7295.0,265823.0,273118.0,4.0,0.0,4.0,15095.0,300186.0,0.0,0.0,-42167.0,273114.0,0,1.0,33.33333
366,2020,영월군상수도,11682.0,119567.0,131249.0,57.0,0.0,57.0,10968.0,148235.0,0.0,0.0,-28012.0,131191.0,0.04,4.0,7.54717
367,2020,가평군상수도,14994.0,111151.0,126145.0,673.0,830.0,1503.0,15153.0,135798.0,0.0,0.0,-26309.0,124642.0,1.21,594.0,65.34653
368,2020,여주시상수도,13758.0,157696.0,171454.0,215.0,0.0,215.0,6849.0,196864.0,0.0,0.0,-32474.0,171238.0,0.13,34.0,18.78453
369,2020,양평군상수도,23874.0,149584.0,173458.0,55.0,341.0,396.0,14881.0,193258.0,0.0,0.0,-35077.0,173062.0,0.23,-36.0,-8.33333
370,2020,포천시상수도,13543.0,164279.0,177822.0,145.0,0.0,145.0,19763.0,209402.0,0.0,0.0,-51488.0,177677.0,0.08,84.0,137.70492
371,2020,안성시상수도,30354.0,195825.0,226179.0,123.0,0.0,123.0,10346.0,209207.0,0.0,0.0,6503.0,226056.0,0.05,82.0,200.0
372,2020,연천군상수도,23574.0,189684.0,213258.0,109.0,0.0,109.0,4412.0,206539.0,0.0,0.0,2198.0,213149.0,0.05,-218.0,-66.66667
373,2020,광주시상수도,59194.0,339114.0,398309.0,34.0,57.0,90.0,5754.0,377237.0,0.0,0.0,15227.0,398218.0,0.02,9.0,12.34568
374,2020,화성시상수도,79562.0,577222.0,656784.0,186.0,24377.0,24563.0,1024.0,583947.0,0.0,0.0,47251.0,632222.0,3.89,-106.0,-0.42969
375,2020,이천시상수도,80391.0,189815.0,270206.0,228.0,497.0,726.0,10228.0,222420.0,0.0,0.0,36833.0,269480.0,0.27,28.0,3.86819
376,2020,파주시상수도,97900.0,271789.0,369689.0,154.0,0.0,154.0,2665.0,327980.0,0.0,0.0,38890.0,369535.0,0.04,5.0,3.3557
377,2020,용인시상수도,31849.0,513148.0,544997.0,2221.0,1907.0,4128.0,13829.0,595391.0,0.0,0.0,-68351.0,540869.0,0.76,548.0,15.30726
378,2020,하남시상수도,70571.0,134555.0,205127.0,59.0,17.0,77.0,12212.0,189777.0,0.0,0.0,3062.0,205050.0,0.04,24.0,43.39623
379,2020,양주시상수도,21976.0,219354.0,241330.0,49.0,0.0,49.0,22896.0,244953.0,0.0,0.0,-26568.0,241281.0,0.02,16.0,48.48485
380,2020,의왕시상수도,24145.0,90228.0,114373.0,36.0,40.0,77.0,17077.0,102458.0,0.0,0.0,-5239.0,114296.0,0.07,-87.0,-53.65854
381,2020,군포시상수도,52432.0,109881.0,162313.0,548.0,139.0,687.0,28790.0,119393.0,0.0,0.0,13444.0,161626.0,0.43,-23.0,-3.23944
382,2020,시흥시상수도,46743.0,223975.0,270718.0,45.0,63.0,108.0,9704.0,199082.0,0.0,0.0,61824.0,270610.0,0.04,-20.0,-15.625
383,2020,오산시상수도,11111.0,79538.0,90649.0,575.0,0.0,575.0,1581.0,99899.0,0.0,0.0,-11406.0,90074.0,0.64,-239.65,-29.41754
384,2020,남양주시상수도,31586.0,306852.0,338439.0,184.0,1208.0,1392.0,3285.0,352098.0,0.0,0.0,-18337.0,337047.0,0.41,-356.0,-20.36613
385,2020,평택시상수도,58015.0,643494.0,701509.0,2985.0,2255.0,5240.0,12863.0,596542.0,0.0,0.0,86864.0,696269.0,0.75,2443.0,87.34358
386,2020,김포시상수도,40489.0,391424.0,431913.0,450.0,0.0,450.0,74255.0,324616.0,0.0,0.0,32592.0,431463.0,0.1,257.0,133.16062
387,2020,구리시상수도,41346.0,74919.0,116265.0,33.0,372.0,404.0,1961.0,93362.0,0.0,0.0,20537.0,115860.0,0.35,-42.0,-9.19283
388,2020,과천시상수도,7882.0,47509.0,55391.0,5.0,152.0,157.0,2784.0,74033.0,0.0,0.0,-21582.0,55235.0,0.28,13.0,9.02778
389,2020,고양시상수도,65359.0,214381.0,279740.0,1720.0,1498.0,3218.0,19098.0,274475.0,0.0,0.0,-17052.0,276522.0,1.16,93.0,2.976
390,2020,안산시상수도,75659.0,367455.0,443114.0,54.0,988.0,1042.0,18482.0,345470.0,0.0,0.0,78120.0,442072.0,0.24,316.0,43.52617
391,2020,동두천시상수도,25364.0,151614.0,176978.0,691.0,40348.0,41038.0,2986.0,183486.0,0.0,0.0,-50532.0,135940.0,30.19,720.0,1.78828
392,2020,광명시상수도,21989.0,88850.0,110839.0,3658.0,611.0,4269.0,9439.0,65577.0,0.0,0.0,31554.0,106570.0,4.01,-1006.0,-19.07109
393,2020,부천시상수도,59654.0,309316.0,368970.0,2829.0,1333.0,4162.0,25000.0,291871.0,0.0,0.0,47937.0,364808.0,1.14,109.0,2.68937
394,2020,안양시상수도,33420.0,263251.0,296671.0,1337.0,0.0,1337.0,6518.0,205696.0,0.0,0.0,83120.0,295334.0,0.45,-80.0,-5.64573
395,2020,의정부시상수도,16639.0,147064.0,163703.0,5.0,0.0,5.0,2898.0,180609.0,0.0,0.0,-19809.0,163698.0,0,-460.0,-98.92473
396,2020,성남시상수도,99325.0,381060.0,480384.0,191.0,1506.0,1697.0,35454.0,422410.0,0.0,0.0,20823.0,478687.0,0.35,-87.0,-4.87668
397,2020,수원시상수도,53683.0,389618.0,443300.0,1785.0,976.0,2761.0,11388.0,399639.0,0.0,0.0,29513.0,440540.0,0.63,-459.0,-14.25466
398,2020,울산광역시상수도,21977.0,696654.0,718632.0,2036.0,5244.0,7280.0,184941.0,488991.0,0.0,0.0,37419.0,711352.0,1.02,-913.0,-11.14366
399,2020,대전광역시상수도,53138.0,768806.0,821944.0,4082.0,18269.0,22352.0,100593.0,649869.0,0.0,0.0,49130.0,799592.0,2.8,-3228.0,-12.62314
400,2020,광주광역시상수도,59967.0,721759.0,781726.0,2076.0,6735.0,8811.0,2759.0,533707.0,0.0,0.0,236448.0,772914.0,1.14,922.0,11.68716
401,2020,인천광역시상수도,154511.0,1592283.0,1746794.0,7475.0,5590.0,13065.0,330248.0,1441015.0,0.0,0.0,-37534.0,1733729.0,0.75,-134.0,-1.01523
402,2020,대구광역시상수도,79107.0,1353424.0,1432531.0,20398.0,13880.0,34278.0,206791.0,1218397.0,0.0,0.0,-26935.0,1398253.0,2.45,11542.0,50.76531
403,2020,부산광역시상수도,87690.0,2083016.0,2170707.0,16427.0,14111.0,30538.0,247087.0,2097881.0,0.0,0.0,-204800.0,2140168.0,1.43,5546.0,22.1911
404,2020,서울특별시상수도,122949.0,5063683.0,5186632.0,28354.0,91572.0,119926.0,1218213.0,4094761.0,0.0,0.0,-246267.0,5066706.0,2.37,-26741.0,-18.23246
1,2021,양주도시공사,5768.0,137.0,5905.0,605.0,0.0,605.0,5300.0,0.0,0.0,0.0,0.0,5300.0,11.42,605.0,0.0
2,2021,단양관광공사,903.0,0.0,903.0,603.0,0.0,603.0,300.0,0.0,0.0,0.0,0.0,300.0,201,603.0,0.0
3,2021,김천시시설관리공단,1245.0,0.0,1245.0,1045.0,0.0,1045.0,200.0,0.0,0.0,0.0,0.0,200.0,522.5,1045.0,0.0
4,2021,예산군하수도,2625.0,225859.0,228484.0,1.0,0.0,1.0,178297.0,68469.0,0.0,0.0,-18283.0,228483.0,0,1.0,0.0
5,2021,평창군시설관리공단,248.0,0.0,248.0,148.0,0.0,148.0,100.0,0.0,0.0,0.0,0.0,100.0,148,148.0,0.0
6,2021,금산군하수도,1516.0,120673.0,122189.0,2443.0,22699.0,25142.0,92719.0,13822.0,0.0,0.0,-9495.0,97047.0,25.91,25142.0,0.0
7,2021,서울물재생시설공단,3266.0,0.0,3266.0,1266.0,0.0,1266.0,2000.0,0.0,0.0,0.0,0.0,2000.0,63.3,1266.0,0.0
8,2021,경기교통공사,101179.0,1221.0,102400.0,86370.0,0.0,86370.0,18500.0,0.0,-62.0,0.0,-2408.0,16030.0,538.8,20913.0,31.94922
9,2021,원주시시설관리공단,617.0,312.0,928.0,628.0,0.0,628.0,300.0,0.0,0.0,0.0,0.0,300.0,209.33,273.0,76.90141
10,2021,김포도시공사,59587.0,115573.0,175160.0,7387.0,1606.0,8993.0,168292.0,0.0,-88.0,0.0,-2037.0,166167.0,5.41,1740.0,23.99007
11,2021,파주도시공사,32850.0,67.0,32918.0,344.0,5.0,349.0,32704.0,0.0,0.0,0.0,-136.0,32569.0,1.07,-758.0,-68.47335
12,2021,영천시시설관리공단,441.0,500.0,941.0,347.0,94.0,441.0,500.0,0.0,0.0,0.0,0.0,500.0,88.2,-471.0,-51.64474
13,2021,과천도시공사,328915.0,79.0,328994.0,91928.0,50070.0,141998.0,189000.0,0.0,0.0,0.0,-2004.0,186996.0,75.94,140160.0,7625.68009
14,2021,울산광역시북구시설관리공단,239.0,0.0,239.0,89.0,0.0,89.0,150.0,0.0,0.0,0.0,0.0,150.0,59.33,8.0,9.87654
15,2021,포천도시공사,28862.0,315.0,29177.0,1705.0,37.0,1742.0,28600.0,0.0,0.0,0.0,-1165.0,27435.0,6.35,1066.0,157.69231
16,2021,안양도시공사,28285.0,67019.0,95304.0,650.0,0.0,650.0,95493.0,0.0,0.0,0.0,-838.0,94655.0,0.69,-492.0,-43.08231
17,2021,예천군하수도,1125.0,83652.0,84777.0,2086.0,33753.0,35839.0,46888.0,14638.0,0.0,0.0,-12588.0,48938.0,73.23,-2007.0,-5.30307
18,2021,예천군상수도,3101.0,130798.0,133899.0,0.0,17.0,17.0,78746.0,59414.0,0.0,0.0,-4277.0,133882.0,0.01,3.0,21.42857
19,2021,고성군하수도,3329.0,94057.0,97385.0,0.0,0.0,0.0,71715.0,37604.0,0.0,0.0,-11933.0,97385.0,0,0.0,0.0
20,2021,고성군상수도,3996.0,58847.0,62843.0,12.0,130.0,142.0,37630.0,24257.0,0.0,0.0,814.0,62701.0,0.23,4.0,2.89855
21,2021,세종도시교통공사,20756.0,25285.0,46041.0,21402.0,53.0,21455.0,32953.0,0.0,0.0,0.0,-8367.0,24587.0,87.26,12167.0,130.99699
22,2021,사천시시설관리공단,1160.0,0.0,1160.0,839.0,21.0,860.0,300.0,0.0,0.0,0.0,0.0,300.0,286.67,506.0,142.93785
23,2021,제주특별자치도공영버스,2837.0,10437.0,13274.0,344.0,1540.0,1883.0,10555.0,0.0,0.0,0.0,836.0,11391.0,16.53,324.0,20.8467
24,2021,서울특별시하수도,239811.0,6794586.0,7034397.0,7099.0,338.0,7437.0,6354233.0,462344.0,0.0,0.0,210382.0,7026960.0,0.11,1567.0,26.69506
25,2021,경주시시설관리공단,352.0,4.0,356.0,256.0,0.0,256.0,100.0,0.0,0.0,0.0,0.0,100.0,256,-897.0,-77.79705
26,2021,인천광역시연수구시설안전관리공단,838.0,0.0,838.0,337.0,1.0,338.0,500.0,0.0,0.0,0.0,0.0,500.0,67.6,-301.0,-47.10485
27,2021,서울교통공사,410767.0,1.4673281E7,1.5084048E7,894835.0,5712397.0,6607232.0,2.2278517E7,0.0,0.0,3231181.0,-1.7032882E7,8476816.0,77.94,353762.0,5.65705
28,2021,태안군하수도,2607.0,118805.0,121412.0,10.0,0.0,10.0,91974.0,59058.0,0.0,0.0,-29630.0,121402.0,0.01,-1060.0,-99.06542
29,2021,태안군상수도,3144.0,179844.0,182988.0,164.0,261.0,426.0,118853.0,84611.0,0.0,0.0,-20901.0,182563.0,0.23,181.0,73.46939
30,2021,김제시하수도,16123.0,201644.0,217768.0,6081.0,68642.0,74723.0,121307.0,116440.0,0.0,0.0,-94702.0,143045.0,52.24,-5795.0,-7.19715
31,2021,부여군하수도,2218.0,149281.0,151499.0,0.0,0.0,0.0,46293.0,119257.0,0.0,0.0,-14051.0,151499.0,0,0.0,0.0
32,2021,하남시하수도,23988.0,269042.0,293030.0,100.0,112.0,212.0,266432.0,78619.0,0.0,0.0,-52233.0,292818.0,0.07,64.1,43.34009
33,2021,서울에너지공사,57288.0,444318.0,501607.0,75111.0,95188.0,170298.0,501987.0,0.0,-104934.0,6.0,-65751.0,331308.0,51.4,36425.0,27.20937
34,2021,충주시시설관리공단,317.0,274.0,591.0,391.0,0.0,391.0,200.0,0.0,0.0,0.0,0.0,200.0,195.5,247.0,171.52778
35,2021,세종특별자치시시설관리공단,3596.0,0.0,3596.0,2539.0,57.0,2596.0,1000.0,0.0,0.0,0.0,0.0,1000.0,259.6,350.0,15.58326
36,2021,밀양시시설관리공단,641.0,0.0,641.0,117.0,224.0,341.0,300.0,0.0,0.0,0.0,0.0,300.0,113.67,-135.0,-28.36134
37,2021,군산시하수도,25385.0,498305.0,523691.0,5909.0,51857.0,57767.0,350948.0,279920.0,0.0,0.0,-164945.0,465924.0,12.4,5127.0,9.73784
38,2021,홍성군하수도,920.0,120287.0,121207.0,3997.0,52737.0,56734.0,29937.0,87208.0,0.0,0.0,-52672.0,64473.0,88,-3882.0,-6.40425
39,2021,동해시하수도,4344.0,140931.0,145275.0,0.0,0.0,0.0,124647.0,58221.0,0.0,0.0,-37594.0,145275.0,0,-0.04,-100.0
40,2021,원주시하수도,11367.0,480583.0,491950.0,6832.0,80234.0,87066.0,284742.0,266789.0,0.0,0.0,-146646.0,404884.0,21.5,-6585.0,-7.03143
41,2021,양주시하수도,20460.0,447985.0,468444.0,13.0,0.0,13.0,291924.0,296168.0,0.0,0.0,-119660.0,468432.0,0,1.0,8.33333
42,2021,서천군상수도,2573.0,93848.0,96421.0,86.0,798.0,884.0,60835.0,41179.0,0.0,0.0,-6476.0,95537.0,0.93,117.0,15.25424
43,2021,부여군상수도,6302.0,105141.0,111443.0,297.0,349.0,646.0,36773.0,84544.0,0.0,0.0,-10519.0,110798.0,0.58,-862.0,-57.1618
44,2021,금산군상수도,6483.0,78116.0,84600.0,553.0,0.0,553.0,42943.0,42666.0,0.0,0.0,-1562.0,84047.0,0.66,79.0,16.66667
45,2021,인천관광공사,22709.0,45820.0,68529.0,14871.0,0.0,14871.0,52030.0,0.0,0.0,0.0,1628.0,53658.0,27.71,-2857.0,-16.11575
46,2021,광명도시공사,23442.0,2688.0,26130.0,938.0,59.0,997.0,25000.0,0.0,0.0,0.0,133.0,25133.0,3.97,-721.0,-41.9674
47,2021,영덕군하수도,994.0,92881.0,93875.0,2649.0,20174.0,22822.0,54120.0,60182.0,0.0,0.0,-43250.0,71053.0,32.12,-2568.0,-10.11028
48,2021,문경시하수도,3308.0,172026.0,175334.0,5808.0,68881.0,74689.0,53460.0,149097.0,0.0,0.0,-101913.0,100645.0,74.21,-5585.0,-6.95742
49,2021,논산시하수도,14138.0,347038.0,361176.0,2393.0,17813.0,20205.0,197976.0,238881.0,0.0,0.0,-95886.0,340970.0,5.93,-2341.0,-10.37878
50,2021,과천시지식정보타운조성사업,126622.0,0.0,210622.0,6705.0,0.0,6705.0,57174.0,0.0,0.0,0.0,146743.0,203917.0,3.29,-7681.0,-53.39219
51,2021,아산시시설관리공단,1419.0,45.0,1464.0,664.0,0.0,664.0,800.0,0.0,0.0,0.0,0.0,800.0,83,-921.0,-58.10726
52,2021,장수한우지방공사,5684.0,2809.0,8493.0,1544.0,75.0,1619.0,7833.0,0.0,0.0,0.0,-959.0,6875.0,23.55,-152.0,-8.58272
53,2021,광주광역시광산구시설관리공단,907.0,245.0,1152.0,907.0,45.0,952.0,200.0,0.0,0.0,0.0,0.0,200.0,476,-1758.0,-64.87085
54,2021,대구광역시달성군시설관리공단,1255.0,280.0,1535.0,1140.0,95.0,1235.0,300.0,0.0,0.0,0.0,0.0,300.0,411.67,658.0,114.03813
55,2021,김해시도시개발공사,96550.0,36476.0,133026.0,39785.0,14828.0,54613.0,64738.0,0.0,0.0,0.0,13675.0,78412.0,69.65,-4253.0,-7.22488
56,2021,합천군상수도,8290.0,40607.0,48897.0,26.0,547.0,574.0,22955.0,36395.0,0.0,0.0,-11026.0,48323.0,1.19,-57.0,-9.19176
57,2021,성남도시개발공사,99007.0,38685.0,137692.0,14858.0,7239.0,22097.0,60091.0,0.0,0.0,0.0,55504.0,115595.0,19.12,-21993.0,-49.88206
58,2021,부여군시설관리공단,512.0,0.0,512.0,212.0,0.0,212.0,300.0,0.0,0.0,0.0,0.0,300.0,70.67,181.0,583.87097
59,2021,세종특별자치시하수도,11180.0,973200.0,984380.0,568.0,1075.0,1643.0,71080.0,1068442.0,0.0,0.0,-156785.0,982737.0,0.17,-555.0,-25.25023
60,2021,진천군하수도,10916.0,146830.0,157746.0,3256.0,25759.0,29015.0,16304.0,170023.0,0.0,0.0,-57597.0,128731.0,22.54,-3164.0,-9.8325
61,2021,진천군상수도,8265.0,88636.0,96901.0,15.0,72.0,87.0,55460.0,37091.0,0.0,0.0,4263.0,96814.0,0.09,-4.0,-4.3956
62,2021,울산광역시중구도시관리공단,277.0,58.0,335.0,235.0,0.0,235.0,100.0,0.0,0.0,0.0,0.0,100.0,235,-44.0,-15.77061
63,2021,이천시시설관리공단,474.0,110.0,584.0,174.0,0.0,174.0,300.0,110.0,0.0,0.0,0.0,410.0,42.44,32.0,22.53521
64,2021,부산관광공사,10448.0,3873.0,14321.0,2039.0,350.0,2389.0,23050.0,0.0,0.0,0.0,-11118.0,11932.0,20.02,-2110.0,-46.89931
65,2021,구리도시공사,55147.0,1215.0,56362.0,4084.0,192.0,4275.0,59150.0,0.0,0.0,0.0,-7064.0,52086.0,8.21,910.0,27.07281
66,2021,경상북도문화관광공사,131371.0,318463.0,449835.0,34385.0,78790.0,113175.0,217500.0,10670.0,-118295.0,175720.0,51064.0,336660.0,33.62,-32923.0,-22.53487
67,2021,제주에너지공사,11415.0,150798.0,162214.0,7545.0,10674.0,18219.0,130653.0,0.0,-154.0,0.0,13496.0,143995.0,12.65,-4705.0,-20.52434
68,2021,광양시하수도,6671.0,348428.0,355099.0,21.0,0.0,21.0,264701.0,304929.0,0.0,0.0,-214552.0,355078.0,0.01,-142.0,-87.11656
69,2021,세종특별자치시상수도,22192.0,382360.0,404552.0,2248.0,80460.0,82708.0,42841.0,300693.0,0.0,0.0,-21690.0,321844.0,25.7,66913.0,423.63406
70,2021,여수시하수도,18758.0,375524.0,394282.0,5181.0,48589.0,53770.0,230087.0,290129.0,0.0,0.0,-179704.0,340512.0,15.79,-5580.0,-9.40185
71,2021,옥천군하수도,1483.0,154194.0,155677.0,1844.0,12381.0,14225.0,82627.0,119142.0,0.0,0.0,-60316.0,141452.0,10.06,-1430.0,-9.13446
72,2021,남원시하수도,8080.0,231535.0,239616.0,0.0,541.0,541.0,116187.0,206302.0,0.0,0.0,-83414.0,239075.0,0.23,68.0,14.37632
73,2021,영광군하수도,2485.0,111726.0,114212.0,42.0,0.0,42.0,52490.0,100165.0,0.0,0.0,-38485.0,114169.0,0.04,-58.0,-58.0
74,2021,영광군상수도,16237.0,81769.0,98006.0,47.0,33.0,80.0,29582.0,86912.0,0.0,0.0,-18568.0,97926.0,0.08,13.0,19.40299
75,2021,거제해양관광개발공사,5356.0,52356.0,57711.0,2030.0,3600.0,5630.0,65530.0,379.0,0.0,0.0,-13827.0,52081.0,10.81,-1049.0,-15.70594
76,2021,대전관광공사,30979.0,226108.0,257087.0,13509.0,26315.0,39825.0,298447.0,992.0,0.0,0.0,-82177.0,217262.0,18.33,18239.0,84.48995
77,2021,양평군하수도,26266.0,329013.0,355279.0,93.0,37.0,129.0,288970.0,213836.0,0.0,0.0,-147656.0,355150.0,0.04,19.0,18.18182
78,2021,천안시시설관리공단(폐지),2576.0,73.0,2649.0,1649.0,0.0,1649.0,1000.0,0.0,0.0,0.0,0.0,1000.0,164.9,823.0,99.6368
79,2021,여주도시관리공단(폐지),461.0,0.0,461.0,254.0,7.0,261.0,200.0,0.0,0.0,0.0,0.0,200.0,130.5,-2.0,-0.76046
80,2021,영월군시설관리공단,180.0,0.0,180.0,80.0,0.0,80.0,100.0,0.0,0.0,0.0,0.0,100.0,80,-350.0,-81.39535
81,2021,계룡시하수도,3771.0,57146.0,60917.0,2343.0,18459.0,20802.0,46181.0,87197.0,0.0,0.0,-93263.0,40115.0,51.86,-2287.0,-9.90515
82,2021,의왕도시공사,27067.0,120561.0,147628.0,2115.0,76.0,2191.0,50161.0,0.0,0.0,0.0,95276.0,145437.0,1.51,203.0,10.21127
83,2021,고양도시관리공사,187230.0,105245.0,292474.0,38655.0,42718.0,81373.0,219604.0,0.0,-523.0,0.0,-7979.0,211102.0,38.55,56266.0,224.10483
84,2021,양양군상수도,824.0,81118.0,81942.0,40.0,189.0,229.0,37190.0,45214.0,0.0,0.0,-691.0,81713.0,0.28,111.0,94.0678
85,2021,계룡시상수도,19073.0,29385.0,48458.0,379.0,0.0,379.0,27260.0,17906.0,0.0,0.0,2912.0,48078.0,0.79,65.0,20.70064
86,2021,증평군하수도,3166.0,97412.0,100578.0,1927.0,11593.0,13520.0,40244.0,98987.0,0.0,0.0,-52172.0,87059.0,15.53,-1439.0,-9.61963
87,2021,고양시하수도,72814.0,694101.0,766915.0,326.0,1269.0,1595.0,641656.0,507462.0,0.0,0.0,-383799.0,765320.0,0.21,95.0,6.33333
88,2021,음성군하수도,5748.0,202243.0,207991.0,3065.0,27601.0,30666.0,61766.0,151573.0,0.0,0.0,-36013.0,177325.0,17.29,-2963.0,-8.81085
89,2021,김천시하수도,14891.0,65079.0,79970.0,169.0,0.0,169.0,52429.0,35384.0,0.0,0.0,-8011.0,79801.0,0.21,-39.0,-18.75
90,2021,화순군하수도,5640.0,124120.0,129760.0,0.0,0.0,0.0,26002.0,197439.0,0.0,0.0,-93681.0,129760.0,0,0.0,0.0
91,2021,화순군상수도,13628.0,148542.0,162170.0,19.0,156.0,175.0,22906.0,163271.0,0.0,0.0,-24182.0,161995.0,0.11,30.0,20.68966
92,2021,영동군상수도,5623.0,134941.0,140564.0,2.0,316.0,317.0,23270.0,141614.0,0.0,0.0,-24638.0,140246.0,0.23,-2.0,-0.31348
93,2021,포항시시설관리공단,582.0,0.0,582.0,382.0,0.0,382.0,200.0,0.0,0.0,0.0,0.0,200.0,191,-44.0,-10.32864
94,2021,춘천도시공사,18073.0,13221.0,31293.0,6257.0,1043.0,7300.0,23380.0,0.0,0.0,0.0,614.0,23994.0,30.42,3266.0,80.96182
95,2021,이천시하수도,49874.0,122968.0,172841.0,9.0,23.0,32.0,176921.0,60912.0,0.0,0.0,-65025.0,172809.0,0.02,8.0,33.33333
96,2021,강릉관광개발공사,3079.0,8397.0,11476.0,1841.0,0.0,1841.0,7226.0,0.0,0.0,0.0,2409.0,9635.0,19.11,500.0,37.28561
97,2021,보령시시설관리공단,1291.0,0.0,1291.0,991.0,0.0,991.0,300.0,0.0,0.0,0.0,0.0,300.0,330.33,110.0,12.48581
98,2021,당진도시공사,1288.0,2732.0,4020.0,276.0,20.0,296.0,4250.0,0.0,0.0,0.0,-526.0,3724.0,7.95,195.0,193.06931
99,2021,연천군하수도,19833.0,302023.0,321856.0,27.0,0.0,27.0,20494.0,352053.0,0.0,0.0,-50719.0,321829.0,0.01,-118.0,-81.37931
100,2021,칠곡군하수도,9914.0,291140.0,301053.0,5567.0,61860.0,67427.0,86926.0,251008.0,0.0,0.0,-104308.0,233626.0,28.86,-5410.0,-7.42754
101,2021,의령친환경골프장관리사업소,1546.0,6604.0,8151.0,35.0,0.0,35.0,0.0,6463.0,0.0,0.0,1653.0,8116.0,0.43,-5.0,-12.5
102,2021,경기도고덕국제화계획지구조성사업,142926.0,0.0,142926.0,118509.0,23150.0,141659.0,0.0,0.0,0.0,0.0,1267.0,1267.0,11180.66,10575.0,8.06735
103,2021,인천광역시제물포구시설관리공단,795.0,0.0,795.0,325.0,11.0,336.0,459.0,0.0,0.0,0.0,0.0,459.0,73.2,33.0,10.89109
104,2021,여수시도시관리공단,5713.0,30.0,5743.0,3930.0,1348.0,5278.0,500.0,136.0,0.0,0.0,-171.0,465.0,1135.05,-1161.0,-18.03075
105,2021,단양군상수도,3496.0,54411.0,57907.0,0.0,187.0,187.0,23583.0,48168.0,0.0,0.0,-14031.0,57720.0,0.32,-683.0,-78.50575
106,2021,영덕군상수도,3740.0,61439.0,65180.0,331.0,594.0,925.0,27405.0,56343.0,0.0,0.0,-19494.0,64255.0,1.44,13.0,1.42544
107,2021,양산시시설관리공단,433.0,0.0,433.0,233.0,0.0,233.0,200.0,0.0,0.0,0.0,0.0,200.0,116.5,17.0,7.87037
108,2021,동두천시하수도,14030.0,113158.0,127188.0,17.0,0.0,17.0,133438.0,76631.0,0.0,0.0,-82898.0,127171.0,0.01,5.0,41.66667
109,2021,부산광역시기장군도시관리공단,999.0,59.0,1058.0,558.0,0.0,558.0,500.0,0.0,0.0,0.0,0.0,500.0,111.6,96.0,20.77922
110,2021,함안지방공사,10486.0,211.0,10696.0,2283.0,124.0,2407.0,4000.0,0.0,0.0,0.0,4290.0,8290.0,29.03,84.0,3.61601
111,2021,의성군상수도,2174.0,239890.0,242064.0,0.0,0.0,0.0,27213.0,297830.0,0.0,0.0,-82980.0,242064.0,0,0.0,0.0
112,2021,안산도시공사,55126.0,179761.0,234887.0,23419.0,4661.0,28080.0,203014.0,0.0,0.0,0.0,3793.0,206807.0,13.58,3534.0,14.39746
113,2021,파주시하수도,71176.0,740262.0,811439.0,9437.0,125050.0,134487.0,224229.0,668134.0,0.0,0.0,-215411.0,676951.0,19.87,-4112.0,-2.96683
114,2021,포항시하수도,20760.0,971900.0,992660.0,16970.0,304564.0,321533.0,448504.0,635212.0,0.0,0.0,-412589.0,671126.0,47.91,-16117.0,-4.77299
115,2021,보령시하수도,28050.0,161540.0,189591.0,2390.0,24560.0,26950.0,96223.0,164825.0,0.0,0.0,-98407.0,162641.0,16.57,-3554.0,-11.65093
116,2021,제주관광공사,22542.0,16879.0,39422.0,7001.0,12036.0,19037.0,15000.0,0.0,0.0,4547.0,838.0,20385.0,93.39,-3840.0,-16.78542
117,2021,울주군시설관리공단,589.0,0.0,589.0,489.0,0.0,489.0,100.0,0.0,0.0,0.0,0.0,100.0,489,-292.0,-37.38796
118,2021,양평공사,2289.0,546.0,2836.0,1502.0,369.0,1870.0,29587.0,0.0,-35.0,0.0,-28587.0,965.0,193.78,-25832.0,-93.24598
119,2021,당진시하수도,39418.0,293755.0,333173.0,2951.0,26278.0,29229.0,86108.0,330943.0,0.0,0.0,-113107.0,303944.0,9.62,-2883.0,-8.97795
120,2021,평택도시공사,1372264.0,41709.0,1413973.0,756460.0,156123.0,912583.0,389033.0,0.0,0.0,0.0,112358.0,501391.0,182.01,69994.0,8.30702
121,2021,강화군시설관리공단,2176.0,0.0,2176.0,1203.0,5.0,1208.0,968.0,0.0,0.0,0.0,0.0,968.0,124.79,981.0,432.15859
122,2021,군포도시공사,31624.0,794.0,32418.0,1088.0,0.0,1088.0,31570.0,0.0,0.0,0.0,-241.0,31329.0,3.47,554.0,103.74532
123,2021,전주시시설관리공단,976.0,685.0,1661.0,652.0,216.0,868.0,1100.0,0.0,0.0,0.0,-307.0,793.0,109.46,230.0,36.05016
124,2021,화성도시공사,164585.0,51540.0,216125.0,43829.0,4739.0,48567.0,173777.0,0.0,-392.0,0.0,-5827.0,167558.0,28.99,12355.0,34.12129
125,2021,화성시하수도,65642.0,551230.0,616873.0,28.0,0.0,28.0,130964.0,663614.0,0.0,0.0,-177733.0,616845.0,0,-190.0,-87.15596
126,2021,울산광역시남구도시관리공단,209.0,0.0,209.0,59.0,0.0,59.0,150.0,0.0,0.0,0.0,0.0,150.0,39.33,-118.0,-66.66667
127,2021,강릉시하수도,12581.0,357584.0,370164.0,5016.0,42057.0,47073.0,100602.0,353406.0,0.0,0.0,-130917.0,323092.0,14.57,-4884.0,-9.40008
128,2021,인천경제자유구역청,2706373.0,2.1517145E7,2.4223519E7,251796.0,135024.0,386820.0,39.0,1.3649172E7,0.0,0.0,1.0187487E7,2.3836698E7,1.62,-47880.0,-11.01449
129,2021,거제시하수도,29942.0,322448.0,352389.0,0.0,362.0,362.0,99367.0,360158.0,0.0,0.0,-107498.0,352027.0,0.1,-102.0,-21.98276
130,2021,노원구시설관리공단,1547.0,0.0,1547.0,1097.0,0.0,1097.0,450.0,0.0,0.0,0.0,0.0,450.0,243.78,247.0,29.05882
131,2021,남양주도시공사,97225.0,82023.0,179248.0,96699.0,0.0,96699.0,84224.0,0.0,-161.0,0.0,-1514.0,82550.0,117.14,4176.0,4.51347
132,2021,중구시설관리공단,1475.0,346.0,1820.0,1070.0,0.0,1070.0,750.0,0.0,0.0,0.0,0.0,750.0,142.67,-122.0,-10.2349
133,2021,함안군상수도,6596.0,112807.0,119403.0,128.0,178.0,306.0,22015.0,117115.0,0.0,0.0,-20033.0,119097.0,0.26,-235.0,-43.43808
134,2021,통영관광개발공사,9847.0,27416.0,37263.0,700.0,312.0,1012.0,31292.0,0.0,0.0,0.0,4958.0,36251.0,2.79,173.0,20.61979
135,2021,영양고추유통공사,29944.0,12421.0,42365.0,24962.0,0.0,24962.0,25839.0,0.0,0.0,0.0,-8435.0,17403.0,143.44,5052.0,25.37418
136,2021,음성군상수도,4865.0,119542.0,124407.0,2.0,19.0,21.0,35120.0,88864.0,0.0,0.0,403.0,124387.0,0.02,4.0,23.52941
137,2021,울산광역시도시공사,359294.0,198207.0,567539.0,110374.0,176447.0,286820.0,140000.0,17.0,0.0,32558.0,108144.0,280718.0,102.17,58395.0,25.56463
138,2021,문경관광진흥공단(폐지),304.0,0.0,304.0,204.0,0.0,204.0,100.0,0.0,0.0,0.0,0.0,100.0,204,50.0,32.46753
139,2021,부안군상수도,5649.0,51996.0,57645.0,153.0,285.0,438.0,42944.0,31210.0,0.0,0.0,-16947.0,57207.0,0.77,109.0,33.1307
140,2021,관악구시설관리공단,875.0,424.0,1299.0,599.0,0.0,599.0,700.0,0.0,0.0,0.0,0.0,700.0,85.57,0.0,0.0
141,2021,안동시시설관리공단,627.0,0.0,627.0,427.0,0.0,427.0,200.0,0.0,0.0,0.0,0.0,200.0,213.5,29.0,7.28643
142,2021,인천환경공단,12022.0,0.0,12022.0,10522.0,0.0,10522.0,1500.0,0.0,0.0,0.0,0.0,1500.0,701.47,2515.0,31.41002
143,2021,제천시하수도,11075.0,342612.0,353687.0,7096.0,93399.0,100495.0,25345.0,364159.0,0.0,0.0,-136311.0,253192.0,39.69,-6570.0,-6.13646
144,2021,은평구시설관리공단,641.0,108.0,749.0,249.0,0.0,249.0,500.0,0.0,0.0,0.0,0.0,500.0,49.8,-34.0,-12.01413
145,2021,충주시하수도,23780.0,378306.0,402087.0,5161.0,60217.0,65378.0,137140.0,373731.0,0.0,0.0,-174162.0,336709.0,19.42,-5155.0,-7.30864
146,2021,충청남도개발공사,697128.0,199849.0,1001572.0,215658.0,226223.0,441881.0,342493.0,0.0,-340.0,0.0,217538.0,559691.0,78.95,-38400.0,-7.99532
147,2021,창원레포츠파크,1020.0,294.0,1313.0,712.0,0.0,712.0,600.0,0.0,0.0,0.0,2.0,602.0,118.27,325.0,83.97933
148,2021,부산지방공단스포원(부산시설공단 통합),7530.0,7620.0,15149.0,7522.0,7627.0,15149.0,0.0,0.0,0.0,0.0,0.0,0.0,0,4205.0,38.42288
149,2021,광주환경공단,3911.0,133.0,4043.0,3532.0,11.0,3543.0,500.0,0.0,0.0,0.0,0.0,500.0,708.6,2121.0,149.15612
150,2021,대구공공시설관리공단,11751.0,580091.0,591841.0,6684.0,87.0,6772.0,394650.0,199731.0,0.0,0.0,-9311.0,585070.0,1.16,393.0,6.14516
151,2021,부산환경공단,13360.0,46.0,13407.0,13407.0,0.0,13407.0,0.0,0.0,0.0,0.0,0.0,0.0,0,3997.0,42.47609
152,2021,창원시설공단,7888.0,0.0,7888.0,1389.0,4499.0,5888.0,2000.0,0.0,0.0,0.0,0.0,2000.0,294.4,1969.0,50.24241
153,2021,구미시설공단(폐지),2378.0,1472.0,3850.0,3349.0,0.0,3349.0,501.0,0.0,0.0,0.0,0.0,501.0,668.46,1744.0,108.66044
154,2021,청주시시설관리공단,1403.0,70.0,1473.0,960.0,13.0,973.0,500.0,0.0,0.0,0.0,0.0,500.0,194.6,-104.0,-9.65645
155,2021,정선군시설관리공단,114.0,0.0,114.0,14.0,0.0,14.0,100.0,0.0,0.0,0.0,0.0,100.0,14,13.82,7677.77778
156,2021,동해시시설관리공단,893.0,280.0,1173.0,652.0,0.0,652.0,543.0,0.0,0.0,0.0,-22.0,521.0,125.14,308.0,89.53488
157,2021,속초시시설관리공단,999.0,4.0,1003.0,703.0,0.0,703.0,300.0,0.0,0.0,0.0,0.0,300.0,234.33,38.0,5.71429
158,2021,연천군시설관리공단,443.0,0.0,443.0,233.0,0.0,233.0,210.0,0.0,0.0,0.0,0.0,210.0,110.95,14.0,6.39269
159,2021,가평군시설관리공단,1125.0,0.0,1125.0,901.0,23.0,925.0,200.0,0.0,0.0,0.0,0.0,200.0,462.5,501.0,117.92453
160,2021,의정부시시설관리공단(폐지),4323.0,3942.0,8266.0,2502.0,3764.0,6266.0,2000.0,0.0,0.0,0.0,0.0,2000.0,313.3,-4810.0,-43.42723
161,2021,오산시시설관리공단(폐지),251.0,4.0,255.0,55.0,0.0,55.0,200.0,0.0,0.0,0.0,0.0,200.0,27.5,-90.0,-62.06897
162,2021,안성시시설관리공단,2421.0,66.0,2487.0,2272.0,165.0,2437.0,50.0,0.0,0.0,0.0,0.0,50.0,4874,534.0,28.06096
163,2021,시흥도시공사,236337.0,59.0,236396.0,10850.0,59908.0,70758.0,165716.0,0.0,-393.0,0.0,315.0,165639.0,42.72,61572.0,670.28086
164,2021,부천도시공사,133130.0,4743.0,137874.0,34044.0,3208.0,37252.0,102310.0,0.0,-340.0,0.0,-1348.0,100622.0,37.02,-1941.0,-4.95241
165,2021,수원도시공사,82683.0,3128.0,85811.0,11583.0,0.0,11583.0,76365.0,0.0,0.0,0.0,-2137.0,74228.0,15.6,-3231.0,-21.81045
166,2021,울산시설공단,1572.0,65.0,1638.0,916.0,152.0,1068.0,570.0,0.0,0.0,0.0,0.0,570.0,187.37,542.0,103.04183
167,2021,대전광역시시설관리공단,9230.0,45.0,9274.0,6431.0,633.0,7063.0,1500.0,0.0,0.0,0.0,711.0,2211.0,319.45,2467.0,53.69887
168,2021,인천광역시서구시설관리공단,1661.0,0.0,1661.0,961.0,0.0,961.0,700.0,0.0,0.0,0.0,0.0,700.0,137.29,84.0,9.57811
169,2021,인천광역시계양구시설관리공단,667.0,114.0,781.0,335.0,20.0,356.0,425.0,0.0,0.0,0.0,0.0,425.0,83.76,78.0,27.69784
170,2021,인천광역시부평구시설관리공단,1534.0,1.0,1535.0,734.0,401.0,1135.0,400.0,0.0,0.0,0.0,0.0,400.0,283.75,440.0,63.30935
171,2021,남동구도시관리공단,771.0,2.0,773.0,373.0,0.0,373.0,400.0,0.0,0.0,0.0,0.0,400.0,93.25,-57.0,-13.25581
172,2021,인천광역시미추홀구시설관리공단,880.0,51.0,931.0,413.0,18.0,431.0,500.0,0.0,0.0,0.0,0.0,500.0,86.2,-140.0,-24.51839
173,2021,인천시설공단,14942.0,6238.0,21181.0,10599.0,0.0,10599.0,6911.0,0.0,3670.0,0.0,0.0,10581.0,100.17,-3826.0,-26.5234
174,2021,대구시설공단(대구공공시설관리공단 통합),12372.0,7418.0,19790.0,5921.0,581.0,6502.0,11201.0,0.0,0.0,0.0,2087.0,13288.0,48.93,-479.0,-6.86148
175,2021,부산시설공단,36282.0,23395.0,59676.0,14742.0,37769.0,52510.0,2779.0,0.0,0.0,0.0,4387.0,7166.0,732.77,5257.0,11.12734
176,2021,중랑구시설관리공단,786.0,31.0,817.0,536.0,31.0,567.0,250.0,0.0,0.0,0.0,0.0,250.0,226.8,-42.2974,-6.94199
177,2021,종로구시설관리공단,1715.0,101.0,1816.0,958.0,0.0,958.0,500.0,359.0,0.0,0.0,0.0,859.0,111.53,133.0,16.12121
178,2021,용산구시설관리공단,1229.0,0.0,1229.0,709.0,19.0,729.0,500.0,0.0,0.0,0.0,0.0,500.0,145.8,128.0,21.13145
179,2021,영등포구시설관리공단,2351.0,464.0,2815.0,861.0,0.0,861.0,1953.0,0.0,0.0,0.0,0.0,1953.0,44.09,-60.0,-6.51466
180,2021,양천구시설관리공단,1274.0,387.0,1661.0,661.0,0.0,661.0,1000.0,0.0,0.0,0.0,0.0,1000.0,66.1,-76.0,-10.31208
181,2021,송파구시설관리공단,1636.0,3169.0,4805.0,2185.0,3.0,2188.0,2617.0,0.0,0.0,0.0,0.0,2617.0,83.61,1155.0,111.81026
182,2021,성북구도시관리공단,2346.0,37.0,2383.0,1918.0,65.0,1983.0,400.0,0.0,0.0,0.0,0.0,400.0,495.75,1031.0,108.29832
183,2021,성동구도시관리공단,1517.0,155.0,1671.0,1071.0,0.0,1071.0,600.0,0.0,0.0,0.0,0.0,600.0,178.5,239.0,28.72596
184,2021,서대문구도시관리공단,795.0,478.0,1273.0,593.0,0.0,593.0,680.0,0.0,0.0,0.0,0.0,680.0,87.21,-658.0,-52.59792
185,2021,마포구시설관리공단,2083.0,497.0,2580.0,1780.0,0.0,1780.0,800.0,0.0,0.0,0.0,0.0,800.0,222.5,284.0,18.98396
186,2021,동작구시설관리공단,690.0,495.0,1185.0,492.0,-7.0,485.0,700.0,0.0,0.0,0.0,0.0,700.0,69.29,224.0,85.82375
187,2021,동대문구시설관리공단,1385.0,9.0,1394.0,484.0,109.0,594.0,800.0,0.0,0.0,0.0,0.0,800.0,74.25,-208.0,-26.05985
188,2021,도봉구시설관리공단,1375.0,40.0,1415.0,915.0,0.0,915.0,500.0,0.0,0.0,0.0,0.0,500.0,183,-155.0,-14.48598
189,2021,금천구시설관리공단,934.0,94.0,1027.0,527.0,0.0,527.0,500.0,0.0,0.0,0.0,0.0,500.0,105.4,186.0,54.54545
190,2021,구로구시설관리공단,999.0,179.0,1178.0,675.0,4.0,678.0,500.0,0.0,0.0,0.0,0.0,500.0,135.6,38.0,6.09375
191,2021,광진구시설관리공단,879.0,0.0,879.0,479.0,0.0,479.0,400.0,0.0,0.0,0.0,0.0,400.0,119.75,-116.0,-19.4958
192,2021,강서구시설관리공단,1909.0,54.0,1962.0,942.0,20.0,962.0,1000.0,0.0,0.0,0.0,0.0,1000.0,96.2,-137.0,-12.46588
193,2021,강북구도시관리공단,711.0,6.0,717.0,457.0,0.0,457.0,260.0,0.0,0.0,0.0,0.0,260.0,175.77,-368.0,-44.60606
194,2021,강동구도시관리공단,1325.0,540.0,1865.0,1265.0,0.0,1265.0,600.0,0.0,0.0,0.0,0.0,600.0,210.83,-411.0,-24.52267
195,2021,강남구도시관리공단,1588.0,504.0,2092.0,822.0,70.0,892.0,1200.0,0.0,0.0,0.0,0.0,1200.0,74.33,187.0,26.52482
196,2021,서울시설공단,187890.0,27776.0,215665.0,67038.0,119539.0,186577.0,26435.0,2653.0,0.0,0.0,0.0,29088.0,641.42,18998.0,11.33674
197,2021,창녕군시설관리공단,1980.0,58.0,2038.0,1581.0,0.0,1581.0,300.0,0.0,0.0,0.0,157.0,457.0,345.95,215.0,15.73939
198,2021,청도공영사업공사,1362.0,2559.0,3921.0,960.0,1237.0,2197.0,1498.0,0.0,0.0,0.0,226.0,1724.0,127.44,537.0,32.3494
199,2021,하남도시공사,535494.0,79024.0,614518.0,236673.0,35682.0,272354.0,178000.0,0.0,0.0,0.0,164163.0,342163.0,79.6,213734.0,364.61105
200,2021,용인도시공사,279183.0,24182.0,303365.0,174016.0,157.0,174173.0,118600.0,0.0,0.0,0.0,10592.0,129192.0,134.82,-66775.0,-27.71345
201,2021,경기평택항만공사,19235.0,93967.0,113202.0,9997.0,2613.0,12610.0,91686.0,0.0,0.0,0.0,8907.0,100592.0,12.54,3616.0,40.20458
202,2021,광주도시관리공사,65112.0,2076.0,67189.0,33009.0,544.0,33553.0,30000.0,0.0,0.0,0.0,3636.0,33636.0,99.75,6584.0,24.41322
203,2021,경기관광공사,18827.0,96556.0,115383.0,7789.0,129.0,7918.0,111280.0,0.0,0.0,0.0,-3815.0,107465.0,7.37,-11853.0,-59.95144
204,2021,구리농수산물공사,22510.0,177559.0,200069.0,814.0,11797.0,12612.0,188562.0,0.0,0.0,0.0,-1104.0,187457.0,6.73,-871.0,-6.4674
205,2021,광주광역시 관광공사,2729.0,137524.0,140253.0,1632.0,277.0,1909.0,175201.0,0.0,0.0,0.0,-36857.0,138344.0,1.38,273.0,16.68704
206,2021,서울특별시농수산식품공사,149633.0,960648.0,1110281.0,76356.0,71037.0,147394.0,820622.0,2308.0,0.0,0.0,139958.0,962888.0,15.31,16883.0,12.93531
207,2021,제주특별자치도개발공사,421713.0,268886.0,690599.0,87980.0,77685.0,165665.0,68906.0,72.0,0.0,0.0,455957.0,524934.0,31.56,30952.0,22.97625
208,2021,경남개발공사,790845.0,325014.0,1115859.0,290701.0,368265.0,658966.0,137929.0,0.0,0.0,90218.0,228745.0,456892.0,144.23,-19112.0,-2.81855
209,2021,경상북도개발공사,967603.0,45573.0,1085825.0,191158.0,57465.0,248624.0,283438.0,33.0,0.0,0.0,553730.0,837202.0,29.7,1516.0,0.61309
210,2021,전남개발공사,890035.0,173298.0,1063333.0,116877.0,252827.0,369704.0,390694.0,111837.0,0.0,37.0,191061.0,693629.0,53.3,-65373.0,-15.02562
211,2021,전북개발공사,225844.0,67646.0,719377.0,34860.0,344464.0,379324.0,137378.0,0.0,0.0,0.0,202675.0,340053.0,111.55,13510.0,3.69313
212,2021,충북개발공사,699050.0,4593.0,703643.0,299893.0,103140.0,403033.0,130176.0,0.0,0.0,0.0,170435.0,300611.0,134.07,49884.0,14.12548
213,2021,강원개발공사,271799.0,1109464.0,1408035.0,257399.0,1010175.0,1267574.0,336507.0,0.0,0.0,231826.0,-427872.0,140461.0,902.44,2596.0,0.20522
214,2021,경기주택도시공사,7907806.0,2405415.0,1.0677561E7,3821407.0,2215348.0,6036755.0,1731111.0,5544.0,0.0,0.0,2904152.0,4640806.0,130.08,811288.0,15.52566
215,2021,대전도시공사,839439.0,209367.0,1048806.0,259280.0,335216.0,594496.0,230913.0,0.0,-100.0,0.0,223497.0,454310.0,130.86,25722.0,4.52236
216,2021,광주광역시도시공사,692517.0,178102.0,1094408.0,136507.0,513395.0,649903.0,195256.0,27118.0,0.0,0.0,222132.0,444506.0,146.21,202491.0,45.25806
217,2021,인천도시공사,7042057.0,1226362.0,8803009.0,2952738.0,2959762.0,5912500.0,2852717.0,0.0,-382223.0,64685.0,355330.0,2890509.0,204.55,-285194.0,-4.60161
218,2021,대구도시개발공사,1622230.0,285300.0,1920148.0,700015.0,525556.0,1225571.0,272297.0,0.0,0.0,0.0,422280.0,694577.0,176.45,-60225.0,-4.68387
219,2021,부산도시공사,1985466.0,975940.0,2961407.0,230352.0,806264.0,1036616.0,620489.0,0.0,0.0,67872.0,1236429.0,1924790.0,53.86,-100377.0,-8.82829
220,2021,서울주택도시개발공사,6801415.0,2.0346747E7,2.7148161E7,3579631.0,1.4054462E7,1.7634093E7,7119510.0,0.0,-8151.0,-1624.0,2404333.0,9514068.0,185.35,104185.0,0.59433
221,2021,대전교통공사,15792.0,1415646.0,1431437.0,8151.0,35802.0,43953.0,2100342.0,0.0,0.0,0.0,-712858.0,1387484.0,3.17,7721.0,21.30989
222,2021,광주교통공사,17365.0,1135964.0,1153330.0,5804.0,40804.0,46608.0,1764329.0,0.0,0.0,0.0,-657607.0,1106722.0,4.21,6591.0,16.4705
223,2021,인천교통공사,100832.0,4294012.0,4394844.0,41200.0,255843.0,297044.0,4364182.0,673537.0,847773.0,0.0,-1787692.0,4097800.0,7.25,70246.0,30.9725
224,2021,대구교통공사,106886.0,4218212.0,4325098.0,192928.0,414539.0,607466.0,6376355.0,305743.0,18156.0,56.0,-2982677.0,3717632.0,16.34,74988.0,14.08302
225,2021,부산교통공사,96269.0,4041230.0,4137499.0,282462.0,982518.0,1264981.0,5139780.0,0.0,0.0,0.0,-2267262.0,2872518.0,44.04,86535.0,7.34306
226,2021,진주시공영개발,201221.0,2025.0,203246.0,4195.0,0.0,4195.0,10000.0,0.0,0.0,0.0,189051.0,199051.0,2.11,-272427.0,-98.48349
227,2021,창원시주택건설사업,3433.0,68180.0,71613.0,0.0,33708.0,33708.0,13127.0,32229.0,0.0,0.0,-7452.0,37905.0,88.93,1114.0,3.41781
228,2021,광양시공영개발,30562.0,100505.0,131067.0,0.0,0.0,0.0,42.0,7017.0,0.0,0.0,124008.0,131067.0,0,0.0,0.0
229,2021,순천시공영개발,67607.0,476.0,68083.0,1.0,0.0,1.0,0.0,0.0,0.0,0.0,68082.0,68082.0,0,0.0,0.0
230,2021,목포시공영개발,103627.0,7436.0,111063.0,1069.0,0.0,1069.0,0.0,285.0,0.0,0.0,109710.0,109995.0,0.97,52.0,5.11308
231,2021,익산시공영개발,178266.0,3200.0,181466.0,31744.0,0.0,31744.0,400.0,112227.0,0.0,0.0,37094.0,149721.0,21.2,-1065.0,-3.24606
232,2021,계룡시공영개발,44467.0,19319.0,63786.0,4644.0,0.0,4644.0,0.0,10865.0,0.0,0.0,48277.0,59142.0,7.85,4644.0,0.0
233,2021,세종특별자치시공영개발,50121.0,107447.0,157568.0,2400.0,2025.0,4425.0,0.0,4992.0,0.0,101138.0,47014.0,153143.0,2.89,1926.0,77.07083
234,2021,아산시공영개발,736.0,3614.0,4350.0,0.0,0.0,0.0,0.0,32322.0,0.0,0.0,-27972.0,4350.0,0,0.0,0.0
235,2021,천안시공영개발,131186.0,0.0,131186.0,29.0,0.0,29.0,127.0,0.0,0.0,0.0,131030.0,131157.0,0.02,0.0,0.0
236,2021,음성군공영개발,56855.0,585.0,57441.0,14952.0,120.0,15072.0,0.0,29346.0,0.0,0.0,13023.0,42369.0,35.57,14834.0,6232.77311
237,2021,충주시공영개발,105851.0,6248.0,112099.0,1417.0,0.0,1417.0,0.0,77374.0,0.0,0.0,33309.0,110682.0,1.28,-1767.0,-55.49623
238,2021,강릉시공영개발,20134.0,60190.0,80324.0,1200.0,0.0,1200.0,0.0,104418.0,0.0,0.0,-25294.0,79124.0,1.52,206.0,20.72435
239,2021,원주시공영개발,94530.0,38742.0,133271.0,11082.0,0.0,11082.0,14450.0,3217.0,0.0,0.0,104521.0,122189.0,9.07,8150.0,277.96726
240,2021,춘천시공영개발,6234.0,269987.0,276222.0,1.0,0.0,1.0,236.0,207743.0,0.0,314.0,67927.0,276220.0,0,1.0,0.0
241,2021,경기도판교테크노밸리조성사업,160229.0,313231.0,473460.0,37.0,0.0,37.0,0.0,0.0,0.0,0.0,473424.0,473424.0,0.01,1.0,2.77778
242,2021,안성시공영개발,76904.0,1.0,76905.0,1766.0,129.0,1895.0,5737.0,9621.0,0.0,0.0,59652.0,75010.0,2.53,-810.0,-29.94455
243,2021,의왕시공영개발,44940.0,1715.0,46655.0,31018.0,0.0,31018.0,0.0,190.0,0.0,0.0,15447.0,15637.0,198.36,31017.8,1.723212222222E7
244,2021,시흥시공영개발,360124.0,332382.0,692506.0,278558.0,3.0,278561.0,3.0,113196.0,0.0,0.0,300745.0,413945.0,67.29,-50661.0,-15.3881
245,2021,의정부시공영개발,96258.0,29794.0,126052.0,195.0,0.0,195.0,0.0,14490.0,0.0,0.0,111367.0,125857.0,0.15,195.0,0.0
246,2021,성남시공영개발,79655.0,46209.0,125864.0,86.0,7644.0,7729.0,103.0,22965.0,0.0,0.0,95067.0,118135.0,6.54,2866.0,58.95538
247,2021,제주특별자치도하수도,83267.0,1601399.0,1684666.0,43531.0,476745.0,520276.0,640567.0,1440180.0,0.0,0.0,-916357.0,1164390.0,44.68,20572.0,4.11684
248,2021,창녕군하수도,10384.0,183778.0,194162.0,0.0,0.0,0.0,30746.0,229869.0,0.0,0.0,-66452.0,194162.0,0,0.0,0.0
249,2021,양산시하수도,38523.0,374495.0,413018.0,8.0,60663.0,60671.0,233102.0,239127.0,0.0,0.0,-119882.0,352347.0,17.22,-5319.0,-8.06031
250,2021,밀양시하수도,10843.0,353126.0,363969.0,1.0,0.0,1.0,57659.0,397284.0,0.0,0.0,-90975.0,363967.0,0,1.0,0.0
251,2021,통영시하수도,1013.0,114218.0,115231.0,4691.0,60555.0,65246.0,89836.0,81208.0,0.0,0.0,-121059.0,49984.0,130.53,-4530.0,-6.4922
252,2021,거창군하수도,11572.0,154566.0,166138.0,2641.0,18474.0,21114.0,34837.0,154701.0,0.0,0.0,-44514.0,145024.0,14.56,-1703.0,-7.45935
253,2021,사천시하수도,7066.0,212820.0,219886.0,0.0,9.0,9.0,119493.0,239174.0,0.0,0.0,-138790.0,219877.0,0,9.0,0.0
254,2021,김해시하수도,97475.0,585023.0,682497.0,13754.0,134272.0,148026.0,47719.0,746299.0,0.0,0.0,-259548.0,534471.0,27.7,-13092.0,-8.12572
255,2021,진주시하수도,35826.0,505411.0,541237.0,9996.0,119840.0,129836.0,86268.0,612332.0,0.0,0.0,-287200.0,411401.0,31.56,-9997.0,-7.14924
256,2021,창원시하수도,58840.0,689924.0,748764.0,54.0,88238.0,88292.0,363381.0,659397.0,0.0,0.0,-362306.0,660472.0,13.37,-7945.0,-8.25566
257,2021,영주시하수도,7083.0,175634.0,182717.0,9048.0,89198.0,98247.0,22496.0,218405.0,0.0,0.0,-156431.0,84470.0,116.31,-6047.0,-5.79899
258,2021,상주시하수도,13031.0,98362.0,111393.0,8413.0,73961.0,82374.0,29200.0,246574.0,0.0,0.0,-246755.0,29019.0,283.86,-7458.0,-8.30216
259,2021,경산시하수도,12273.0,221483.0,233756.0,0.0,0.0,0.0,21730.0,388184.0,0.0,0.0,-176158.0,233756.0,0,0.0,0.0
260,2021,영천시하수도,17470.0,254182.0,271653.0,0.0,160.0,160.0,73738.0,310931.0,0.0,0.0,-113176.0,271493.0,0.06,11.0,7.38255
261,2021,안동시하수도,17981.0,342215.0,360196.0,9.0,0.0,9.0,62353.0,446860.0,0.0,0.0,-149025.0,360187.0,0,-245.0,-96.45669
262,2021,구미시하수도,50434.0,670476.0,720910.0,21.0,47703.0,47724.0,81011.0,851794.0,0.0,0.0,-259619.0,673186.0,7.09,-3050.0,-6.00701
263,2021,경주시하수도,9544.0,377022.0,386566.0,10982.0,108115.0,119097.0,8468.0,713111.0,0.0,0.0,-454110.0,267469.0,44.53,-10698.0,-8.24223
264,2021,영암군하수도,12183.0,214409.0,226593.0,0.0,0.0,0.0,70348.0,258874.0,0.0,0.0,-102629.0,226593.0,0,0.0,0.0
265,2021,나주시하수도,6081.0,227797.0,233877.0,2626.0,39152.0,41778.0,19637.0,289766.0,0.0,0.0,-117304.0,192099.0,21.75,-2468.0,-5.57791
266,2021,순천시하수도,41903.0,456503.0,498406.0,4949.0,59905.0,64854.0,261570.0,431817.0,-172.0,0.0,-259664.0,433552.0,14.96,-3017.0,-4.4452
267,2021,목포시하수도,28164.0,429829.0,457994.0,9553.0,83398.0,92951.0,175428.0,470560.0,0.0,0.0,-280945.0,365043.0,25.46,-9257.0,-9.05702
268,2021,정읍시하수도,9077.0,184304.0,193381.0,36.0,24065.0,24102.0,97047.0,268501.0,0.0,0.0,-196269.0,169279.0,14.24,-2882.0,-10.68411
269,2021,익산시하수도,17713.0,405887.0,423600.0,7056.0,92077.0,99133.0,92233.0,468774.0,823.0,0.0,-237362.0,324467.0,30.55,-6356.0,-6.02527
270,2021,완주군하수도,10699.0,20254.0,30952.0,0.0,0.0,0.0,16341.0,25088.0,0.0,0.0,-10477.0,30952.0,0,0.0,0.0
271,2021,전주시하수도,70289.0,560684.0,630973.0,8709.0,67408.0,76117.0,83820.0,676976.0,0.0,0.0,-205940.0,554856.0,13.72,-8467.0,-10.01017
272,2021,서산시하수도,23919.0,321472.0,345391.0,4538.0,52385.0,56923.0,55535.0,400209.0,0.0,0.0,-167276.0,288468.0,19.73,-4243.0,-6.93686
273,2021,아산시하수도,11763.0,567446.0,579209.0,5814.0,47367.0,53180.0,58570.0,588881.0,0.0,0.0,-121422.0,526029.0,10.11,115.0,0.2186
274,2021,천안시하수도,113147.0,648581.0,761728.0,10372.0,108574.0,118945.0,357618.0,709661.0,0.0,0.0,-424496.0,642783.0,18.5,-10010.0,-7.76162
275,2021,공주시하수도,10261.0,271365.0,281626.0,7009.0,7047.0,14056.0,82807.0,299708.0,0.0,0.0,-114945.0,267570.0,5.25,14010.0,30456.52174
276,2021,청주시하수도,92303.0,795043.0,887346.0,2003.0,16836.0,18839.0,383734.0,712177.0,0.0,0.0,-227404.0,868507.0,2.17,-587.0,-3.02172
277,2021,속초시하수도,6606.0,156584.0,163190.0,18.0,5348.0,5366.0,129351.0,182482.0,0.0,0.0,-154009.0,157824.0,3.4,37.0,0.69431
278,2021,춘천시하수도,33260.0,486955.0,520214.0,5796.0,82318.0,88114.0,50600.0,722348.0,0.0,0.0,-340849.0,432100.0,20.39,-5464.0,-5.83898
279,2021,가평군하수도,8119.0,325651.0,333770.0,24.0,84.0,108.0,75220.0,301347.0,0.0,0.0,-42905.0,333662.0,0.03,38.0,54.28571
280,2021,김포시하수도,12167.0,402441.0,414608.0,7994.0,135513.0,143506.0,75002.0,466210.0,0.0,0.0,-270110.0,271102.0,52.93,68095.0,90.29982
281,2021,안양시하수도,102351.0,703698.0,806050.0,1432.0,8084.0,9516.0,163550.0,705218.0,0.0,0.0,-72235.0,796533.0,1.19,8321.0,696.31799
282,2021,평택시하수도,44374.0,911090.0,955465.0,7377.0,100319.0,107695.0,171456.0,937087.0,0.0,0.0,-260774.0,847769.0,12.7,-7513.0,-6.52038
283,2021,광주시하수도,96276.0,501775.0,598051.0,113.0,378.0,491.0,218600.0,502014.0,0.0,0.0,-123055.0,597559.0,0.08,-4.0,-0.80808
284,2021,안성시하수도,21436.0,346521.0,367957.0,3385.0,44811.0,48195.0,33313.0,412688.0,0.0,0.0,-126240.0,319762.0,15.07,-3272.0,-6.35553
285,2021,남양주시하수도,32625.0,599938.0,632564.0,33.0,566.0,599.0,222725.0,586681.0,0.0,0.0,-177442.0,631964.0,0.09,-97.0,-13.93678
286,2021,의왕시하수도,32514.0,93058.0,125572.0,1193.0,362.0,1556.0,57612.0,90265.0,0.0,0.0,-23861.0,124016.0,1.25,382.0,32.45315
287,2021,용인시하수도,78818.0,1185539.0,1264357.0,9320.0,99444.0,108764.0,213296.0,1307681.0,0.0,0.0,-365384.0,1155593.0,9.41,-9667.0,-8.16256
288,2021,군포시하수도,36746.0,71379.0,108125.0,27.0,183.0,209.0,43605.0,90968.0,0.0,0.0,-26658.0,107915.0,0.19,9.0,5.0
289,2021,여주시하수도,6937.0,151051.0,157988.0,143.0,0.0,143.0,43519.0,144488.0,0.0,0.0,-30161.0,157845.0,0.09,-73.0,-33.7963
290,2021,오산시하수도,52324.0,245752.0,298076.0,52.0,0.0,52.0,76838.0,320929.0,0.0,0.0,-99743.0,298024.0,0.02,-6.0,-10.34483
291,2021,포천시하수도,19060.0,493867.0,512927.0,9.0,0.0,9.0,52230.0,657223.0,0.0,0.0,-196536.0,512918.0,0,0.0,0.0
292,2021,시흥시하수도,40656.0,451348.0,492004.0,26018.0,40152.0,66170.0,136568.0,365419.0,0.0,0.0,-76153.0,425834.0,15.54,21960.0,49.67202
293,2021,구리시하수도,27110.0,277946.0,305056.0,14.0,302.0,316.0,32848.0,353371.0,0.0,0.0,-81479.0,304740.0,0.1,87.0,37.99127
294,2021,성남시하수도,32024.0,381397.0,413421.0,119.0,1136.0,1255.0,170972.0,430075.0,0.0,0.0,-188880.0,412166.0,0.3,150.0,13.57466
295,2021,과천시하수도,2207.0,43551.0,45758.0,14.0,6941.0,6954.0,18333.0,79091.0,0.0,0.0,-58620.0,38804.0,17.92,6487.0,1389.29336
296,2021,안산시하수도,66105.0,418144.0,484249.0,317.0,1144.0,1461.0,160660.0,471466.0,0.0,0.0,-149339.0,482787.0,0.3,249.0,20.54455
297,2021,부천시하수도,106108.0,803651.0,909759.0,41.0,558.0,600.0,181339.0,787578.0,0.0,0.0,-59757.0,909160.0,0.07,-61.0,-9.37973
298,2021,광명시하수도,13312.0,71340.0,84652.0,99.0,582.0,681.0,58067.0,113038.0,0.0,0.0,-87134.0,83971.0,0.81,-2580.0,-79.11684
299,2021,의정부시하수도,13865.0,332092.0,345957.0,2.0,0.0,2.0,93336.0,398965.0,0.0,0.0,-146345.0,345956.0,0,2.0,0.0
300,2021,수원시하수도,82723.0,701279.0,784002.0,595.0,1392.0,1988.0,66733.0,1006111.0,0.0,0.0,-290830.0,782014.0,0.25,611.0,44.2992
301,2021,울산광역시하수도,21015.0,1027586.0,1048601.0,12887.0,138499.0,151386.0,62559.0,1045309.0,0.0,0.0,-210653.0,897215.0,16.87,-11684.0,-7.16502
302,2021,대전광역시하수도,101977.0,676730.0,778707.0,19152.0,150914.0,170066.0,73813.0,864988.0,0.0,0.0,-330161.0,608641.0,27.94,-13102.0,-7.153
303,2021,광주광역시하수도,86442.0,912446.0,998888.0,12938.0,163108.0,176046.0,62855.0,951278.0,0.0,0.0,-191291.0,822842.0,21.39,-12447.0,-6.60343
304,2021,인천광역시하수도,30722.0,1444040.0,1474762.0,16737.0,75340.0,92077.0,115720.0,1484775.0,0.0,0.0,-217810.0,1382685.0,6.66,-21976.0,-19.26823
305,2021,대구광역시하수도,57607.0,1951988.0,2009594.0,0.0,256039.0,256039.0,144189.0,1899503.0,0.0,0.0,-290137.0,1753555.0,14.6,7158.0,2.87607
306,2021,부산광역시하수도,126511.0,2923403.0,3049914.0,21375.0,471664.0,493039.0,807736.0,2348589.0,0.0,0.0,-599450.0,2556875.0,19.28,153437.0,45.18142
307,2021,제주특별자치도상수도,38680.0,703592.0,742272.0,18897.0,71010.0,89906.0,136897.0,546829.0,0.0,0.0,-31360.0,652366.0,13.78,14160.0,18.69538
308,2021,거창군상수도,4363.0,96021.0,100384.0,1.0,74.0,75.0,19044.0,92398.0,0.0,0.0,-11133.0,100309.0,0.07,5.0,7.14286
309,2021,창녕군상수도,7538.0,89907.0,97445.0,0.0,336.0,336.0,4787.0,126716.0,0.0,0.0,-34395.0,97109.0,0.35,29.0,9.44625
310,2021,양산시상수도,22729.0,233812.0,256541.0,111.0,0.0,111.0,2936.0,247657.0,0.0,0.0,5838.0,256431.0,0.04,23.0,26.13636
311,2021,거제시상수도,6349.0,181454.0,187803.0,1017.0,10870.0,11887.0,7133.0,192576.0,0.0,0.0,-23792.0,175916.0,6.76,-722.0,-5.72607
312,2021,밀양시상수도,11614.0,122282.0,133896.0,3.0,306.0,310.0,1834.0,159769.0,0.0,0.0,-28016.0,133587.0,0.23,45.0,16.60377
313,2021,김해시상수도,46187.0,494253.0,540440.0,53.0,0.0,53.0,3795.0,510235.0,0.0,0.0,26357.0,540386.0,0.01,-44.0,-45.36082
314,2021,사천시상수도,3236.0,108571.0,111807.0,0.0,440.0,440.0,3771.0,109940.0,0.0,0.0,-2343.0,111368.0,0.4,-1121.0,-71.81294
315,2021,통영시상수도,4601.0,60322.0,64923.0,0.0,0.0,0.0,5328.0,81500.0,0.0,0.0,-21906.0,64923.0,0,-552.0,-100.0
316,2021,진주시상수도,25768.0,246371.0,272139.0,256.0,355.0,611.0,2045.0,232296.0,0.0,0.0,37186.0,271527.0,0.23,45.0,7.95053
317,2021,창원시상수도,36705.0,639192.0,675897.0,110.0,1818.0,1928.0,10082.0,626475.0,0.0,0.0,37413.0,673969.0,0.29,460.0,31.33515
318,2021,경산시상수도,21383.0,258686.0,280069.0,10.0,5868.0,5878.0,6401.0,299754.0,0.0,0.0,-31964.0,274190.0,2.14,0.0,0.0
319,2021,문경시상수도,12231.0,131588.0,143818.0,0.0,648.0,648.0,6131.0,162731.0,0.0,0.0,-25692.0,143171.0,0.45,105.0,19.33702
320,2021,상주시상수도,37456.0,243131.0,280587.0,5.0,107.0,112.0,5347.0,324344.0,0.0,0.0,-49216.0,280475.0,0.04,13.0,13.13131
321,2021,칠곡군상수도,3392.0,98167.0,101558.0,8.0,0.0,8.0,38072.0,96302.0,0.0,0.0,-32824.0,101550.0,0.01,0.0,0.0
322,2021,울진군상수도,7033.0,213120.0,220153.0,159.0,0.0,159.0,16296.0,240237.0,0.0,0.0,-36540.0,219993.0,0.07,-785.0,-83.15678
323,2021,영천시상수도,9713.0,258068.0,267781.0,242.0,208.0,451.0,3363.0,270916.0,0.0,0.0,-6949.0,267330.0,0.17,58.0,14.50382
324,2021,영주시상수도,9266.0,172193.0,181459.0,2.0,930.0,932.0,3665.0,186071.0,0.0,0.0,-9208.0,180527.0,0.52,188.0,25.26882
325,2021,구미시상수도,25121.0,205213.0,230334.0,139.0,3664.0,3804.0,8776.0,199290.0,0.0,0.0,18464.0,226530.0,1.68,-205.0,-5.13844
326,2021,안동시상수도,28383.0,366665.0,395048.0,72.0,0.0,72.0,7202.0,401292.0,0.0,0.0,-13519.0,394976.0,0.02,1.0,1.40845
327,2021,김천시상수도,15922.0,148987.0,164909.0,60.0,30.0,89.0,2531.0,149239.0,0.0,0.0,13050.0,164820.0,0.05,8.0,11.11111
328,2021,경주시상수도,22501.0,225681.0,248182.0,169.0,0.0,169.0,8265.0,283044.0,0.0,0.0,-43295.0,248014.0,0.07,-9963.0,-98.33202
329,2021,포항시상수도,9724.0,313241.0,322964.0,541.0,1258.0,1799.0,16245.0,349059.0,0.0,0.0,-44138.0,321166.0,0.56,450.0,33.35804
330,2021,영암군상수도,9404.0,135704.0,145108.0,11.0,0.0,11.0,65302.0,135113.0,0.0,0.0,-55319.0,145096.0,0.01,11.0,0.0
331,2021,광양시상수도,14890.0,130906.0,145795.0,1.0,0.0,1.0,9087.0,124556.0,0.0,0.0,12151.0,145794.0,0,-132.0,-99.24812
332,2021,나주시상수도,7085.0,130105.0,137190.0,8.0,11421.0,11429.0,6089.0,131750.0,0.0,0.0,-12077.0,125762.0,9.09,-4007.0,-25.9588
333,2021,순천시상수도,31777.0,202948.0,234726.0,56.0,103.0,159.0,55126.0,167416.0,0.0,0.0,12024.0,234567.0,0.07,-45.0,-22.05882
334,2021,여수시상수도,34723.0,247229.0,281952.0,76.0,476.0,552.0,2246.0,281824.0,0.0,0.0,-2671.0,281399.0,0.2,25.0,4.74383
335,2021,목포시상수도,18051.0,125753.0,143804.0,83.0,463.0,546.0,2052.0,159244.0,0.0,0.0,-18039.0,143258.0,0.38,171.0,45.6
336,2021,고창군상수도,1026.0,89117.0,90143.0,151.0,32.0,182.0,34408.0,76498.0,0.0,0.0,-20946.0,89961.0,0.2,96.0,112.7907
337,2021,완주군상수도,9951.0,14992.0,24943.0,63.0,0.0,63.0,13227.0,5000.0,0.0,0.0,6653.0,24880.0,0.25,10.0,18.86792
338,2021,김제시상수도,5422.0,103926.0,109348.0,63.0,880.0,943.0,4506.0,159523.0,0.0,0.0,-55624.0,108405.0,0.87,71.0,8.1422
339,2021,남원시상수도,9179.0,127126.0,136304.0,6.0,716.0,722.0,1979.0,188791.0,0.0,0.0,-55188.0,135583.0,0.53,-112.0,-13.42926
340,2021,정읍시상수도,2456.0,95172.0,97628.0,836.0,10986.0,11822.0,2493.0,115497.0,0.0,0.0,-32184.0,85806.0,13.78,-1723.0,-12.72056
341,2021,익산시상수도,10555.0,160148.0,170702.0,1.0,299.0,300.0,6329.0,155921.0,23545.0,0.0,-15393.0,170402.0,0.18,60.3,25.15645
342,2021,군산시상수도,6846.0,252902.0,259748.0,1224.0,472.0,1696.0,1887.0,192510.0,0.0,0.0,63655.0,258052.0,0.66,-3954.0,-69.9823
343,2021,전주시상수도,19238.0,354784.0,374022.0,1654.0,14246.0,15900.0,3602.0,211209.0,0.0,0.0,143311.0,358122.0,4.44,1264.0,8.63624
344,2021,홍성군상수도,2249.0,141383.0,143631.0,102.0,0.0,102.0,15026.0,158239.0,0.0,0.0,-29735.0,143530.0,0.07,-482.0,-82.53425
345,2021,당진시상수도,38690.0,186509.0,225200.0,364.0,787.0,1152.0,20176.0,228380.0,0.0,0.0,-24508.0,224048.0,0.51,522.0,82.69841
346,2021,예산군상수도,6955.0,68032.0,74987.0,2.0,0.0,2.0,1105.0,86200.0,0.0,0.0,-12320.0,74985.0,0,1.4,233.33333
347,2021,논산시상수도,23006.0,146859.0,169865.0,62.0,0.0,62.0,4017.0,177509.0,0.0,0.0,-11723.0,169803.0,0.04,18.0,40.90909
348,2021,서산시상수도,8612.0,196089.0,204701.0,27.0,32.0,60.0,4039.0,214361.0,0.0,0.0,-13758.0,204641.0,0.03,1.0,0.0
349,2021,아산시상수도,16259.0,275503.0,291763.0,426.0,0.0,426.0,11206.0,294679.0,0.0,0.0,-14549.0,291337.0,0.15,167.0,64.47876
350,2021,보령시상수도,29382.0,158601.0,187983.0,6425.0,0.0,6425.0,3408.0,216417.0,0.0,0.0,-38267.0,181558.0,3.54,6299.0,4999.20635
351,2021,공주시상수도,11986.0,141564.0,153550.0,162.0,906.0,1068.0,3671.0,167473.0,0.0,0.0,-18662.0,152482.0,0.7,-856.0,-44.49064
352,2021,천안시상수도,105486.0,360847.0,466333.0,1960.0,1247.0,3207.0,13363.0,478995.0,0.0,0.0,-29232.0,463125.0,0.69,1740.0,118.60941
353,2021,옥천군상수도,3870.0,129812.0,133682.0,20.0,0.0,20.0,4049.0,153322.0,0.0,0.0,-23709.0,133662.0,0.01,-24.0,-54.54545
354,2021,제천시상수도,9769.0,173864.0,183633.0,16.0,633.0,649.0,2444.0,232022.0,0.0,0.0,-51483.0,182984.0,0.35,89.0,15.89286
355,2021,충주시상수도,21840.0,201558.0,223399.0,35.0,965.0,999.0,8212.0,180287.0,0.0,0.0,33901.0,222400.0,0.45,-10807.0,-91.52973
356,2021,청주시상수도,65578.0,632987.0,698565.0,2590.0,3998.0,6588.0,201768.0,469240.0,0.0,0.0,20969.0,691977.0,0.95,-677.0,-9.31865
357,2021,고성군상수도,6208.0,130840.0,137048.0,649.0,4104.0,4754.0,9326.0,141742.0,0.0,-18773.0,0.0,132294.0,3.59,3831.0,414.95125
358,2021,철원군상수도,15698.0,123203.0,138901.0,643.0,0.0,643.0,7752.0,137382.0,0.0,0.0,-6876.0,138258.0,0.47,624.0,3284.21053
359,2021,정선군상수도,5253.0,77745.0,82998.0,0.0,0.0,0.0,6006.0,94924.0,0.0,0.0,-17933.0,82998.0,0,0.0,0.0
360,2021,홍천군상수도,14969.0,189846.0,204815.0,118.0,92.0,210.0,6081.0,213168.0,0.0,0.0,-14644.0,204605.0,0.1,37.0,21.38728
361,2021,삼척시상수도,3864.0,154443.0,158308.0,121.0,0.0,121.0,1938.0,198850.0,0.0,0.0,-42602.0,158186.0,0.08,121.0,0.0
362,2021,속초시상수도,11813.0,106396.0,118208.0,36.0,511.0,547.0,1440.0,107267.0,0.0,0.0,8954.0,117661.0,0.46,50.0,10.06036
363,2021,태백시상수도,18505.0,93109.0,111614.0,262.0,25.0,288.0,3441.0,121263.0,0.0,0.0,-13377.0,111327.0,0.26,-44.0,-13.55422
364,2021,동해시상수도,1624.0,80403.0,82027.0,64.0,802.0,865.0,2714.0,119612.0,0.0,0.0,-41165.0,81161.0,1.07,25.0,3.09524
365,2021,강릉시상수도,13466.0,223726.0,237192.0,365.0,802.0,1167.0,1681.0,215733.0,0.0,0.0,18610.0,236024.0,0.49,86.0,7.9556
366,2021,원주시상수도,15514.0,258639.0,274153.0,1189.0,0.0,1189.0,1735.0,205546.0,0.0,0.0,65683.0,272964.0,0.44,1085.0,1043.26923
367,2021,춘천시상수도,42040.0,280333.0,322373.0,698.0,7301.0,7998.0,9193.0,346821.0,0.0,0.0,-41639.0,314375.0,2.54,503.0,6.72448
368,2021,인제군상수도,15463.0,181770.0,197233.0,3625.0,24.0,3649.0,27283.0,204894.0,0.0,0.0,-38594.0,193584.0,1.88,1865.0,104.54036
369,2021,평창군상수도,6357.0,270631.0,276988.0,2.0,0.0,2.0,15095.0,326075.0,0.0,0.0,-64184.0,276986.0,0,-2.0,-50.0
370,2021,영월군상수도,12964.0,127706.0,140669.0,65.0,0.0,65.0,10968.0,159967.0,0.0,0.0,-30330.0,140605.0,0.05,8.0,14.03509
371,2021,가평군상수도,10641.0,124479.0,135120.0,71.0,866.0,937.0,15153.0,148214.0,0.0,0.0,-29184.0,134183.0,0.7,-565.0,-37.61651
372,2021,여주시상수도,13815.0,180946.0,194760.0,1661.0,0.0,1661.0,6849.0,224256.0,0.0,0.0,-38005.0,193100.0,0.86,1446.0,672.55814
373,2021,양평군상수도,26694.0,189351.0,216045.0,1105.0,307.0,1413.0,14881.0,234470.0,0.0,0.0,-34718.0,214632.0,0.66,1017.0,256.56566
374,2021,포천시상수도,18929.0,176477.0,195407.0,116.0,0.0,116.0,19763.0,233376.0,0.0,0.0,-57848.0,195290.0,0.06,-29.0,-20.0
375,2021,안성시상수도,30448.0,202075.0,232523.0,30.0,0.0,30.0,10346.0,217532.0,0.0,0.0,4614.0,232493.0,0.01,-93.0,-75.60976
376,2021,연천군상수도,23109.0,206866.0,229975.0,201.0,0.0,201.0,4412.0,227085.0,0.0,0.0,-1723.0,229774.0,0.09,92.0,84.40367
377,2021,광주시상수도,61494.0,360586.0,422080.0,45.0,62.0,107.0,5754.0,403164.0,0.0,0.0,13054.0,421973.0,0.03,17.0,18.88889
378,2021,화성시상수도,80153.0,605118.0,685271.0,1280.0,3552.0,4832.0,1024.0,630480.0,0.0,0.0,48935.0,680439.0,0.71,-19731.0,-80.32814
379,2021,이천시상수도,41768.0,250234.0,292002.0,7258.0,493.0,7751.0,10228.0,234370.0,0.0,0.0,39653.0,284251.0,2.73,7026.0,969.10345
380,2021,파주시상수도,105522.0,280412.0,385934.0,589.0,0.0,589.0,2665.0,342192.0,0.0,0.0,40487.0,385344.0,0.15,435.0,282.46753
381,2021,용인시상수도,23340.0,533613.0,556953.0,3638.0,2133.0,5772.0,13829.0,616118.0,0.0,0.0,-78765.0,551181.0,1.05,1644.0,39.80136
382,2021,하남시상수도,19666.0,183132.0,202798.0,55.0,25.0,80.0,12212.0,188137.0,0.0,0.0,2369.0,202718.0,0.04,4.0,5.26316
383,2021,양주시상수도,14562.0,236661.0,251223.0,38.0,0.0,38.0,22896.0,257931.0,0.0,0.0,-29642.0,251185.0,0.02,-11.0,-22.44898
384,2021,의왕시상수도,25242.0,94822.0,120064.0,31.0,9.0,39.0,17077.0,108661.0,0.0,0.0,-5714.0,120025.0,0.03,-37.0,-47.36842
385,2021,군포시상수도,51649.0,124234.0,175882.0,561.0,110.0,670.0,28790.0,134208.0,0.0,0.0,12214.0,175212.0,0.38,-17.0,-2.32897
386,2021,시흥시상수도,35115.0,238437.0,273551.0,44.0,125.0,169.0,9704.0,204308.0,0.0,0.0,59369.0,273382.0,0.06,62.0,57.94393
387,2021,오산시상수도,7819.0,86193.0,94012.0,551.0,0.0,551.0,1581.0,106385.0,0.0,0.0,-14505.0,93461.0,0.59,-23.62,-4.11054
388,2021,남양주시상수도,34403.0,306511.0,340914.0,185.0,704.0,888.0,3285.0,358084.0,0.0,0.0,-21344.0,340025.0,0.26,-504.0,-36.13506
389,2021,평택시상수도,64959.0,715885.0,780844.0,1941.0,2137.0,4078.0,12863.0,664641.0,0.0,0.0,99262.0,776766.0,0.53,-1162.0,-22.17557
390,2021,김포시상수도,41085.0,459033.0,500118.0,854.0,0.0,854.0,74255.0,389369.0,0.0,0.0,35640.0,499264.0,0.17,404.0,89.77778
391,2021,구리시상수도,7350.0,106248.0,113597.0,30.0,327.0,356.0,1961.0,94341.0,0.0,0.0,16939.0,113241.0,0.31,-49.0,-11.85185
392,2021,과천시상수도,2355.0,53815.0,56170.0,220.0,0.0,220.0,2784.0,75984.0,0.0,0.0,-22817.0,55950.0,0.39,65.0,41.93548
393,2021,고양시상수도,53418.0,227091.0,280509.0,1965.0,1307.0,3272.0,19098.0,284129.0,0.0,0.0,-25990.0,277237.0,1.18,54.0,1.67806
394,2021,안산시상수도,56270.0,384038.0,440308.0,50.0,974.0,1024.0,18482.0,354984.0,0.0,0.0,65818.0,439283.0,0.23,-18.0,-1.72745
395,2021,동두천시상수도,11912.0,159021.0,170933.0,671.0,32948.0,33619.0,2986.0,182335.0,0.0,0.0,-48007.0,137314.0,24.48,-7419.0,-18.07837
396,2021,광명시상수도,23052.0,96661.0,119713.0,1493.0,636.0,2129.0,9439.0,76644.0,0.0,0.0,31501.0,117584.0,1.81,-2140.0,-50.12884
397,2021,부천시상수도,45336.0,327195.0,372531.0,3239.0,1156.0,4395.0,25000.0,301457.0,0.0,0.0,41679.0,368136.0,1.19,233.0,5.59827
398,2021,안양시상수도,41171.0,274116.0,315287.0,1362.0,0.0,1362.0,6518.0,224573.0,0.0,0.0,82834.0,313925.0,0.43,25.0,1.86986
399,2021,의정부시상수도,8318.0,144877.0,153195.0,2.0,0.0,2.0,2898.0,182845.0,0.0,0.0,-32550.0,153193.0,0,-3.0,-60.0
400,2021,성남시상수도,70730.0,400737.0,471467.0,122.0,1369.0,1491.0,35454.0,430152.0,0.0,0.0,4370.0,469976.0,0.32,-206.0,-12.13907
401,2021,수원시상수도,39248.0,397098.0,436346.0,1711.0,943.0,2654.0,11388.0,402621.0,0.0,0.0,19684.0,433693.0,0.61,-106.0,-3.84058
402,2021,울산광역시상수도,16871.0,739628.0,756499.0,2042.0,26176.0,28218.0,184941.0,514617.0,0.0,0.0,28722.0,728281.0,3.87,20938.0,287.60989
403,2021,대전광역시상수도,65478.0,803647.0,869125.0,2653.0,31801.0,34454.0,100593.0,688003.0,0.0,0.0,46075.0,834671.0,4.13,12102.0,54.14281
404,2021,광주광역시상수도,63147.0,749060.0,812207.0,2529.0,6949.0,9478.0,2759.0,556644.0,0.0,0.0,243324.0,802728.0,1.18,667.0,7.57008
405,2021,인천광역시상수도,90804.0,1685738.0,1776542.0,7716.0,7591.0,15307.0,330248.0,1507904.0,0.0,0.0,-76918.0,1761235.0,0.87,2242.0,17.16035
406,2021,대구광역시상수도,71305.0,1415811.0,1487116.0,18785.0,43466.0,62250.0,206791.0,1260149.0,0.0,0.0,-42074.0,1424865.0,4.37,27972.0,81.60628
407,2021,부산광역시상수도,99022.0,2141112.0,2240134.0,32134.0,14167.0,46301.0,247087.0,2165611.0,0.0,0.0,-218865.0,2193833.0,2.11,15763.0,51.61766
408,2021,서울특별시상수도,120136.0,5005563.0,5125699.0,26556.0,92450.0,119005.0,1218213.0,4167972.0,0.0,0.0,-379492.0,5006693.0,2.38,-921.0,-0.76714
1,2022,부산광역시남구시설관리공단,2261.0,0.0,2261.0,1350.0,411.0,1761.0,500.0,0.0,0.0,0.0,0.0,500.0,352.2,1761.0,0.0
2,2022,양주도시공사,11426.0,2.0,11428.0,1156.0,0.0,1156.0,10300.0,0.0,0.0,0.0,-28.0,10272.0,11.25,551.0,91.07438
3,2022,합천군시설관리공단,1436.0,200.0,1636.0,1436.0,0.0,1436.0,200.0,0.0,0.0,0.0,0.0,200.0,718,1436.0,0.0
4,2022,단양관광공사,4477.0,5.0,4481.0,592.0,0.0,592.0,3300.0,0.0,0.0,0.0,590.0,3890.0,15.22,-11.0,-1.82421
5,2022,전남광주통합특별시 서구시설관리공단,994.0,4023.0,5016.0,794.0,4023.0,4816.0,200.0,0.0,0.0,0.0,0.0,200.0,2408,4816.0,0.0
6,2022,전남광주통합특별시북구시설관리공단,1560.0,0.0,1560.0,1410.0,0.0,1410.0,150.0,0.0,0.0,0.0,0.0,150.0,940,1410.0,0.0
7,2022,김천시시설관리공단,365.0,1.0,366.0,166.0,0.0,166.0,200.0,0.0,0.0,0.0,0.0,200.0,83,-879.0,-84.11483
8,2022,예산군하수도,4826.0,237579.0,242405.0,1.0,0.0,1.0,178297.0,91854.0,0.0,0.0,-27746.0,242404.0,0,0.0,0.0
9,2022,평창군시설관리공단,414.0,0.0,414.0,314.0,0.0,314.0,100.0,0.0,0.0,0.0,0.0,100.0,314,166.0,112.16216
10,2022,금산군하수도,3459.0,116907.0,120366.0,2504.0,20192.0,22696.0,92719.0,25859.0,0.0,0.0,-20908.0,97670.0,23.24,-2446.0,-9.72874
11,2022,서울물재생시설공단,12322.0,1121.0,13443.0,11443.0,0.0,11443.0,2000.0,0.0,0.0,0.0,0.0,2000.0,572.15,10177.0,803.87046
12,2022,경기교통공사,31179.0,1369.0,32548.0,19487.0,0.0,19487.0,18500.0,0.0,-62.0,0.0,-5378.0,13061.0,149.2,-66883.0,-77.43777
13,2022,원주시시설관리공단,1122.0,0.0,1122.0,809.0,13.0,822.0,300.0,0.0,0.0,0.0,0.0,300.0,274,194.0,30.89172
14,2022,김포도시공사,64610.0,113969.0,178579.0,9978.0,144.0,10122.0,168292.0,0.0,-88.0,0.0,253.0,168458.0,6.01,1129.0,12.55421
15,2022,파주도시공사,35780.0,174.0,35954.0,2815.0,13.0,2828.0,32704.0,0.0,0.0,0.0,422.0,33126.0,8.54,2479.0,710.31519
16,2022,영천시시설관리공단,1174.0,500.0,1674.0,1039.0,135.0,1174.0,500.0,0.0,0.0,0.0,0.0,500.0,234.8,733.0,166.21315
17,2022,과천도시공사,521332.0,805.0,522136.0,181115.0,152186.0,333302.0,189000.0,0.0,0.0,0.0,-165.0,188835.0,176.5,191304.0,134.72232
18,2022,울산광역시북구시설관리공단,233.0,0.0,233.0,83.0,0.0,83.0,150.0,0.0,0.0,0.0,0.0,150.0,55.33,-6.0,-6.74157
19,2022,포천도시공사,32221.0,344.0,32565.0,4875.0,0.0,4875.0,28600.0,0.0,0.0,0.0,-911.0,27689.0,17.61,3133.0,179.85075
20,2022,안양도시공사,29220.0,65816.0,95036.0,786.0,0.0,786.0,95493.0,0.0,0.0,0.0,-1244.0,94249.0,0.83,136.0,20.92308
21,2022,예천군하수도,1385.0,84320.0,85705.0,2168.0,31586.0,33753.0,46888.0,24624.0,0.0,0.0,-19560.0,51952.0,64.97,-2086.0,-5.81768
22,2022,예천군상수도,2220.0,135790.0,138010.0,0.0,19.0,19.0,78746.0,67950.0,0.0,0.0,-8704.0,137991.0,0.01,2.0,11.76471
23,2022,고성군하수도,2248.0,108590.0,110838.0,0.0,0.0,0.0,71715.0,56645.0,0.0,0.0,-17521.0,110838.0,0,0.0,0.0
24,2022,고성군상수도,4403.0,72915.0,77318.0,14.0,137.0,150.0,37630.0,39398.0,0.0,0.0,139.0,77168.0,0.19,8.0,6.33803
25,2022,세종도시교통공사,35308.0,23027.0,58335.0,28668.0,128.0,28795.0,33438.0,0.0,0.0,0.0,-3899.0,29539.0,97.48,7340.0,34.2158
26,2022,사천시시설관리공단,1763.0,0.0,1763.0,1073.0,390.0,1463.0,300.0,0.0,0.0,0.0,0.0,300.0,487.67,603.0,70.11628
27,2022,제주특별자치도공영버스,1831.0,10631.0,12462.0,425.0,1562.0,1987.0,10555.0,0.0,0.0,0.0,-81.0,10475.0,18.97,104.0,5.5231
28,2022,서울특별시하수도,222793.0,6859877.0,7082670.0,3342.0,448.0,3791.0,6354233.0,513500.0,0.0,0.0,211146.0,7078879.0,0.05,-3646.0,-49.03859
29,2022,경주시시설관리공단,298.0,4.0,303.0,203.0,0.0,203.0,100.0,0.0,0.0,0.0,0.0,100.0,203,-53.0,-20.70313
30,2022,인천광역시연수구시설안전관리공단,954.0,0.0,954.0,376.0,78.0,454.0,500.0,0.0,0.0,0.0,0.0,500.0,90.8,116.0,34.31953
31,2022,서울교통공사,572240.0,1.4850439E7,1.5422679E7,1341255.0,5215704.0,6556960.0,2.3275823E7,0.0,0.0,3270663.0,-1.7680766E7,8865719.0,73.96,-50272.0,-0.76088
32,2022,태안군하수도,2826.0,111555.0,114381.0,4.0,0.0,4.0,91974.0,72938.0,0.0,0.0,-50534.0,114377.0,0,-6.0,-60.0
33,2022,태안군상수도,2856.0,166792.0,169648.0,25.0,315.0,340.0,118853.0,90542.0,0.0,0.0,-40086.0,169308.0,0.2,-86.0,-20.18779
34,2022,김제시하수도,12616.0,199673.0,212289.0,6255.0,62466.0,68721.0,121307.0,136063.0,0.0,0.0,-113802.0,143568.0,47.87,-6002.0,-8.03233
35,2022,부여군하수도,7947.0,154244.0,162191.0,106.0,0.0,106.0,46293.0,136990.0,0.0,0.0,-21198.0,162085.0,0.07,106.0,0.0
36,2022,하남시하수도,26020.0,257953.0,283973.0,17.0,102.0,118.0,266432.0,80163.0,0.0,0.0,-62740.0,283854.0,0.04,-94.0,-43.86792
37,2022,서울에너지공사,79051.0,455485.0,534537.0,131101.0,176176.0,307277.0,523486.0,0.0,-105037.0,6.0,-191195.0,227260.0,135.21,136979.0,80.43488
38,2022,충주시시설관리공단,288.0,641.0,928.0,728.0,0.0,728.0,200.0,0.0,0.0,0.0,0.0,200.0,364,337.0,86.18926
39,2022,세종특별자치시시설관리공단,3761.0,0.0,3761.0,2748.0,13.0,2761.0,1000.0,0.0,0.0,0.0,0.0,1000.0,276.1,165.0,6.35593
40,2022,밀양시시설관리공단,601.0,300.0,901.0,437.0,163.0,601.0,300.0,0.0,0.0,0.0,0.0,300.0,200.33,260.0,75.95308
41,2022,군산시하수도,29365.0,497281.0,526646.0,6729.0,46556.0,53285.0,350948.0,300823.0,0.0,0.0,-178410.0,473361.0,11.26,-4482.0,-7.75875
42,2022,홍성군하수도,456.0,125786.0,126241.0,4208.0,48618.0,52826.0,29937.0,105396.0,0.0,0.0,-61917.0,73415.0,71.96,-3908.0,-6.88829
43,2022,동해시하수도,1761.0,142011.0,143772.0,17.0,0.0,17.0,124647.0,62519.0,0.0,0.0,-43411.0,143755.0,0.01,17.0,0.0
44,2022,원주시하수도,21649.0,477737.0,499385.0,6500.0,73914.0,80415.0,284742.0,300294.0,0.0,0.0,-166065.0,418971.0,19.19,-6651.0,-7.64018
45,2022,양주시하수도,24857.0,446322.0,471179.0,691.0,0.0,691.0,291924.0,320577.0,0.0,0.0,-142013.0,470488.0,0.15,678.0,5215.38462
46,2022,서천군상수도,5169.0,97490.0,102659.0,83.0,990.0,1074.0,60835.0,48652.0,0.0,0.0,-7901.0,101586.0,1.06,190.0,21.38009
47,2022,부여군상수도,11934.0,117254.0,129188.0,80.0,521.0,600.0,36773.0,104008.0,0.0,0.0,-12195.0,128587.0,0.47,-46.0,-6.96594
48,2022,금산군상수도,7732.0,84404.0,92136.0,288.0,0.0,288.0,42943.0,52102.0,0.0,0.0,-3196.0,91848.0,0.31,-265.0,-47.92043
49,2022,인천관광공사,22428.0,47917.0,70345.0,14025.0,0.0,14025.0,52030.0,0.0,0.0,0.0,4290.0,56320.0,24.9,-846.0,-5.68892
50,2022,광명도시공사,21482.0,4871.0,26353.0,1412.0,0.0,1412.0,25000.0,0.0,0.0,0.0,-58.0,24942.0,5.66,415.0,41.62487
51,2022,영덕군하수도,2739.0,88362.0,91101.0,2725.0,17462.0,20187.0,54120.0,65324.0,0.0,0.0,-48530.0,70914.0,28.47,-2635.0,-11.54588
52,2022,문경시하수도,4562.0,171180.0,175742.0,5795.0,63076.0,68871.0,53460.0,166897.0,0.0,0.0,-113487.0,106871.0,64.44,-5818.0,-7.78963
53,2022,논산시하수도,8109.0,347389.0,355499.0,2446.0,15367.0,17813.0,197976.0,252732.0,0.0,0.0,-113021.0,337686.0,5.28,-2392.0,-11.83865
54,2022,과천시지식정보타운조성사업,53126.0,85200.0,138326.0,79.0,0.0,79.0,57174.0,0.0,0.0,0.0,81073.0,138247.0,0.06,-6626.0,-98.82177
55,2022,아산시시설관리공단,992.0,707.0,1699.0,899.0,0.0,899.0,800.0,0.0,0.0,0.0,0.0,800.0,112.38,235.0,35.39157
56,2022,장수한우지방공사,5751.0,3229.0,8981.0,1807.0,111.0,1918.0,7833.0,0.0,0.0,0.0,-770.0,7063.0,27.16,299.0,18.46819
57,2022,광주광역시광산구시설관리공단,1283.0,200.0,1483.0,1283.0,0.0,1283.0,200.0,0.0,0.0,0.0,0.0,200.0,641.5,331.0,34.76891
58,2022,대구광역시달성군시설관리공단,1393.0,1.0,1394.0,1094.0,0.0,1094.0,300.0,0.0,0.0,0.0,0.0,300.0,364.67,-141.0,-11.417
59,2022,김해시도시개발공사,82474.0,36981.0,119455.0,21092.0,15000.0,36092.0,64738.0,0.0,0.0,0.0,18625.0,83363.0,43.29,-18521.0,-33.91317
60,2022,합천군상수도,4798.0,39972.0,44770.0,0.0,518.0,518.0,22955.0,45030.0,0.0,0.0,-23732.0,44252.0,1.17,-56.0,-9.7561
61,2022,성남도시개발공사,96257.0,39693.0,135950.0,11621.0,7239.0,18860.0,60091.0,0.0,0.0,0.0,57000.0,117090.0,16.11,-3237.0,-14.64905
62,2022,부여군시설관리공단,658.0,0.0,658.0,358.0,0.0,358.0,300.0,0.0,0.0,0.0,0.0,300.0,119.33,146.0,68.86792
63,2022,세종특별자치시하수도,9730.0,956750.0,966481.0,557.0,6833.0,7390.0,71080.0,1080587.0,0.0,0.0,-192576.0,959091.0,0.77,5747.0,349.78698
64,2022,진천군하수도,13901.0,159645.0,173546.0,3392.0,22409.0,25801.0,16304.0,203201.0,0.0,0.0,-71760.0,147745.0,17.46,-3214.0,-11.07703
65,2022,진천군상수도,8109.0,100311.0,108420.0,94.0,80.0,173.0,55460.0,46470.0,0.0,0.0,6317.0,108247.0,0.16,86.0,100.0
66,2022,울산광역시중구도시관리공단,284.0,28.0,313.0,213.0,0.0,213.0,100.0,0.0,0.0,0.0,0.0,100.0,213,-22.0,-9.3617
67,2022,이천시시설관리공단,514.0,110.0,624.0,214.0,0.0,214.0,300.0,110.0,0.0,0.0,0.0,410.0,52.2,40.0,22.98851
68,2022,부산관광공사,10977.0,4523.0,15500.0,4844.0,0.0,4844.0,23050.0,0.0,0.0,0.0,-12394.0,10656.0,45.46,2455.0,102.76266
69,2022,구리도시공사,118985.0,11750.0,130735.0,9994.0,281.0,10275.0,129120.0,0.0,-46.0,0.0,-8614.0,120460.0,8.53,6000.0,140.35088
70,2022,경상북도문화관광공사,91847.0,313681.0,405527.0,20930.0,37374.0,58304.0,217500.0,10670.0,-113248.0,175697.0,56603.0,347223.0,16.79,-54871.0,-48.48332
71,2022,제주에너지공사,19137.0,145968.0,165105.0,9431.0,5449.0,14880.0,130653.0,0.0,-154.0,0.0,19727.0,150225.0,9.91,-3339.0,-18.32702
72,2022,광양시하수도,12588.0,345986.0,358574.0,14.0,0.0,14.0,264701.0,327820.0,0.0,0.0,-233961.0,358560.0,0,-7.0,-33.33333
73,2022,세종특별자치시상수도,12219.0,397151.0,409369.0,4945.0,111871.0,116817.0,42841.0,306441.0,0.0,0.0,-56730.0,292553.0,39.93,34109.0,41.23906
74,2022,여수시하수도,24002.0,375380.0,399382.0,5175.0,43581.0,48756.0,230087.0,320864.0,0.0,0.0,-200324.0,350626.0,13.91,-5014.0,-9.3249
75,2022,옥천군하수도,2609.0,156398.0,159007.0,1844.0,10908.0,12751.0,82627.0,131185.0,0.0,0.0,-67556.0,146256.0,8.72,-1474.0,-10.35501
76,2022,남원시하수도,14390.0,240325.0,254715.0,0.0,609.0,609.0,116187.0,228223.0,0.0,0.0,-90304.0,254106.0,0.24,68.0,12.56932
77,2022,영광군하수도,4535.0,121045.0,125579.0,0.0,0.0,0.0,52490.0,116986.0,0.0,0.0,-43896.0,125579.0,0,-42.0,-100.0
78,2022,영광군상수도,17596.0,87837.0,105432.0,44.0,26.0,70.0,29582.0,98780.0,0.0,0.0,-22999.0,105363.0,0.07,-10.0,-12.5
79,2022,거제해양관광개발공사,4058.0,49710.0,53768.0,2017.0,2300.0,4317.0,65530.0,379.0,0.0,0.0,-16458.0,49451.0,8.73,-1313.0,-23.32149
80,2022,대전관광공사,27788.0,229734.0,257522.0,6423.0,25410.0,31833.0,298447.0,992.0,0.0,0.0,-73751.0,225689.0,14.1,-7992.0,-20.0678
81,2022,양평군하수도,41371.0,343186.0,384557.0,185.0,49.0,234.0,288970.0,248941.0,0.0,0.0,-153588.0,384323.0,0.06,105.0,81.39535
82,2022,천안시시설관리공단(폐지),2108.0,151.0,2260.0,1260.0,0.0,1260.0,1000.0,0.0,0.0,0.0,0.0,1000.0,126,-389.0,-23.59005
83,2022,여주도시관리공단(폐지),453.0,74.0,527.0,322.0,4.0,327.0,200.0,0.0,0.0,0.0,0.0,200.0,163.5,66.0,24.90421
84,2022,영월군시설관리공단,577.0,0.0,577.0,477.0,0.0,477.0,100.0,0.0,0.0,0.0,0.0,100.0,477,397.0,496.25
85,2022,계룡시하수도,2481.0,58013.0,60494.0,2402.0,16057.0,18459.0,46181.0,97231.0,0.0,0.0,-101376.0,42035.0,43.91,-2343.0,-11.26334
86,2022,의왕도시공사,120595.0,51914.0,172509.0,23261.0,348.0,23610.0,50161.0,0.0,0.0,0.0,98739.0,148900.0,15.86,21419.0,977.5445
87,2022,고양도시관리공사,261883.0,364926.0,626809.0,103658.0,57460.0,161119.0,473228.0,0.0,-1790.0,0.0,-5748.0,465690.0,34.6,79746.0,97.99934
88,2022,양양군상수도,5466.0,86972.0,92438.0,351.0,199.0,551.0,37190.0,53392.0,0.0,0.0,1305.0,91888.0,0.6,322.0,140.17467
89,2022,계룡시상수도,19107.0,29250.0,48357.0,170.0,0.0,170.0,27260.0,18552.0,0.0,0.0,2375.0,48187.0,0.35,-209.0,-55.14512
90,2022,증평군하수도,1858.0,100018.0,101876.0,1926.0,10124.0,12050.0,40244.0,106976.0,0.0,0.0,-57393.0,89827.0,13.41,-1470.0,-10.87278
91,2022,고양시하수도,67624.0,701949.0,769572.0,52.0,1457.0,1509.0,641656.0,529061.0,0.0,0.0,-402654.0,768063.0,0.2,-86.0,-5.39185
92,2022,음성군하수도,6574.0,204713.0,211288.0,3186.0,24433.0,27620.0,61766.0,167845.0,0.0,0.0,-45943.0,183668.0,15.04,-3046.0,-9.93609
93,2022,김천시하수도,8617.0,71164.0,79781.0,30.0,0.0,30.0,52429.0,37695.0,0.0,0.0,-10372.0,79751.0,0.04,-139.0,-82.24852
94,2022,화순군하수도,7353.0,133390.0,140743.0,4.0,0.0,4.0,26002.0,214421.0,0.0,0.0,-99685.0,140739.0,0,4.0,0.0
95,2022,화순군상수도,9699.0,151405.0,161105.0,22.0,94.0,116.0,22906.0,163242.0,0.0,0.0,-25160.0,160989.0,0.07,-59.0,-33.71429
96,2022,영동군상수도,5704.0,147692.0,153396.0,2.0,332.0,334.0,23270.0,159375.0,0.0,0.0,-29583.0,153062.0,0.22,17.0,5.36278
97,2022,포항시시설관리공단,734.0,0.0,734.0,534.0,0.0,534.0,200.0,0.0,0.0,0.0,0.0,200.0,267,152.0,39.79058
98,2022,춘천도시공사,21192.0,13236.0,34428.0,9105.0,939.0,10044.0,23380.0,0.0,0.0,0.0,1004.0,24384.0,41.19,2744.0,37.58904
99,2022,이천시하수도,42083.0,138742.0,180824.0,8.0,36.0,44.0,176914.0,79001.0,0.0,0.0,-75135.0,180780.0,0.02,12.0,37.5
100,2022,강릉관광개발공사,3631.0,8235.0,11866.0,2541.0,0.0,2541.0,7226.0,0.0,0.0,0.0,2099.0,9325.0,27.25,700.0,38.02281
101,2022,보령시시설관리공단,1290.0,0.0,1290.0,990.0,0.0,990.0,300.0,0.0,0.0,0.0,0.0,300.0,330,-1.0,-0.10091
102,2022,당진도시공사,1585.0,2660.0,4245.0,523.0,0.0,523.0,4250.0,0.0,0.0,0.0,-528.0,3722.0,14.05,227.0,76.68919
103,2022,연천군하수도,16354.0,317252.0,333607.0,21.0,0.0,21.0,20494.0,371006.0,0.0,0.0,-57915.0,333585.0,0.01,-6.0,-22.22222
104,2022,칠곡군하수도,10260.0,289340.0,299599.0,5727.0,56133.0,61860.0,86926.0,265110.0,0.0,0.0,-114297.0,237739.0,26.02,-5567.0,-8.25634
105,2022,의령친환경골프장관리사업소,1667.0,6481.0,8148.0,18.0,0.0,18.0,0.0,6722.0,0.0,0.0,1408.0,8130.0,0.22,-17.0,-48.57143
106,2022,경기도고덕국제화계획지구조성사업,144329.0,0.0,144329.0,131754.0,11250.0,143004.0,0.0,0.0,0.0,0.0,1325.0,1325.0,10792.75,1345.0,0.94946
107,2022,인천광역시제물포구시설관리공단,837.0,0.0,837.0,378.0,0.0,378.0,459.0,0.0,0.0,0.0,0.0,459.0,82.35,42.0,12.5
108,2022,여수시도시관리공단,910.0,30.0,940.0,410.0,65.0,475.0,500.0,136.0,0.0,0.0,-171.0,465.0,102.15,-4803.0,-91.00038
109,2022,단양군상수도,3451.0,64210.0,67661.0,0.0,1086.0,1086.0,23583.0,56462.0,0.0,0.0,-13470.0,66575.0,1.63,899.0,480.74866
110,2022,영덕군상수도,4160.0,62874.0,67033.0,298.0,813.0,1112.0,27405.0,58643.0,0.0,0.0,-20127.0,65921.0,1.69,187.0,20.10811
111,2022,양산시시설관리공단,493.0,0.0,493.0,293.0,0.0,293.0,200.0,0.0,0.0,0.0,0.0,200.0,146.5,60.0,25.75107
112,2022,동두천시하수도,18488.0,114554.0,133042.0,20.0,0.0,20.0,133438.0,82731.0,0.0,0.0,-83147.0,133022.0,0.02,3.0,17.64706
113,2022,부산광역시기장군도시관리공단,1066.0,118.0,1184.0,684.0,0.0,684.0,500.0,0.0,0.0,0.0,0.0,500.0,136.8,126.0,22.58065
114,2022,함안지방공사,9705.0,207.0,9912.0,583.0,179.0,762.0,4000.0,0.0,0.0,0.0,5150.0,9150.0,8.33,-1645.0,-68.34233
115,2022,의성군상수도,2402.0,222495.0,224897.0,0.0,0.0,0.0,27213.0,287213.0,0.0,0.0,-89530.0,224897.0,0,0.0,0.0
116,2022,안산도시공사,114392.0,179895.0,294287.0,78884.0,6117.0,85001.0,203014.0,0.0,0.0,0.0,6272.0,209287.0,40.61,56921.0,202.71011
117,2022,파주시하수도,102721.0,737192.0,839913.0,9704.0,115382.0,125086.0,224229.0,722395.0,0.0,0.0,-231796.0,714827.0,17.5,-9401.0,-6.99027
118,2022,포항시하수도,41780.0,964708.0,1006488.0,18836.0,285719.0,304555.0,448504.0,689577.0,0.0,0.0,-436148.0,701933.0,43.39,-16978.0,-5.28033
119,2022,보령시하수도,33318.0,181304.0,214622.0,2464.0,22221.0,24684.0,96223.0,198190.0,0.0,0.0,-104476.0,189938.0,13,-2266.0,-8.40445
120,2022,제주관광공사,23880.0,18118.0,41997.0,6974.0,10237.0,17211.0,15000.0,0.0,0.0,5570.0,4216.0,24786.0,69.44,-1826.0,-9.59185
121,2022,울주군시설관리공단,550.0,0.0,550.0,450.0,0.0,450.0,100.0,0.0,0.0,0.0,0.0,100.0,450,-39.0,-7.97546
122,2022,양평공사,3386.0,374.0,3761.0,1409.0,250.0,1659.0,29587.0,0.0,-35.0,0.0,-27451.0,2102.0,78.92,-211.0,-11.28342
123,2022,당진시하수도,36274.0,307576.0,343850.0,3021.0,23257.0,26278.0,86108.0,353480.0,0.0,0.0,-122016.0,317572.0,8.27,-2951.0,-10.09614
124,2022,평택도시공사,1417474.0,77183.0,1494657.0,758410.0,187455.0,945866.0,404033.0,0.0,0.0,0.0,144759.0,548792.0,172.35,33283.0,3.64701
125,2022,강화군시설관리공단,1250.0,0.0,1250.0,280.0,1.0,282.0,968.0,0.0,0.0,0.0,0.0,968.0,29.13,-926.0,-76.73841
126,2022,군포도시공사,31114.0,1261.0,32375.0,1132.0,0.0,1132.0,31570.0,0.0,0.0,0.0,-327.0,31243.0,3.62,44.0,4.04412
127,2022,전주시시설관리공단,1047.0,512.0,1559.0,766.0,0.0,766.0,1100.0,0.0,0.0,0.0,-307.0,793.0,96.6,-102.0,-11.75115
128,2022,화성도시공사,170876.0,57942.0,228818.0,58736.0,1101.0,59837.0,173777.0,0.0,-392.0,0.0,-4404.0,168981.0,35.41,11270.0,23.20506
129,2022,화성시하수도,72466.0,674185.0,746651.0,157.0,0.0,157.0,130964.0,823710.0,0.0,0.0,-208179.0,746495.0,0.02,129.0,460.71429
130,2022,울산광역시남구도시관리공단,221.0,0.0,221.0,71.0,0.0,71.0,150.0,0.0,0.0,0.0,0.0,150.0,47.33,12.0,20.33898
131,2022,강릉시하수도,13945.0,362345.0,376290.0,5120.0,37419.0,42539.0,100602.0,382899.0,0.0,0.0,-149750.0,333751.0,12.75,-4534.0,-9.63185
132,2022,인천경제자유구역청,2604251.0,2.1731574E7,2.4335825E7,145786.0,128330.0,274116.0,39.0,1.3449575E7,0.0,0.0,1.0612094E7,2.4061708E7,1.14,-112704.0,-29.13603
133,2022,거제시하수도,55373.0,368906.0,424279.0,0.0,14492.0,14492.0,99367.0,437827.0,0.0,0.0,-127407.0,409787.0,3.54,14130.0,3903.31492
134,2022,노원구시설관리공단,2047.0,0.0,2047.0,1597.0,0.0,1597.0,450.0,0.0,0.0,0.0,0.0,450.0,354.89,500.0,45.57885
135,2022,남양주도시공사,139522.0,35440.0,174962.0,92215.0,0.0,92215.0,84206.0,0.0,-80.0,0.0,-1379.0,82747.0,111.44,-4484.0,-4.63707
136,2022,중구시설관리공단,3138.0,770.0,3909.0,3159.0,0.0,3159.0,750.0,0.0,0.0,0.0,0.0,750.0,421.2,2089.0,195.23364
137,2022,함안군상수도,5413.0,121622.0,127035.0,372.0,206.0,578.0,22015.0,126804.0,0.0,0.0,-22362.0,126457.0,0.46,272.0,88.88889
138,2022,통영관광개발공사,12780.0,24677.0,37457.0,803.0,118.0,922.0,31292.0,0.0,0.0,0.0,5242.0,36535.0,2.52,-90.0,-8.99209
139,2022,영양고추유통공사,30715.0,11789.0,42504.0,24930.0,0.0,24930.0,25960.0,0.0,0.0,0.0,-8385.0,17574.0,141.86,-32.0,-0.12819
140,2022,음성군상수도,6430.0,135188.0,141618.0,2.0,23.0,25.0,35120.0,108500.0,0.0,0.0,-2027.0,141593.0,0.02,4.0,19.04762
141,2022,울산광역시도시공사,430490.0,238662.0,669152.0,225565.0,157984.0,383549.0,140000.0,17.0,0.0,32558.0,113028.0,285603.0,134.29,96729.0,33.72464
142,2022,문경관광진흥공단(폐지),397.0,0.0,397.0,297.0,0.0,297.0,100.0,0.0,0.0,0.0,0.0,100.0,297,93.0,45.58824
143,2022,부안군상수도,4773.0,56662.0,61435.0,67.0,367.0,434.0,42944.0,36258.0,0.0,0.0,-18201.0,61000.0,0.71,-4.0,-0.91324
144,2022,관악구시설관리공단,970.0,452.0,1422.0,722.0,0.0,722.0,700.0,0.0,0.0,0.0,0.0,700.0,103.14,123.0,20.53422
145,2022,안동시시설관리공단,649.0,0.0,649.0,449.0,0.0,449.0,200.0,0.0,0.0,0.0,0.0,200.0,224.5,22.0,5.15222
146,2022,인천환경공단,13035.0,0.0,13035.0,7035.0,0.0,7035.0,6000.0,0.0,0.0,0.0,0.0,6000.0,117.25,-3487.0,-33.14009
147,2022,제천시하수도,7502.0,272478.0,279980.0,6826.0,82379.0,89205.0,25345.0,394536.0,0.0,0.0,-229105.0,190775.0,46.76,-11290.0,-11.23439
148,2022,은평구시설관리공단,717.0,108.0,825.0,325.0,0.0,325.0,500.0,0.0,0.0,0.0,0.0,500.0,65,76.0,30.52209
149,2022,충주시하수도,26698.0,385030.0,411728.0,5590.0,54292.0,59882.0,137140.0,396200.0,0.0,0.0,-181493.0,351847.0,17.02,-5496.0,-8.4065
150,2022,충청남도개발공사,669525.0,371821.0,1041346.0,282148.0,173213.0,455361.0,362453.0,0.0,-377.0,0.0,223909.0,585985.0,77.71,13480.0,3.0506
151,2022,창원레포츠파크,976.0,173.0,1149.0,547.0,0.0,547.0,600.0,0.0,0.0,0.0,2.0,602.0,90.86,-165.0,-23.17416
152,2022,부산지방공단스포원(부산시설공단 통합),9523.0,7847.0,17370.0,8706.0,8663.0,17370.0,0.0,0.0,0.0,0.0,0.0,0.0,0,2221.0,14.65443
153,2022,광주환경공단,4554.0,607.0,5161.0,4661.0,0.0,4661.0,500.0,0.0,0.0,0.0,0.0,500.0,932.2,1118.0,31.55518
154,2022,대구공공시설관리공단,29344.0,589102.0,618446.0,19060.0,572.0,19632.0,394650.0,213257.0,0.0,0.0,-9092.0,598814.0,3.28,12860.0,189.89959
155,2022,부산환경공단,11699.0,40.0,11738.0,11738.0,0.0,11738.0,0.0,0.0,0.0,0.0,0.0,0.0,0,-1669.0,-12.44872
156,2022,창원시설공단,5369.0,0.0,5369.0,3174.0,195.0,3369.0,2000.0,0.0,0.0,0.0,0.0,2000.0,168.45,-2519.0,-42.78193
157,2022,구미시설공단(폐지),2605.0,1587.0,4192.0,3691.0,0.0,3691.0,501.0,0.0,0.0,0.0,0.0,501.0,736.73,342.0,10.212
158,2022,청주시시설관리공단,1516.0,793.0,2309.0,1809.0,0.0,1809.0,500.0,0.0,0.0,0.0,0.0,500.0,361.8,836.0,85.91984
159,2022,정선군시설관리공단,121.0,0.0,121.0,21.0,0.0,21.0,100.0,0.0,0.0,0.0,0.0,100.0,21,7.0,50.0
160,2022,동해시시설관리공단,625.0,634.0,1259.0,738.0,0.0,738.0,543.0,0.0,0.0,0.0,-22.0,521.0,141.65,86.0,13.19018
161,2022,속초시시설관리공단,921.0,3.0,924.0,624.0,0.0,624.0,300.0,0.0,0.0,0.0,0.0,300.0,208,-79.0,-11.23755
162,2022,연천군시설관리공단,460.0,0.0,460.0,250.0,0.0,250.0,210.0,0.0,0.0,0.0,0.0,210.0,119.05,17.0,7.29614
163,2022,가평군시설관리공단,1666.0,314.0,1980.0,1780.0,0.0,1780.0,200.0,0.0,0.0,0.0,0.0,200.0,890,855.0,92.43243
164,2022,의정부시시설관리공단(폐지),4726.0,3347.0,8074.0,2909.0,3164.0,6074.0,2000.0,0.0,0.0,0.0,0.0,2000.0,303.7,-192.0,-3.08011
165,2022,오산시시설관리공단(폐지),303.0,45.0,348.0,148.0,0.0,148.0,200.0,0.0,0.0,0.0,0.0,200.0,74,93.0,169.09091
166,2022,안성시시설관리공단,3113.0,50.0,3163.0,2946.0,167.0,3113.0,50.0,0.0,0.0,0.0,0.0,50.0,6226,676.0,27.73902
167,2022,시흥도시공사,234795.0,90.0,234885.0,52582.0,12498.0,65080.0,167716.0,0.0,-403.0,0.0,2492.0,169805.0,38.33,-5678.0,-8.02453
168,2022,부천도시공사,158879.0,2559.0,161438.0,60301.0,1454.0,61755.0,102310.0,-340.0,0.0,0.0,-2287.0,99683.0,61.95,24503.0,65.77633
169,2022,수원도시공사,113715.0,2359.0,116074.0,43428.0,0.0,43428.0,76365.0,0.0,0.0,0.0,-3718.0,72647.0,59.78,31845.0,274.92877
170,2022,울산시설공단,1686.0,1399.0,3085.0,2515.0,0.0,2515.0,570.0,0.0,0.0,0.0,0.0,570.0,441.23,1447.0,135.48689
171,2022,대전광역시시설관리공단,8181.0,38.0,8220.0,5980.0,0.0,5980.0,1500.0,0.0,0.0,0.0,739.0,2239.0,267.08,-1083.0,-15.33343
172,2022,인천광역시서구시설관리공단,2022.0,0.0,2022.0,1022.0,0.0,1022.0,1000.0,0.0,0.0,0.0,0.0,1000.0,102.2,61.0,6.34755
173,2022,인천광역시계양구시설관리공단,723.0,80.0,803.0,360.0,17.0,377.0,425.0,0.0,0.0,0.0,0.0,425.0,88.71,21.0,5.89888
174,2022,인천광역시부평구시설관리공단,1074.0,1.0,1075.0,675.0,0.0,675.0,400.0,0.0,0.0,0.0,0.0,400.0,168.75,-460.0,-40.52863
175,2022,남동구도시관리공단,769.0,2.0,771.0,371.0,0.0,371.0,400.0,0.0,0.0,0.0,0.0,400.0,92.75,-2.0,-0.53619
176,2022,인천광역시미추홀구시설관리공단,970.0,0.0,970.0,454.0,16.0,470.0,500.0,0.0,0.0,0.0,0.0,500.0,94,39.0,9.04872
177,2022,인천시설공단,17977.0,6238.0,24215.0,13634.0,0.0,13634.0,10581.0,0.0,0.0,0.0,0.0,10581.0,128.85,3035.0,28.63478
178,2022,부산시설공단,24239.0,22063.0,46303.0,17039.0,22075.0,39114.0,2779.0,0.0,0.0,0.0,4410.0,7189.0,544.08,-13396.0,-25.51133
179,2022,중랑구시설관리공단,803.0,31.0,834.0,553.0,31.0,584.0,250.0,0.0,0.0,0.0,0.0,250.0,233.6,17.0,2.99824
180,2022,종로구시설관리공단,1851.0,86.0,1938.0,1079.0,0.0,1079.0,500.0,359.0,0.0,0.0,0.0,859.0,125.61,121.0,12.63048
181,2022,용산구시설관리공단,1420.0,0.0,1420.0,912.0,8.0,920.0,500.0,0.0,0.0,0.0,0.0,500.0,184,191.0,26.20027
182,2022,영등포구시설관리공단,2692.0,487.0,3179.0,1226.0,0.0,1226.0,1953.0,0.0,0.0,0.0,0.0,1953.0,62.78,365.0,42.39257
183,2022,양천구시설관리공단,1265.0,396.0,1661.0,661.0,0.0,661.0,1000.0,0.0,0.0,0.0,0.0,1000.0,66.1,0.0,0.0
184,2022,송파구시설관리공단,922.0,3169.0,4091.0,1474.0,0.0,1474.0,2617.0,0.0,0.0,0.0,0.0,2617.0,56.32,-714.0,-32.63254
185,2022,성북구도시관리공단,2121.0,1.0,2123.0,1658.0,65.0,1723.0,400.0,0.0,0.0,0.0,0.0,400.0,430.75,-260.0,-13.11145
186,2022,성동구도시관리공단,2212.0,0.0,2212.0,1612.0,0.0,1612.0,600.0,0.0,0.0,0.0,0.0,600.0,268.67,541.0,50.51354
187,2022,서대문구도시관리공단,1044.0,462.0,1506.0,826.0,0.0,826.0,680.0,0.0,0.0,0.0,0.0,680.0,121.47,233.0,39.29174
188,2022,마포구시설관리공단,2400.0,476.0,2876.0,2076.0,0.0,2076.0,800.0,0.0,0.0,0.0,0.0,800.0,259.5,296.0,16.62921
189,2022,동작구시설관리공단,687.0,467.0,1153.0,453.0,0.0,453.0,700.0,0.0,0.0,0.0,0.0,700.0,64.71,-32.0,-6.59794
190,2022,동대문구시설관리공단,1584.0,72.0,1657.0,857.0,0.0,857.0,800.0,0.0,0.0,0.0,0.0,800.0,107.13,263.0,44.27609
191,2022,도봉구시설관리공단,1734.0,6.0,1741.0,1241.0,0.0,1241.0,500.0,0.0,0.0,0.0,0.0,500.0,248.2,326.0,35.62842
192,2022,금천구시설관리공단,1036.0,63.0,1099.0,599.0,0.0,599.0,500.0,0.0,0.0,0.0,0.0,500.0,119.8,72.0,13.66224
193,2022,구로구시설관리공단,1046.0,303.0,1349.0,849.0,0.0,849.0,500.0,0.0,0.0,0.0,0.0,500.0,169.8,171.0,25.22124
194,2022,광진구시설관리공단,722.0,0.0,722.0,322.0,0.0,322.0,400.0,0.0,0.0,0.0,0.0,400.0,80.5,-157.0,-32.77662
195,2022,강서구시설관리공단,2586.0,51.0,2637.0,1615.0,22.0,1637.0,1000.0,0.0,0.0,0.0,0.0,1000.0,163.7,675.0,70.16632
196,2022,강북구도시관리공단,1465.0,0.0,1465.0,1180.0,25.0,1205.0,260.0,0.0,0.0,0.0,0.0,260.0,463.46,748.0,163.67615
197,2022,강동구도시관리공단,1487.0,637.0,2123.0,1523.0,0.0,1523.0,600.0,0.0,0.0,0.0,0.0,600.0,253.83,258.0,20.39526
198,2022,강남구도시관리공단,2156.0,886.0,3042.0,1842.0,0.0,1842.0,1200.0,0.0,0.0,0.0,0.0,1200.0,153.5,950.0,106.50224
199,2022,서울시설공단,149284.0,79153.0,228437.0,71098.0,128251.0,199349.0,26435.0,2653.0,0.0,0.0,0.0,29088.0,685.33,12772.0,6.84543
200,2022,창녕군시설관리공단,2237.0,199.0,2436.0,2136.0,0.0,2136.0,300.0,0.0,0.0,0.0,0.0,300.0,712,555.0,35.10436
201,2022,청도공영사업공사,2350.0,2528.0,4878.0,952.0,891.0,1842.0,1498.0,0.0,0.0,0.0,1537.0,3036.0,60.67,-355.0,-16.11288
202,2022,하남도시공사,623801.0,57600.0,681402.0,65934.0,277755.0,343689.0,178000.0,0.0,0.0,0.0,159713.0,337713.0,101.77,71335.0,26.19201
203,2022,용인도시공사,262298.0,23724.0,286022.0,144210.0,12.0,144222.0,128600.0,0.0,0.0,0.0,13200.0,141800.0,101.71,-29951.0,-17.19612
204,2022,경기평택항만공사,18794.0,96623.0,115417.0,10729.0,2509.0,13237.0,91686.0,0.0,0.0,0.0,10494.0,102180.0,12.95,627.0,4.98017
205,2022,광주도시관리공사,85722.0,1406.0,87128.0,26793.0,899.0,27692.0,55500.0,0.0,-122.0,0.0,4058.0,59436.0,46.59,-5861.0,-17.46789
206,2022,경기관광공사,16637.0,95659.0,112296.0,3686.0,33.0,3719.0,111280.0,0.0,0.0,0.0,-2703.0,108577.0,3.43,-4199.0,-53.03107
207,2022,구리농수산물공사,42651.0,159061.0,201712.0,1059.0,11964.0,13024.0,188562.0,0.0,0.0,0.0,126.0,188688.0,6.9,412.0,3.2588
208,2022,광주광역시 관광공사,3261.0,133823.0,137085.0,1755.0,207.0,1962.0,175201.0,0.0,0.0,0.0,-40079.0,135122.0,1.45,53.0,2.77632
209,2022,서울특별시농수산식품공사,165737.0,973415.0,1139152.0,79494.0,92597.0,172091.0,820622.0,2308.0,0.0,0.0,144131.0,967061.0,17.8,24697.0,16.75577
210,2022,제주특별자치도개발공사,414265.0,361452.0,775717.0,88052.0,94693.0,182745.0,97179.0,72.0,0.0,0.0,495721.0,592972.0,30.82,17080.0,10.30996
211,2022,경남개발공사,892949.0,334476.0,1227425.0,297604.0,464350.0,761954.0,137929.0,0.0,0.0,90548.0,236993.0,465471.0,163.7,102988.0,15.62873
212,2022,경상북도개발공사,1018523.0,131404.0,1149927.0,220245.0,69499.0,289744.0,283438.0,33.0,0.0,0.0,576712.0,860183.0,33.68,41120.0,16.53903
213,2022,전남개발공사,963695.0,175966.0,1139661.0,140442.0,273024.0,413467.0,390694.0,111837.0,0.0,0.0,223663.0,726194.0,56.94,43763.0,11.83704
214,2022,전북개발공사,281461.0,533614.0,815075.0,31490.0,443274.0,474764.0,137378.0,0.0,0.0,0.0,202933.0,340311.0,139.51,95440.0,25.16055
215,2022,충북개발공사,795536.0,6764.0,802300.0,303084.0,184638.0,487721.0,130176.0,0.0,0.0,0.0,184403.0,314579.0,155.04,84688.0,21.01292
216,2022,강원개발공사,303030.0,455752.0,758782.0,206802.0,457158.0,663960.0,336507.0,0.0,0.0,226460.0,-468144.0,94822.0,700.22,-603614.0,-47.61963
217,2022,경기주택도시공사,1.166218E7,3251707.0,1.4913887E7,4444959.0,5542781.0,9987740.0,1742771.0,5544.0,0.0,0.0,3177833.0,4926148.0,202.75,3950985.0,65.45
218,2022,대전도시공사,821819.0,213615.0,1035434.0,366852.0,201050.0,567902.0,236913.0,0.0,-130.0,0.0,230749.0,467532.0,121.47,-26594.0,-4.47337
219,2022,광주광역시도시공사,1101500.0,377623.0,1479124.0,668830.0,339359.0,1008189.0,195256.0,27118.0,0.0,0.0,248560.0,470934.0,214.08,358286.0,55.12915
220,2022,인천도시공사,7053731.0,1953501.0,9007232.0,2931459.0,3057970.0,5989429.0,2852717.0,0.0,-382223.0,181620.0,365690.0,3017803.0,198.47,76929.0,1.30112
221,2022,대구도시개발공사,1407235.0,285773.0,1693009.0,534516.0,459193.0,993709.0,272297.0,0.0,0.0,0.0,427002.0,699299.0,142.1,-231862.0,-18.91869
222,2022,부산도시공사,2061074.0,1097586.0,3158660.0,626722.0,566934.0,1193656.0,620489.0,0.0,0.0,68943.0,1275573.0,1965005.0,60.75,157040.0,15.14929
223,2022,서울주택도시개발공사,6271567.0,2.169095E7,2.7962517E7,2884915.0,1.5283842E7,1.8168757E7,7298200.0,0.0,-9079.0,-1582.0,2506221.0,9793760.0,185.51,534664.0,3.03199
224,2022,대전교통공사,19445.0,1380904.0,1400349.0,11942.0,34170.0,46112.0,2100342.0,0.0,0.0,0.0,-746105.0,1354237.0,3.41,2159.0,4.91207
225,2022,광주교통공사,17354.0,1100064.0,1117417.0,4867.0,43869.0,48736.0,1764329.0,0.0,0.0,0.0,-695648.0,1068681.0,4.56,2128.0,4.56574
226,2022,인천교통공사,96835.0,4272229.0,4369064.0,55767.0,286799.0,342566.0,4810379.0,673537.0,503955.0,0.0,-1961374.0,4026498.0,8.51,45522.0,15.325
227,2022,대구교통공사,112532.0,4108885.0,4221417.0,202671.0,438753.0,641424.0,6394511.0,305743.0,49039.0,142.0,-3169442.0,3579992.0,17.92,33958.0,5.59011
228,2022,부산교통공사,95834.0,3997369.0,4093203.0,297013.0,1125507.0,1422520.0,5209028.0,0.0,0.0,0.0,-2538346.0,2670683.0,53.26,157539.0,12.45386
229,2022,진주시공영개발,229114.0,2226.0,231340.0,0.0,0.0,0.0,10000.0,0.0,0.0,0.0,221340.0,231340.0,0,-4195.0,-100.0
230,2022,창원시주택건설사업,1080.0,68649.0,69729.0,8.0,34164.0,34173.0,13127.0,32480.0,0.0,0.0,-10051.0,35556.0,96.11,465.0,1.37653
231,2022,광양시공영개발,21003.0,113101.0,134104.0,0.0,0.0,0.0,42.0,7017.0,0.0,0.0,127045.0,134104.0,0,0.0,0.0
232,2022,순천시공영개발,68334.0,469.0,68802.0,0.0,0.0,0.0,0.0,0.0,0.0,0.0,68802.0,68802.0,0,-1.0,-100.0
233,2022,목포시공영개발,103378.0,7013.0,110391.0,253.0,0.0,253.0,0.0,285.0,0.0,0.0,109853.0,110138.0,0.23,-816.0,-76.33302
234,2022,익산시공영개발,165955.0,14200.0,180155.0,27296.0,0.0,27296.0,400.0,112227.0,0.0,0.0,40231.0,152859.0,17.86,-4448.0,-14.0121
235,2022,계룡시공영개발,82280.0,9873.0,92153.0,12331.0,0.0,12331.0,0.0,31144.0,0.0,0.0,48679.0,79823.0,15.45,7687.0,165.52541
236,2022,세종특별자치시공영개발,54498.0,105165.0,159662.0,2896.0,1371.0,4267.0,0.0,4992.0,0.0,96861.0,53543.0,155395.0,2.75,-158.0,-3.57062
237,2022,아산시공영개발,880.0,3713.0,4593.0,0.0,0.0,0.0,0.0,32695.0,0.0,0.0,-28102.0,4593.0,0,0.0,0.0
238,2022,천안시공영개발,133692.0,0.0,133692.0,0.0,0.0,0.0,127.0,0.0,0.0,0.0,133566.0,133692.0,0,-29.0,-100.0
239,2022,음성군공영개발,41773.0,3550.0,45323.0,40.0,5341.0,5382.0,0.0,26340.0,0.0,0.0,13601.0,39942.0,13.47,-9690.0,-64.29804
240,2022,충주시공영개발,119346.0,6241.0,125588.0,0.0,0.0,0.0,0.0,90286.0,0.0,0.0,35302.0,125588.0,0,-1417.0,-100.0
241,2022,강릉시공영개발,25008.0,55079.0,80087.0,2651.0,0.0,2651.0,0.0,104418.0,0.0,0.0,-26982.0,77436.0,3.42,1451.0,120.91667
242,2022,원주시공영개발,98553.0,58299.0,156852.0,34126.0,0.0,34126.0,14450.0,3217.0,0.0,0.0,105059.0,122726.0,27.81,23044.0,207.9408
243,2022,춘천시공영개발,6436.0,271208.0,277644.0,3.0,0.0,3.0,236.0,207743.0,0.0,314.0,69349.0,277642.0,0,2.0,200.0
244,2022,경기도판교테크노밸리조성사업,154234.0,309314.0,463548.0,17.0,0.0,17.0,0.0,0.0,0.0,0.0,463531.0,463531.0,0,-20.0,-54.05405
245,2022,안성시공영개발,75641.0,0.0,75641.0,0.0,129.0,129.0,5737.0,9621.0,0.0,0.0,60154.0,75512.0,0.17,-1766.0,-93.19261
246,2022,의왕시공영개발,38343.0,5395.0,43738.0,7.0,0.0,7.0,0.0,31190.0,0.0,0.0,12541.0,43731.0,0.02,-31011.0,-99.97743
247,2022,시흥시공영개발,306281.0,335880.0,642161.0,159772.0,0.0,159772.0,3.0,125931.0,0.0,0.0,356455.0,482389.0,33.12,-118789.0,-42.6438
248,2022,의정부시공영개발,97050.0,22164.0,119214.0,0.0,0.0,0.0,0.0,14490.0,0.0,0.0,104724.0,119214.0,0,-195.0,-100.0
249,2022,성남시공영개발,85196.0,38657.0,123853.0,63.0,7691.0,7754.0,103.0,22740.0,0.0,0.0,93255.0,116099.0,6.68,25.0,0.32346
250,2022,제주특별자치도하수도,100075.0,1383107.0,1483182.0,49035.0,467060.0,516095.0,640567.0,1382006.0,0.0,0.0,-1055485.0,967088.0,53.37,-4181.0,-0.80361
251,2022,창녕군하수도,20962.0,186576.0,207538.0,0.0,0.0,0.0,30746.0,248489.0,0.0,0.0,-71696.0,207538.0,0,0.0,0.0
252,2022,양산시하수도,40614.0,389791.0,430405.0,374.0,55892.0,56266.0,249887.0,256466.0,0.0,0.0,-132214.0,374139.0,15.04,-4405.0,-7.26047
253,2022,밀양시하수도,9785.0,365677.0,375462.0,1.0,0.0,1.0,57659.0,414929.0,0.0,0.0,-97126.0,375461.0,0,0.0,0.0
254,2022,통영시하수도,440.0,107729.0,108169.0,4859.0,55696.0,60555.0,89836.0,90330.0,0.0,0.0,-132551.0,47615.0,127.18,-4691.0,-7.18971
255,2022,거창군하수도,7665.0,165097.0,172762.0,2641.0,16691.0,19331.0,34837.0,166154.0,0.0,0.0,-47560.0,153431.0,12.6,-1783.0,-8.4399
256,2022,사천시하수도,5809.0,229018.0,234828.0,0.0,0.0,0.0,119493.0,263828.0,0.0,0.0,-148493.0,234828.0,0,-9.0,-100.0
257,2022,김해시하수도,89962.0,612691.0,702653.0,16508.0,119207.0,135715.0,47719.0,789737.0,0.0,0.0,-270519.0,566938.0,23.94,-12311.0,-8.31678
258,2022,진주시하수도,38182.0,507765.0,545947.0,10218.0,109806.0,120024.0,86268.0,659713.0,0.0,0.0,-320058.0,425923.0,28.18,-9812.0,-7.55723
259,2022,창원시하수도,33509.0,703548.0,737057.0,58.0,80333.0,80391.0,363381.0,682155.0,0.0,0.0,-388871.0,656666.0,12.24,-7901.0,-8.94872
260,2022,영주시하수도,6239.0,166744.0,172983.0,9048.0,82611.0,91659.0,22496.0,229158.0,0.0,0.0,-170330.0,81323.0,112.71,-6588.0,-6.70555
261,2022,상주시하수도,16413.0,95337.0,111750.0,8696.0,65265.0,73961.0,29200.0,273454.0,0.0,0.0,-264864.0,37789.0,195.72,-8413.0,-10.21317
262,2022,경산시하수도,16345.0,243562.0,259907.0,0.0,0.0,0.0,21730.0,422700.0,0.0,0.0,-184524.0,259907.0,0,0.0,0.0
263,2022,영천시하수도,20252.0,266231.0,286484.0,2.0,0.0,2.0,73738.0,337069.0,0.0,0.0,-124325.0,286482.0,0,-158.0,-98.75
264,2022,안동시하수도,19322.0,339954.0,359276.0,12.0,0.0,12.0,62353.0,467324.0,0.0,0.0,-170413.0,359264.0,0,3.0,33.33333
265,2022,구미시하수도,29250.0,721932.0,751182.0,22.0,72453.0,72475.0,81011.0,878791.0,0.0,0.0,-281096.0,678706.0,10.68,24751.0,51.86279
266,2022,경주시하수도,15106.0,369409.0,384515.0,11245.0,96961.0,108206.0,8468.0,757341.0,0.0,0.0,-489500.0,276309.0,39.16,-10891.0,-9.14465
267,2022,영암군하수도,8994.0,224230.0,233224.0,0.0,0.0,0.0,70348.0,274698.0,0.0,0.0,-111822.0,233224.0,0,0.0,0.0
268,2022,나주시하수도,7186.0,230619.0,237805.0,2911.0,36232.0,39143.0,19637.0,312748.0,0.0,0.0,-133723.0,198662.0,19.7,-2635.0,-6.30715
269,2022,순천시하수도,24502.0,471653.0,496155.0,4960.0,56977.0,61937.0,261570.0,452356.0,-172.0,0.0,-279536.0,434218.0,14.26,-2917.0,-4.4978
270,2022,목포시하수도,35214.0,421096.0,456310.0,9563.0,74078.0,83640.0,175428.0,500296.0,0.0,0.0,-303054.0,372670.0,22.44,-9311.0,-10.01603
271,2022,정읍시하수도,13603.0,177825.0,191428.0,41.0,21467.0,21508.0,97047.0,281855.0,0.0,0.0,-208983.0,169920.0,12.66,-2594.0,-10.76259
272,2022,익산시하수도,24486.0,401100.0,425587.0,7514.0,84874.0,92388.0,92233.0,500568.0,823.0,0.0,-260424.0,333199.0,27.73,-6745.0,-6.80399
273,2022,완주군하수도,9911.0,20274.0,30184.0,0.0,0.0,0.0,16341.0,25088.0,0.0,0.0,-11245.0,30184.0,0,0.0,0.0
274,2022,전주시하수도,72662.0,571098.0,643760.0,12447.0,59102.0,71549.0,83820.0,702234.0,-213843.0,0.0,0.0,572211.0,12.5,-4568.0,-6.00129
275,2022,서산시하수도,25188.0,320596.0,345784.0,4544.0,47855.0,52399.0,55535.0,426735.0,0.0,0.0,-188886.0,293385.0,17.86,-4524.0,-7.94758
276,2022,아산시하수도,18693.0,587500.0,606193.0,5969.0,41375.0,47344.0,58570.0,630708.0,0.0,0.0,-130429.0,558849.0,8.47,-5836.0,-10.97405
277,2022,천안시하수도,116702.0,648675.0,765376.0,10650.0,98084.0,108734.0,357618.0,753925.0,0.0,0.0,-454901.0,656643.0,16.56,-10211.0,-8.58464
278,2022,공주시하수도,12177.0,266413.0,278589.0,10.0,66.0,76.0,82807.0,324488.0,0.0,0.0,-128782.0,278513.0,0.03,-13980.0,-99.45931
279,2022,청주시하수도,96653.0,876402.0,973055.0,3600.0,15469.0,19069.0,378970.0,808388.0,0.0,0.0,-233372.0,953986.0,2,230.0,1.22087
280,2022,속초시하수도,7770.0,159060.0,166831.0,18.0,5426.0,5444.0,129351.0,193731.0,0.0,0.0,-161696.0,161386.0,3.37,78.0,1.4536
281,2022,춘천시하수도,55104.0,488828.0,543932.0,5946.0,76492.0,82438.0,50600.0,780414.0,0.0,0.0,-369520.0,461493.0,17.86,-5676.0,-6.44166
282,2022,가평군하수도,6835.0,333138.0,339974.0,34.0,64.0,98.0,75220.0,320553.0,0.0,0.0,-55897.0,339876.0,0.03,-10.0,-9.25926
283,2022,김포시하수도,21038.0,408267.0,429305.0,8238.0,127302.0,135540.0,75002.0,514962.0,0.0,0.0,-296198.0,293765.0,46.14,-7966.0,-5.55099
284,2022,안양시하수도,61173.0,728912.0,790085.0,33.0,7789.0,7822.0,163550.0,712691.0,0.0,0.0,-93978.0,782263.0,1,-1694.0,-17.8016
285,2022,평택시하수도,38173.0,935411.0,973584.0,7653.0,92742.0,100394.0,171456.0,994039.0,0.0,0.0,-292306.0,873189.0,11.5,-7301.0,-6.7784
286,2022,광주시하수도,101823.0,522762.0,624585.0,96.0,0.0,96.0,218600.0,533748.0,0.0,0.0,-127859.0,624489.0,0.02,-395.0,-80.44807
287,2022,안성시하수도,31318.0,342634.0,373952.0,3498.0,41323.0,44821.0,33313.0,435557.0,0.0,0.0,-139740.0,329130.0,13.62,-3374.0,-7.00073
288,2022,남양주시하수도,33652.0,577442.0,611094.0,24.0,416.0,440.0,222725.0,590763.0,0.0,0.0,-202834.0,610654.0,0.07,-159.0,-26.54424
289,2022,의왕시하수도,36507.0,93444.0,129950.0,29.0,436.0,465.0,57612.0,94240.0,0.0,0.0,-22367.0,129485.0,0.36,-1091.0,-70.11568
290,2022,용인시하수도,81406.0,1170132.0,1251538.0,9542.0,100016.0,109559.0,213296.0,1343012.0,0.0,0.0,-414328.0,1141980.0,9.59,795.0,0.73002
291,2022,군포시하수도,29290.0,78171.0,107461.0,60.0,199.0,259.0,43605.0,97239.0,0.0,0.0,-33642.0,107202.0,0.24,50.0,23.92344
292,2022,여주시하수도,4051.0,153480.0,157531.0,359.0,0.0,359.0,43519.0,147096.0,0.0,0.0,-33442.0,157172.0,0.23,216.0,151.04895
293,2022,오산시하수도,52274.0,251546.0,303820.0,151.0,0.0,151.0,76838.0,338579.0,0.0,0.0,-111748.0,303669.0,0.05,99.0,190.38462
294,2022,포천시하수도,17977.0,514403.0,532381.0,11.0,0.0,11.0,52230.0,699948.0,0.0,0.0,-219809.0,532369.0,0,2.0,22.22222
295,2022,시흥시하수도,26086.0,485968.0,512054.0,23335.0,38192.0,61527.0,136568.0,398520.0,0.0,0.0,-84561.0,450527.0,13.66,-4643.0,-7.01677
296,2022,구리시하수도,31772.0,278726.0,310498.0,19.0,348.0,367.0,32848.0,359356.0,0.0,0.0,-82072.0,310131.0,0.12,51.0,16.13924
297,2022,성남시하수도,51815.0,376541.0,428356.0,167.0,1032.0,1199.0,170972.0,462210.0,0.0,0.0,-206024.0,427157.0,0.28,-56.0,-4.46215
298,2022,과천시하수도,2297.0,42928.0,45225.0,219.0,7435.0,7654.0,18333.0,80607.0,0.0,0.0,-61369.0,37571.0,20.37,700.0,10.06615
299,2022,안산시하수도,79743.0,426979.0,506721.0,405.0,929.0,1333.0,160660.0,493909.0,0.0,0.0,-149181.0,505388.0,0.26,-128.0,-8.69268
300,2022,부천시하수도,101289.0,818955.0,920243.0,41.0,653.0,695.0,181339.0,795409.0,0.0,0.0,-57199.0,919549.0,0.08,95.0,15.66667
301,2022,광명시하수도,15434.0,67049.0,82483.0,98.0,642.0,741.0,58067.0,115442.0,0.0,0.0,-91766.0,81742.0,0.91,60.0,8.66373
302,2022,의정부시하수도,19811.0,325388.0,345199.0,2.0,76.0,78.0,93336.0,413656.0,0.0,0.0,-161871.0,345121.0,0.02,76.0,3800.0
303,2022,수원시하수도,127070.0,715306.0,842376.0,210.0,1537.0,1747.0,67175.0,1072800.0,0.0,0.0,-299347.0,840629.0,0.21,-241.0,-12.12274
304,2022,울산광역시하수도,31581.0,1040095.0,1071676.0,13559.0,130598.0,144158.0,62559.0,1076604.0,0.0,0.0,-211645.0,927518.0,15.54,-7228.0,-4.77521
305,2022,대전광역시하수도,124215.0,679073.0,803288.0,19562.0,137189.0,156751.0,73813.0,891459.0,0.0,0.0,-318736.0,646537.0,24.24,-13315.0,-7.82931
306,2022,광주광역시하수도,109582.0,895721.0,1005303.0,13402.0,149756.0,163159.0,62855.0,987857.0,0.0,0.0,-208568.0,842144.0,19.37,-12887.0,-7.32081
307,2022,인천광역시하수도,44451.0,1417040.0,1461490.0,11929.0,65286.0,77214.0,115720.0,1513374.0,0.0,0.0,-244818.0,1384276.0,5.58,-14863.0,-16.14084
308,2022,대구광역시하수도,112958.0,1973091.0,2086049.0,0.0,263197.0,263197.0,144189.0,1976765.0,0.0,0.0,-298102.0,1822852.0,14.44,7158.0,2.79567
309,2022,부산광역시하수도,140513.0,2839097.0,2979610.0,22148.0,449517.0,471664.0,807736.0,2361785.0,0.0,0.0,-661575.0,2507946.0,18.81,-21375.0,-4.33515
310,2022,제주특별자치도상수도,48125.0,790391.0,838516.0,17808.0,93516.0,111324.0,136897.0,621210.0,0.0,0.0,-30914.0,727192.0,15.31,21418.0,23.82266
311,2022,거창군상수도,8978.0,109177.0,118155.0,0.0,84.0,84.0,19044.0,112429.0,0.0,0.0,-13402.0,118070.0,0.07,9.0,12.0
312,2022,창녕군상수도,6887.0,91220.0,98107.0,0.0,351.0,351.0,4787.0,131737.0,0.0,0.0,-38767.0,97757.0,0.36,15.0,4.46429
313,2022,양산시상수도,29483.0,225243.0,254726.0,386.0,0.0,386.0,2936.0,249381.0,0.0,0.0,2023.0,254340.0,0.15,275.0,247.74775
314,2022,거제시상수도,4749.0,194392.0,199141.0,1312.0,9558.0,10870.0,7133.0,210009.0,0.0,0.0,-28871.0,188271.0,5.77,-1017.0,-8.55556
315,2022,밀양시상수도,17440.0,148186.0,165626.0,9.0,659.0,668.0,1834.0,199908.0,0.0,0.0,-36783.0,164958.0,0.4,358.0,115.48387
316,2022,김해시상수도,50179.0,518891.0,569070.0,6046.0,0.0,6046.0,3795.0,530916.0,0.0,0.0,28313.0,563023.0,1.07,5993.0,11307.54717
317,2022,사천시상수도,2118.0,115040.0,117158.0,0.0,0.0,0.0,3771.0,117099.0,0.0,0.0,-3711.0,117158.0,0,-440.0,-100.0
318,2022,통영시상수도,4313.0,62205.0,66519.0,0.0,0.0,0.0,5328.0,82161.0,0.0,0.0,-20971.0,66519.0,0,0.0,0.0
319,2022,진주시상수도,31606.0,262002.0,293607.0,181.0,314.0,495.0,2045.0,254810.0,0.0,0.0,36258.0,293113.0,0.17,-116.0,-18.98527
320,2022,창원시상수도,34196.0,654910.0,689106.0,109.0,1877.0,1986.0,10082.0,653644.0,0.0,0.0,23395.0,687120.0,0.29,58.0,3.0083
321,2022,경산시상수도,21289.0,276174.0,297463.0,197.0,5682.0,5878.0,6401.0,320384.0,0.0,0.0,-35200.0,291585.0,2.02,0.0,0.01701
322,2022,문경시상수도,19595.0,152388.0,171983.0,0.0,464.0,464.0,6131.0,193189.0,0.0,0.0,-27801.0,171519.0,0.27,-184.0,-28.39506
323,2022,상주시상수도,34190.0,293813.0,328002.0,7.0,170.0,177.0,5347.0,377652.0,0.0,0.0,-55175.0,327825.0,0.05,65.0,58.03571
324,2022,칠곡군상수도,6394.0,109219.0,115613.0,0.0,0.0,0.0,38072.0,113071.0,0.0,0.0,-35530.0,115613.0,0,-8.0,-100.0
325,2022,울진군상수도,7651.0,198555.0,206206.0,202.0,0.0,202.0,16296.0,231780.0,0.0,0.0,-42073.0,206003.0,0.1,43.0,27.04403
326,2022,영천시상수도,12848.0,269739.0,282587.0,82.0,0.0,82.0,3363.0,292660.0,0.0,0.0,-13518.0,282505.0,0.03,-369.0,-81.81818
327,2022,영주시상수도,12889.0,193568.0,206457.0,545.0,959.0,1504.0,3665.0,216242.0,0.0,0.0,-14954.0,204953.0,0.73,572.0,61.37339
328,2022,구미시상수도,24030.0,236323.0,260353.0,161.0,3713.0,3873.0,8776.0,222505.0,0.0,0.0,25199.0,256480.0,1.51,69.0,1.84017
329,2022,안동시상수도,52795.0,381366.0,434162.0,68.0,0.0,68.0,7202.0,440987.0,0.0,0.0,-14095.0,434093.0,0.02,-4.0,-5.55556
330,2022,김천시상수도,16002.0,171225.0,187227.0,63.0,56.0,119.0,2531.0,171585.0,0.0,0.0,12993.0,187108.0,0.06,30.0,33.70787
331,2022,경주시상수도,22139.0,249988.0,272127.0,1152.0,0.0,1152.0,8265.0,309964.0,0.0,0.0,-47254.0,270975.0,0.43,983.0,581.6568
332,2022,포항시상수도,12954.0,325487.0,338441.0,418.0,1613.0,2031.0,16245.0,373862.0,0.0,0.0,-53696.0,336410.0,0.6,232.0,12.89605
333,2022,영암군상수도,18169.0,143675.0,161844.0,16.0,0.0,16.0,65302.0,156066.0,0.0,0.0,-59542.0,161827.0,0.01,5.0,45.45455
334,2022,광양시상수도,14332.0,147982.0,162314.0,500.0,0.0,500.0,9087.0,141296.0,0.0,0.0,11431.0,161813.0,0.31,499.0,49900.0
335,2022,나주시상수도,8872.0,136181.0,145053.0,12.0,10351.0,10364.0,6089.0,145750.0,0.0,0.0,-17150.0,134689.0,7.69,-1065.0,-9.32715
336,2022,순천시상수도,34023.0,221219.0,255242.0,62.0,53.0,115.0,58276.0,184094.0,0.0,0.0,12757.0,255127.0,0.05,-44.0,-27.67296
337,2022,여수시상수도,46058.0,271494.0,317552.0,1120.0,442.0,1562.0,2246.0,322679.0,0.0,0.0,-8936.0,315990.0,0.49,1010.0,182.97101
338,2022,목포시상수도,9871.0,143084.0,152955.0,111.0,454.0,565.0,2052.0,171885.0,0.0,0.0,-21547.0,152390.0,0.37,19.0,3.47985
339,2022,고창군상수도,2432.0,94264.0,96697.0,54.0,0.0,54.0,34408.0,83703.0,0.0,0.0,-21469.0,96643.0,0.06,-128.0,-70.32967
340,2022,완주군상수도,10747.0,14663.0,25410.0,47.0,0.0,47.0,13227.0,5007.0,0.0,0.0,7130.0,25363.0,0.19,-16.0,-25.39683
341,2022,김제시상수도,8364.0,114942.0,123306.0,68.0,715.0,782.0,4506.0,176239.0,0.0,0.0,-58221.0,122523.0,0.64,-161.0,-16.96713
342,2022,남원시상수도,16836.0,136879.0,153716.0,0.0,841.0,841.0,1979.0,212322.0,0.0,0.0,-61427.0,152874.0,0.55,119.0,16.48199
343,2022,정읍시상수도,4035.0,96761.0,100796.0,715.0,8522.0,9237.0,2493.0,121971.0,0.0,0.0,-32905.0,91559.0,10.09,-2585.0,-21.86601
344,2022,익산시상수도,7963.0,174515.0,182478.0,52.0,320.0,372.0,6329.0,174215.0,23545.0,0.0,-21984.0,182105.0,0.2,72.0,24.0
345,2022,군산시상수도,12723.0,269242.0,281965.0,75.0,491.0,566.0,1887.0,209053.0,0.0,0.0,70458.0,281399.0,0.2,-1130.0,-66.62736
346,2022,전주시상수도,13209.0,373215.0,386424.0,3068.0,9955.0,13022.0,3602.0,223603.0,0.0,0.0,146196.0,373401.0,3.49,-2878.0,-18.09434
347,2022,홍성군상수도,1647.0,142290.0,143937.0,117.0,0.0,117.0,15026.0,163796.0,0.0,0.0,-35002.0,143820.0,0.08,15.0,14.70588
348,2022,당진시상수도,52634.0,196638.0,249272.0,104.0,757.0,860.0,20176.0,251261.0,0.0,0.0,-23025.0,248412.0,0.35,-292.0,-25.26042
349,2022,예산군상수도,7487.0,75854.0,83341.0,0.0,0.0,0.0,1105.0,95930.0,0.0,0.0,-13694.0,83341.0,0,-2.0,-100.0
350,2022,논산시상수도,23806.0,161609.0,185416.0,0.0,0.0,0.0,4017.0,193255.0,0.0,0.0,-11856.0,185416.0,0,-62.0,-100.0
351,2022,서산시상수도,16467.0,190389.0,206856.0,28.0,32.0,60.0,4039.0,223112.0,0.0,0.0,-20355.0,206796.0,0.03,0.0,0.0
352,2022,아산시상수도,16674.0,301565.0,318238.0,379.0,0.0,379.0,11206.0,316332.0,0.0,0.0,-9679.0,317859.0,0.12,-47.0,-11.03286
353,2022,보령시상수도,26364.0,193364.0,219728.0,957.0,0.0,957.0,3408.0,257515.0,0.0,0.0,-42152.0,218771.0,0.44,-5468.0,-85.10506
354,2022,공주시상수도,13177.0,152787.0,165964.0,121.0,894.0,1015.0,3671.0,184496.0,0.0,0.0,-23218.0,164949.0,0.62,-53.0,-4.96255
355,2022,천안시상수도,89117.0,389980.0,479097.0,1195.0,1180.0,2375.0,13363.0,501899.0,0.0,0.0,-38539.0,476722.0,0.5,-832.0,-25.94325
356,2022,옥천군상수도,4124.0,140992.0,145115.0,20.0,0.0,20.0,4049.0,168519.0,0.0,0.0,-27473.0,145095.0,0.01,0.0,0.0
357,2022,제천시상수도,9113.0,184229.0,193341.0,22.0,733.0,755.0,2444.0,244162.0,0.0,0.0,-54019.0,192587.0,0.39,106.0,16.33282
358,2022,충주시상수도,16963.0,230235.0,247197.0,35.0,441.0,476.0,8212.0,204147.0,0.0,0.0,34362.0,246721.0,0.19,-523.0,-52.35235
359,2022,청주시상수도,62374.0,682092.0,744466.0,1090.0,4074.0,5164.0,211593.0,501199.0,0.0,0.0,26510.0,739302.0,0.7,-1424.0,-21.61506
360,2022,고성군상수도,9342.0,145428.0,154770.0,10623.0,4075.0,14699.0,9326.0,152880.0,0.0,-22134.0,0.0,140072.0,10.49,9945.0,209.17122
361,2022,철원군상수도,9612.0,141319.0,150931.0,709.0,0.0,709.0,7752.0,151500.0,0.0,0.0,-9029.0,150223.0,0.47,66.0,10.26439
362,2022,정선군상수도,9065.0,84863.0,93928.0,0.0,0.0,0.0,6006.0,108305.0,0.0,0.0,-20384.0,93928.0,0,0.0,0.0
363,2022,홍천군상수도,13167.0,210037.0,223205.0,130.0,133.0,263.0,6081.0,237466.0,0.0,0.0,-20605.0,222942.0,0.12,53.0,25.2381
364,2022,삼척시상수도,7333.0,169426.0,176759.0,0.0,0.0,0.0,1938.0,223903.0,0.0,0.0,-49082.0,176759.0,0,-121.0,-100.0
365,2022,속초시상수도,9818.0,111544.0,121362.0,36.0,400.0,436.0,1440.0,115548.0,0.0,0.0,3937.0,120925.0,0.36,-111.0,-20.2925
366,2022,태백시상수도,20346.0,97879.0,118225.0,174.0,30.0,204.0,3441.0,129517.0,0.0,0.0,-14937.0,118021.0,0.17,-84.0,-29.16667
367,2022,동해시상수도,4838.0,91101.0,95939.0,232.0,785.0,1017.0,2714.0,136312.0,0.0,0.0,-44105.0,94921.0,1.07,152.0,17.57225
368,2022,강릉시상수도,16130.0,242817.0,258947.0,382.0,604.0,986.0,1681.0,235173.0,0.0,0.0,21107.0,257961.0,0.38,-181.0,-15.50985
369,2022,원주시상수도,22983.0,273326.0,296309.0,1258.0,0.0,1258.0,1735.0,222978.0,0.0,0.0,70339.0,295051.0,0.43,69.0,5.8032
370,2022,춘천시상수도,47659.0,304195.0,351853.0,2335.0,5882.0,8216.0,9193.0,379794.0,0.0,0.0,-45350.0,343637.0,2.39,218.0,2.73818
371,2022,인제군상수도,26107.0,207639.0,233746.0,4680.0,30.0,4710.0,27283.0,246704.0,0.0,0.0,-44952.0,229036.0,2.06,1061.0,29.07646
372,2022,평창군상수도,13381.0,284162.0,297542.0,10.0,0.0,10.0,15095.0,356988.0,0.0,0.0,-74551.0,297532.0,0,8.0,400.0
373,2022,영월군상수도,21094.0,140052.0,161147.0,72.0,0.0,72.0,10968.0,183878.0,0.0,0.0,-33772.0,161074.0,0.04,7.0,10.76923
374,2022,가평군상수도,17986.0,132116.0,150102.0,59.0,932.0,990.0,15153.0,166446.0,0.0,0.0,-32487.0,149112.0,0.66,53.0,5.76307
375,2022,여주시상수도,13374.0,215822.0,229195.0,50.0,0.0,50.0,6849.0,262261.0,0.0,0.0,-39965.0,229145.0,0.02,-1611.0,-96.98977
376,2022,양평군상수도,30168.0,221252.0,251420.0,737.0,224.0,961.0,14881.0,270899.0,0.0,0.0,-35320.0,250459.0,0.38,-452.0,-31.98868
377,2022,포천시상수도,21160.0,189869.0,211029.0,2461.0,0.0,2461.0,19763.0,254196.0,0.0,0.0,-65391.0,208568.0,1.18,2345.0,2021.55172
378,2022,안성시상수도,36400.0,212942.0,249341.0,700.0,547.0,1247.0,10346.0,236056.0,0.0,0.0,1692.0,248094.0,0.5,1217.0,4056.66667
379,2022,연천군상수도,23896.0,222413.0,246309.0,93.0,0.0,93.0,4412.0,244670.0,0.0,0.0,-2865.0,246217.0,0.04,-108.0,-53.73134
380,2022,광주시상수도,67847.0,353275.0,421122.0,24.0,68.0,91.0,5754.0,407366.0,0.0,0.0,7910.0,421031.0,0.02,-16.0,-14.01869
381,2022,화성시상수도,75668.0,645372.0,721040.0,1432.0,2855.0,4287.0,1024.0,667452.0,0.0,0.0,48278.0,716753.0,0.6,-545.0,-11.27897
382,2022,이천시상수도,52215.0,264639.0,316854.0,326.0,457.0,783.0,10228.0,262657.0,0.0,0.0,43186.0,316071.0,0.25,-6968.0,-89.89808
383,2022,파주시상수도,113419.0,280943.0,394361.0,141.0,0.0,141.0,2665.0,347924.0,0.0,0.0,43632.0,394220.0,0.04,-448.0,-76.06112
384,2022,용인시상수도,19913.0,551981.0,571893.0,3050.0,2314.0,5363.0,13829.0,642060.0,0.0,0.0,-89359.0,566530.0,0.95,-409.0,-7.06861
385,2022,하남시상수도,40084.0,157061.0,197146.0,74.0,30.0,104.0,12212.0,183746.0,0.0,0.0,1084.0,197042.0,0.05,24.0,30.0
386,2022,양주시상수도,6085.0,248098.0,254183.0,790.0,0.0,790.0,22896.0,262089.0,0.0,0.0,-31592.0,253393.0,0.31,752.0,1978.94737
387,2022,의왕시상수도,24595.0,100887.0,125482.0,38.0,19.0,58.0,17077.0,112794.0,0.0,0.0,-4448.0,125424.0,0.05,19.0,46.15385
388,2022,군포시상수도,52883.0,127889.0,180773.0,427.0,128.0,555.0,28790.0,140145.0,0.0,0.0,11283.0,180218.0,0.31,-115.0,-17.16418
389,2022,시흥시상수도,39939.0,235672.0,275611.0,101.0,178.0,279.0,9704.0,209870.0,0.0,0.0,55758.0,275333.0,0.1,110.0,65.08876
390,2022,오산시상수도,15259.0,89987.0,105245.0,565.0,0.0,565.0,1581.0,118881.0,0.0,0.0,-15781.0,104680.0,0.54,14.0,2.54083
391,2022,남양주시상수도,38160.0,302769.0,340929.0,189.0,749.0,938.0,3285.0,363156.0,0.0,0.0,-26449.0,339992.0,0.28,50.0,5.63063
392,2022,평택시상수도,102042.0,806172.0,908215.0,2077.0,2072.0,4150.0,12863.0,790586.0,0.0,0.0,100616.0,904065.0,0.46,72.0,1.74105
393,2022,김포시상수도,50660.0,468947.0,519607.0,711.0,0.0,711.0,74255.0,407246.0,0.0,0.0,37395.0,518896.0,0.14,-143.0,-16.74473
394,2022,구리시상수도,4625.0,106009.0,110634.0,29.0,401.0,431.0,1961.0,96581.0,0.0,0.0,11661.0,110203.0,0.39,75.0,20.78652
395,2022,과천시상수도,5305.0,53603.0,58909.0,1.0,0.0,1.0,2784.0,79670.0,0.0,0.0,-23546.0,58908.0,0,-219.0,-99.54545
396,2022,고양시상수도,29204.0,245435.0,274639.0,1566.0,1106.0,2672.0,19098.0,291383.0,0.0,0.0,-38514.0,271967.0,0.98,-600.0,-18.33741
397,2022,안산시상수도,37018.0,395605.0,432623.0,2657.0,1233.0,3890.0,18482.0,361144.0,0.0,0.0,49107.0,428733.0,0.91,2866.0,279.88281
398,2022,동두천시상수도,14094.0,164289.0,178383.0,756.0,26559.0,27315.0,2986.0,185945.0,0.0,0.0,-37862.0,151068.0,18.08,-6304.0,-18.7513
399,2022,광명시상수도,33889.0,100092.0,133981.0,2613.0,682.0,3296.0,9439.0,89271.0,0.0,0.0,31975.0,130685.0,2.52,1167.0,54.7675
400,2022,부천시상수도,45420.0,336954.0,382374.0,2925.0,1351.0,4276.0,25000.0,315922.0,0.0,0.0,37176.0,378098.0,1.13,-119.0,-2.70762
401,2022,안양시상수도,36513.0,295454.0,331967.0,821.0,0.0,821.0,6518.0,239622.0,0.0,0.0,85006.0,331146.0,0.25,-541.0,-39.721
402,2022,의정부시상수도,8483.0,137986.0,146470.0,2.0,91.0,93.0,2898.0,187954.0,0.0,0.0,-44475.0,146376.0,0.06,91.0,4550.0
403,2022,성남시상수도,50946.0,416242.0,467188.0,107.0,1437.0,1544.0,35454.0,444862.0,0.0,0.0,-14672.0,465644.0,0.33,53.0,3.55466
404,2022,수원시상수도,33655.0,395420.0,429075.0,622.0,773.0,1395.0,11388.0,405757.0,0.0,0.0,10535.0,427680.0,0.33,-1259.0,-47.43783
405,2022,울산광역시상수도,9646.0,752140.0,761786.0,3774.0,22438.0,26212.0,184941.0,533204.0,0.0,0.0,17428.0,735574.0,3.56,-2006.0,-7.10894
406,2022,대전광역시상수도,43562.0,820379.0,863942.0,3102.0,29800.0,32902.0,100593.0,692619.0,0.0,0.0,37828.0,831040.0,3.96,-1552.0,-4.50456
407,2022,광주광역시상수도,47465.0,784257.0,831722.0,3383.0,7559.0,10942.0,2759.0,583906.0,0.0,0.0,234115.0,820780.0,1.33,1464.0,15.4463
408,2022,인천광역시상수도,85039.0,1753914.0,1838953.0,7866.0,50149.0,58014.0,330248.0,1562945.0,0.0,0.0,-112255.0,1780939.0,3.26,42707.0,279.0096
409,2022,대구광역시상수도,72520.0,1454258.0,1526778.0,9477.0,74636.0,84113.0,206791.0,1295190.0,0.0,0.0,-59316.0,1442665.0,5.83,21863.0,35.12129
410,2022,부산광역시상수도,90420.0,2208554.0,2298973.0,6255.0,13424.0,19679.0,247087.0,2262415.0,0.0,0.0,-230208.0,2279294.0,0.86,-26622.0,-57.49768
411,2022,서울특별시상수도,196478.0,4980578.0,5177056.0,34987.0,92767.0,127754.0,1218213.0,4222938.0,0.0,0.0,-391849.0,5049302.0,2.53,8749.0,7.35179
1,2023,여주도시공사,2534.0,146.0,2679.0,473.0,6.0,479.0,2200.0,0.0,0.0,0.0,0.0,2200.0,21.77,479.0,0.0
2,2023,구미도시공사,4915.0,2278.0,7193.0,4692.0,0.0,4692.0,2501.0,0.0,0.0,0.0,0.0,2501.0,187.6,4692.0,0.0
3,2023,천안도시공사,5996.0,407.0,6403.0,2366.0,0.0,2366.0,4000.0,0.0,0.0,0.0,37.0,4037.0,58.61,2366.0,0.0
4,2023,익산시도시관리공단,1282.0,0.0,1282.0,1018.0,64.0,1082.0,200.0,0.0,0.0,0.0,0.0,200.0,541,1082.0,0.0
5,2023,부산광역시남구시설관리공단,968.0,1.0,969.0,469.0,0.0,469.0,500.0,0.0,0.0,0.0,0.0,500.0,93.8,-1292.0,-73.3674
6,2023,양주도시공사,20179.0,1.0,20181.0,1292.0,0.0,1292.0,18300.0,0.0,0.0,0.0,588.0,18888.0,6.84,136.0,11.76471
7,2023,합천군시설관리공단,2948.0,200.0,3148.0,2810.0,138.0,2948.0,200.0,0.0,0.0,0.0,0.0,200.0,1474,1512.0,105.29248
8,2023,단양관광공사,4220.0,18.0,4238.0,623.0,0.0,623.0,3300.0,0.0,0.0,0.0,315.0,3615.0,17.23,31.0,5.23649
9,2023,전남광주통합특별시 서구시설관리공단,1069.0,3878.0,4947.0,869.0,3878.0,4747.0,200.0,0.0,0.0,0.0,0.0,200.0,2373.5,-69.0,-1.43272
10,2023,전남광주통합특별시북구시설관리공단,1237.0,11.0,1247.0,1097.0,0.0,1097.0,150.0,0.0,0.0,0.0,0.0,150.0,731.33,-313.0,-22.19858
11,2023,김천시시설관리공단,519.0,9.0,528.0,328.0,0.0,328.0,200.0,0.0,0.0,0.0,0.0,200.0,164,162.0,97.59036
12,2023,예산군하수도,7550.0,227662.0,235212.0,1.0,0.0,1.0,178297.0,92280.0,0.0,0.0,-35366.0,235210.0,0,0.0,0.0
13,2023,평창군시설관리공단,279.0,0.0,279.0,179.0,0.0,179.0,100.0,0.0,0.0,0.0,0.0,100.0,179,-135.0,-42.99363
14,2023,금산군하수도,6275.0,120386.0,126662.0,4838.0,17628.0,22465.0,92719.0,41558.0,0.0,0.0,-30081.0,104196.0,21.56,-231.0,-1.01339
15,2023,서울물재생시설공단,9660.0,1234.0,10894.0,8817.0,77.0,8894.0,2000.0,0.0,0.0,0.0,0.0,2000.0,444.7,-2549.0,-22.27563
16,2023,경기교통공사,29592.0,1262.0,30854.0,20551.0,0.0,20551.0,18500.0,0.0,-62.0,0.0,-8135.0,10303.0,199.47,1064.0,5.46005
17,2023,원주시시설관리공단,1921.0,0.0,1921.0,1621.0,0.0,1621.0,300.0,0.0,0.0,0.0,0.0,300.0,540.33,799.0,97.20195
18,2023,김포도시공사,71432.0,116551.0,187983.0,16628.0,173.0,16801.0,168292.0,0.0,-88.0,0.0,2978.0,171182.0,9.81,6679.0,65.98498
19,2023,파주도시공사,40140.0,1319.0,41459.0,6363.0,1159.0,7523.0,32704.0,0.0,0.0,0.0,1232.0,33936.0,22.17,4695.0,165.98303
20,2023,영천시시설관리공단,740.0,500.0,1240.0,525.0,216.0,740.0,500.0,0.0,0.0,0.0,0.0,500.0,148,-434.0,-36.88245
21,2023,과천도시공사,453717.0,3183.0,456900.0,79738.0,188251.0,267989.0,189000.0,0.0,0.0,0.0,-89.0,188911.0,141.86,-65313.0,-19.59574
22,2023,울산광역시북구시설관리공단,235.0,0.0,235.0,85.0,0.0,85.0,150.0,0.0,0.0,0.0,0.0,150.0,56.67,2.0,2.40964
23,2023,포천도시공사,50028.0,577.0,50604.0,21333.0,0.0,21333.0,28600.0,0.0,0.0,0.0,671.0,29271.0,72.88,16458.0,337.6
24,2023,안양도시공사,30129.0,65559.0,95687.0,833.0,0.0,833.0,95493.0,0.0,0.0,0.0,-639.0,94854.0,0.88,47.0,5.97964
25,2023,예천군하수도,3340.0,83612.0,86952.0,2252.0,29333.0,31586.0,46888.0,33865.0,0.0,0.0,-25387.0,55366.0,57.05,-2167.0,-6.42313
26,2023,예천군상수도,5387.0,140252.0,145639.0,0.0,23.0,23.0,78746.0,79856.0,0.0,0.0,-12986.0,145616.0,0.02,4.0,21.05263
27,2023,고성군하수도,310.0,120509.0,120818.0,5.0,0.0,5.0,71715.0,78203.0,0.0,0.0,-29104.0,120814.0,0,5.0,0.0
28,2023,고성군상수도,4045.0,74487.0,78532.0,43.0,151.0,193.0,37630.0,47768.0,0.0,0.0,-7060.0,78338.0,0.25,43.0,29.33333
29,2023,세종도시교통공사,58617.0,27956.0,86573.0,18257.0,508.0,18765.0,70650.0,0.0,0.0,0.0,-2842.0,67808.0,27.67,-10030.0,-34.83244
30,2023,사천시시설관리공단,2013.0,0.0,2013.0,1380.0,334.0,1713.0,300.0,0.0,0.0,0.0,0.0,300.0,571,250.0,17.15653
31,2023,제주특별자치도공영버스,9653.0,9627.0,19280.0,348.0,2268.0,2616.0,10555.0,7561.0,0.0,0.0,-1453.0,16663.0,15.7,629.0,31.65576
32,2023,서울특별시하수도,287357.0,6804637.0,7091994.0,9632.0,542.0,10175.0,6354233.0,562468.0,0.0,0.0,165118.0,7081820.0,0.14,6384.0,168.37246
33,2023,경주시시설관리공단,213.0,80.0,293.0,193.0,0.0,193.0,100.0,0.0,0.0,0.0,0.0,100.0,193,-10.0,-4.92611
34,2023,인천광역시연수구시설안전관리공단,892.0,355.0,1247.0,747.0,0.0,747.0,500.0,0.0,0.0,0.0,0.0,500.0,149.4,293.0,64.53744
35,2023,서울교통공사,634284.0,1.5033292E7,1.5667575E7,966878.0,5865287.0,6832164.0,2.3829919E7,0.0,0.0,3203545.0,-1.8198054E7,8835411.0,77.33,275204.0,4.19714
36,2023,태안군하수도,6920.0,126819.0,133739.0,838.0,0.0,838.0,91974.0,96243.0,0.0,0.0,-55316.0,132901.0,0.63,834.0,20850.0
37,2023,태안군상수도,3007.0,164586.0,167593.0,116.0,386.0,501.0,118853.0,97179.0,0.0,0.0,-48940.0,167092.0,0.3,161.0,47.64706
38,2023,김제시하수도,8000.0,200970.0,208970.0,6431.0,56117.0,62548.0,121307.0,158917.0,0.0,0.0,-133802.0,146422.0,42.72,-6173.0,-8.9827
39,2023,부여군하수도,9431.0,161486.0,170917.0,90.0,0.0,90.0,46293.0,156871.0,0.0,0.0,-32337.0,170827.0,0.05,-16.0,-15.09434
40,2023,하남시하수도,27258.0,204236.0,231494.0,22.0,135.0,157.0,266432.0,81267.0,0.0,0.0,-116362.0,231337.0,0.07,39.0,33.05085
41,2023,서울에너지공사,84968.0,464315.0,549283.0,90181.0,258945.0,349127.0,561423.0,0.0,-105219.0,6.0,-256054.0,200156.0,174.43,41850.0,13.61931
42,2023,충주시시설관리공단,309.0,796.0,1104.0,904.0,0.0,904.0,200.0,0.0,0.0,0.0,0.0,200.0,452,176.0,24.17582
43,2023,세종특별자치시시설관리공단,5808.0,201.0,6009.0,3808.0,201.0,4008.0,2000.0,0.0,0.0,0.0,0.0,2000.0,200.4,1247.0,45.20101
44,2023,밀양시시설관리공단,435.0,300.0,735.0,429.0,7.0,435.0,300.0,0.0,0.0,0.0,0.0,300.0,145,-166.0,-27.45424
45,2023,군산시하수도,32012.0,507344.0,539356.0,7503.0,41111.0,48614.0,350948.0,331259.0,0.0,0.0,-191465.0,490742.0,9.91,-4671.0,-8.76607
46,2023,홍성군하수도,1488.0,128090.0,129578.0,4346.0,44374.0,48721.0,29937.0,121506.0,0.0,0.0,-70586.0,80857.0,60.26,-4105.0,-7.77269
47,2023,동해시하수도,4941.0,148839.0,153780.0,16.0,0.0,16.0,124647.0,78424.0,0.0,0.0,-49307.0,153764.0,0.01,-1.0,-5.88235
48,2023,원주시하수도,17913.0,476703.0,494617.0,6848.0,67139.0,73988.0,284742.0,326126.0,0.0,0.0,-190239.0,420629.0,17.59,-6427.0,-7.99353
49,2023,양주시하수도,38424.0,461667.0,500092.0,2339.0,0.0,2339.0,291924.0,375719.0,0.0,0.0,-169890.0,497753.0,0.47,1648.0,238.49493
50,2023,서천군상수도,1585.0,98980.0,100565.0,48.0,1126.0,1174.0,60835.0,51464.0,0.0,0.0,-12907.0,99391.0,1.18,100.0,9.31099
51,2023,부여군상수도,7729.0,136202.0,143931.0,110.0,551.0,661.0,36773.0,123932.0,0.0,0.0,-17436.0,143270.0,0.46,61.0,10.16667
52,2023,금산군상수도,9206.0,87964.0,97170.0,2624.0,0.0,2624.0,42943.0,56901.0,0.0,0.0,-5298.0,94546.0,2.78,2336.0,811.11111
53,2023,인천관광공사,22980.0,165462.0,188442.0,11559.0,0.0,11559.0,170685.0,0.0,-578.0,0.0,6775.0,176883.0,6.53,-2466.0,-17.58289
54,2023,광명도시공사,36292.0,5296.0,41588.0,14411.0,1980.0,16390.0,25000.0,0.0,0.0,0.0,198.0,25198.0,65.04,14978.0,1060.83569
55,2023,영덕군하수도,2596.0,85880.0,88476.0,2858.0,14675.0,17532.0,54120.0,70171.0,0.0,0.0,-53347.0,70944.0,24.71,-2655.0,-13.14707
56,2023,문경시하수도,10223.0,151456.0,161679.0,6050.0,57053.0,63103.0,53460.0,196982.0,0.0,0.0,-151866.0,98576.0,64.01,-5768.0,-8.37508
57,2023,논산시하수도,8433.0,339310.0,347743.0,2500.0,12867.0,15367.0,197976.0,262684.0,0.0,0.0,-128283.0,332376.0,4.62,-2446.0,-13.73154
58,2023,과천시지식정보타운조성사업,45379.0,88400.0,133779.0,79.0,0.0,79.0,57174.0,0.0,0.0,0.0,76526.0,133700.0,0.06,0.0,0.0
59,2023,아산시시설관리공단,1530.0,2104.0,3634.0,2834.0,0.0,2834.0,800.0,0.0,0.0,0.0,0.0,800.0,354.25,1935.0,215.23915
60,2023,장수한우지방공사,5225.0,3142.0,8367.0,2843.0,185.0,3028.0,7833.0,0.0,0.0,0.0,-2495.0,5338.0,56.73,1110.0,57.87278
61,2023,광주광역시광산구시설관리공단,1397.0,507.0,1904.0,1397.0,307.0,1704.0,200.0,0.0,0.0,0.0,0.0,200.0,852,421.0,32.81372
62,2023,대구광역시달성군시설관리공단,2752.0,2.0,2754.0,2454.0,0.0,2454.0,300.0,0.0,0.0,0.0,0.0,300.0,818,1360.0,124.31444
63,2023,김해시도시개발공사,72890.0,36428.0,109318.0,18332.0,6053.0,24385.0,64738.0,0.0,0.0,0.0,20196.0,84934.0,28.71,-11707.0,-32.43655
64,2023,합천군상수도,9065.0,45207.0,54272.0,32.0,538.0,570.0,22955.0,57195.0,0.0,0.0,-26447.0,53702.0,1.06,52.0,10.03861
65,2023,성남도시개발공사,87547.0,43952.0,131499.0,4767.0,7239.0,12006.0,60091.0,0.0,0.0,0.0,59402.0,119493.0,10.05,-6854.0,-36.34146
66,2023,부여군시설관리공단,606.0,0.0,606.0,306.0,0.0,306.0,300.0,0.0,0.0,0.0,0.0,300.0,102,-52.0,-14.52514
67,2023,세종특별자치시하수도,13936.0,916374.0,930310.0,3692.0,6463.0,10155.0,71080.0,1089449.0,0.0,0.0,-240374.0,920155.0,1.1,2765.0,37.41543
68,2023,진천군하수도,16270.0,175516.0,191786.0,3488.0,18963.0,22451.0,16304.0,236571.0,0.0,0.0,-83540.0,169336.0,13.26,-3350.0,-12.98399
69,2023,진천군상수도,12639.0,98647.0,111286.0,85.0,74.0,160.0,55460.0,47367.0,0.0,0.0,8299.0,111127.0,0.14,-13.0,-8.09249
70,2023,울산광역시중구도시관리공단,212.0,0.0,212.0,96.0,17.0,112.0,100.0,0.0,0.0,0.0,0.0,100.0,112,-101.0,-46.94836
71,2023,이천시시설관리공단,794.0,110.0,904.0,494.0,0.0,494.0,300.0,110.0,0.0,0.0,0.0,410.0,120.49,280.0,130.84112
72,2023,부산관광공사,12413.0,3752.0,16165.0,3384.0,0.0,3384.0,23050.0,0.0,0.0,0.0,-10269.0,12781.0,26.48,-1460.0,-30.14038
73,2023,구리도시공사,121476.0,11690.0,133166.0,13662.0,242.0,13904.0,129120.0,0.0,-46.0,0.0,-9812.0,119262.0,11.66,3629.0,35.31873
74,2023,경상북도문화관광공사,112211.0,298902.0,411113.0,22503.0,32089.0,54592.0,217500.0,10670.0,-108496.0,175692.0,61155.0,356522.0,15.31,-3712.0,-6.36663
75,2023,제주에너지공사,16068.0,141585.0,157654.0,7266.0,202.0,7468.0,130653.0,0.0,-154.0,0.0,19687.0,150185.0,4.97,-7412.0,-49.81183
76,2023,광양시하수도,13255.0,350915.0,364170.0,22.0,0.0,22.0,264701.0,351887.0,0.0,0.0,-252441.0,364148.0,0.01,8.0,57.14286
77,2023,세종특별자치시상수도,19930.0,360088.0,380018.0,4579.0,78647.0,83226.0,42841.0,314274.0,0.0,0.0,-60323.0,296792.0,28.04,-33591.0,-28.75523
78,2023,여수시하수도,21261.0,386381.0,407642.0,5177.0,38433.0,43611.0,230087.0,356433.0,0.0,0.0,-222488.0,364032.0,11.98,-5145.0,-10.5546
79,2023,옥천군하수도,2605.0,177360.0,179964.0,1844.0,9390.0,11234.0,82627.0,160613.0,0.0,0.0,-74510.0,168731.0,6.66,-1517.0,-11.89711
80,2023,남원시하수도,12081.0,252508.0,264588.0,0.0,507.0,507.0,116187.0,241764.0,-93870.0,0.0,0.0,264081.0,0.19,-102.0,-16.74877
81,2023,영광군하수도,6942.0,135237.0,142179.0,20.0,0.0,20.0,52490.0,143359.0,0.0,0.0,-53690.0,142159.0,0.01,20.0,0.0
82,2023,영광군상수도,9548.0,94746.0,104294.0,91.0,44.0,135.0,29582.0,104062.0,0.0,0.0,-29484.0,104159.0,0.13,65.0,92.85714
83,2023,거제해양관광개발공사,5325.0,48907.0,54231.0,2809.0,1150.0,3959.0,65530.0,379.0,0.0,0.0,-15636.0,50272.0,7.88,-358.0,-8.2928
84,2023,대전관광공사,29068.0,233611.0,262678.0,5806.0,24661.0,30467.0,298447.0,992.0,0.0,0.0,-67228.0,232212.0,13.12,-1366.0,-4.29114
85,2023,양평군하수도,49653.0,372710.0,422363.0,179.0,49.0,228.0,288970.0,306322.0,0.0,0.0,-173156.0,422135.0,0.05,-6.0,-2.5641
86,2023,영월군시설관리공단,586.0,0.0,586.0,486.0,0.0,486.0,100.0,0.0,0.0,0.0,0.0,100.0,486,9.0,1.88679
87,2023,계룡시하수도,2055.0,55768.0,57824.0,2464.0,13595.0,16059.0,46181.0,105380.0,0.0,0.0,-109796.0,41765.0,38.45,-2400.0,-13.00179
88,2023,의왕도시공사,83030.0,38802.0,121833.0,4395.0,916.0,5311.0,69561.0,0.0,0.0,0.0,46961.0,116522.0,4.56,-18299.0,-77.50529
89,2023,고양도시관리공사,702280.0,365048.0,1067328.0,101413.0,498838.0,600252.0,473228.0,0.0,-1790.0,0.0,-4362.0,467077.0,128.51,439133.0,272.55134
90,2023,양양군상수도,6030.0,89577.0,95607.0,150.0,220.0,370.0,37190.0,61568.0,0.0,0.0,-3521.0,95236.0,0.39,-181.0,-32.84936
91,2023,계룡시상수도,21422.0,29466.0,50888.0,371.0,0.0,371.0,27260.0,20999.0,0.0,0.0,2258.0,50517.0,0.73,201.0,118.23529
92,2023,증평군하수도,3452.0,101152.0,104604.0,1924.0,8596.0,10520.0,40244.0,112804.0,0.0,0.0,-58964.0,94084.0,11.18,-1530.0,-12.6971
93,2023,고양시하수도,79601.0,690369.0,769971.0,99.0,1870.0,1969.0,641656.0,547572.0,0.0,0.0,-421227.0,768002.0,0.26,460.0,30.48376
94,2023,음성군하수도,5065.0,223056.0,228120.0,3271.0,21162.0,24433.0,61766.0,197747.0,0.0,0.0,-55826.0,203687.0,12,-3187.0,-11.53874
95,2023,김천시하수도,6705.0,94255.0,100960.0,25.0,0.0,25.0,52429.0,62309.0,0.0,0.0,-13803.0,100935.0,0.02,-5.0,-16.66667
96,2023,화순군하수도,9844.0,140016.0,149860.0,0.0,0.0,0.0,26002.0,227051.0,0.0,0.0,-103193.0,149860.0,0,-4.0,-100.0
97,2023,화순군상수도,10548.0,164467.0,175014.0,44.0,134.0,179.0,22906.0,182591.0,0.0,0.0,-30661.0,174835.0,0.1,63.0,53.44828
98,2023,영동군상수도,8845.0,152140.0,160985.0,2.0,376.0,377.0,23270.0,172553.0,0.0,0.0,-35215.0,160608.0,0.23,43.0,13.17365
99,2023,포항시시설관리공단,853.0,0.0,853.0,653.0,0.0,653.0,200.0,0.0,0.0,0.0,0.0,200.0,326.5,119.0,22.28464
100,2023,춘천도시공사,23654.0,13187.0,36841.0,11968.0,0.0,11968.0,23380.0,0.0,0.0,0.0,1493.0,24873.0,48.12,1924.0,19.15571
101,2023,이천시하수도,20146.0,157291.0,177436.0,13.0,45.0,58.0,176914.0,96980.0,0.0,0.0,-96516.0,177378.0,0.03,14.0,31.81818
102,2023,강릉관광개발공사,3653.0,7902.0,11555.0,2435.0,0.0,2435.0,7226.0,0.0,0.0,0.0,1893.0,9120.0,26.7,-106.0,-4.17159
103,2023,보령시시설관리공단,1837.0,0.0,1837.0,1537.0,0.0,1537.0,300.0,0.0,0.0,0.0,0.0,300.0,512.33,547.0,55.25253
104,2023,당진도시공사,1669.0,2587.0,4256.0,559.0,0.0,559.0,4250.0,0.0,0.0,0.0,-554.0,3696.0,15.12,36.0,6.88337
105,2023,연천군하수도,21798.0,329213.0,351011.0,27.0,0.0,27.0,20494.0,397773.0,0.0,0.0,-67283.0,350984.0,0.01,6.0,28.57143
106,2023,칠곡군하수도,9551.0,285714.0,295265.0,5892.0,50241.0,56133.0,86926.0,275903.0,0.0,0.0,-123697.0,239133.0,23.47,-5727.0,-9.258
107,2023,의령친환경골프장관리사업소,1329.0,6633.0,7962.0,40.0,0.0,40.0,0.0,6795.0,0.0,0.0,1127.0,7922.0,0.5,22.0,122.22222
108,2023,경기도고덕국제화계획지구조성사업,151095.0,0.0,151095.0,140036.0,9500.0,149536.0,0.0,0.0,0.0,0.0,1559.0,1559.0,9591.79,6532.0,4.5677
109,2023,인천광역시제물포구시설관리공단,802.0,0.0,802.0,343.0,0.0,343.0,459.0,0.0,0.0,0.0,0.0,459.0,74.73,-35.0,-9.25926
110,2023,여수시도시관리공단,2057.0,0.0,2057.0,1556.0,35.0,1591.0,500.0,136.0,0.0,0.0,-171.0,465.0,342.15,1116.0,234.94737
111,2023,단양군상수도,8509.0,117729.0,126237.0,0.0,1069.0,1069.0,23583.0,114329.0,0.0,0.0,-12745.0,125168.0,0.85,-17.0,-1.56538
112,2023,영덕군상수도,3692.0,66511.0,70203.0,93.0,955.0,1048.0,27405.0,62848.0,0.0,0.0,-21098.0,69155.0,1.52,-64.0,-5.7554
113,2023,양산시시설관리공단,497.0,0.0,497.0,297.0,0.0,297.0,200.0,0.0,0.0,0.0,0.0,200.0,148.5,4.0,1.36519
114,2023,동두천시하수도,14555.0,118147.0,132703.0,26.0,0.0,26.0,130938.0,85314.0,0.0,0.0,-83576.0,132677.0,0.02,6.0,30.0
115,2023,부산광역시기장군도시관리공단,1200.0,227.0,1427.0,927.0,0.0,927.0,500.0,0.0,0.0,0.0,0.0,500.0,185.4,243.0,35.52632
116,2023,함안지방공사,12334.0,201.0,12535.0,2369.0,164.0,2533.0,4000.0,0.0,0.0,0.0,6002.0,10002.0,25.32,1771.0,232.4147
117,2023,의성군상수도,2254.0,228250.0,230504.0,7.0,0.0,7.0,27213.0,300141.0,0.0,0.0,-96858.0,230497.0,0,7.0,0.0
118,2023,안산도시공사,203501.0,179488.0,382988.0,27026.0,145690.0,172716.0,203014.0,0.0,0.0,0.0,7258.0,210272.0,82.14,87715.0,103.1929
119,2023,파주시하수도,64077.0,813758.0,877835.0,12241.0,105448.0,117689.0,224229.0,794635.0,0.0,0.0,-258717.0,760146.0,15.48,-7397.0,-5.91353
120,2023,포항시하수도,69576.0,981012.0,1050587.0,21533.0,272907.0,294440.0,448504.0,767611.0,0.0,0.0,-459967.0,756147.0,38.94,-10115.0,-3.32124
121,2023,보령시하수도,23511.0,209805.0,233316.0,3405.0,19691.0,23096.0,96223.0,227713.0,0.0,0.0,-113717.0,210219.0,10.99,-1588.0,-6.43332
122,2023,제주관광공사,17587.0,17546.0,35134.0,5628.0,4655.0,10283.0,15000.0,0.0,0.0,5570.0,4281.0,24850.0,41.38,-6928.0,-40.25333
123,2023,울주군시설관리공단,478.0,0.0,478.0,378.0,0.0,378.0,100.0,0.0,0.0,0.0,0.0,100.0,378,-72.0,-16.0
124,2023,양평공사,5998.0,246.0,6243.0,2025.0,13.0,2038.0,29587.0,0.0,-35.0,0.0,-25347.0,4205.0,48.47,379.0,22.84509
125,2023,당진시하수도,35924.0,328881.0,364805.0,3209.0,20165.0,23374.0,86108.0,387036.0,0.0,0.0,-131714.0,341431.0,6.85,-2904.0,-11.05107
126,2023,평택도시공사,1529019.0,108828.0,1637848.0,664106.0,371991.0,1036097.0,403943.0,0.0,0.0,0.0,197807.0,601751.0,172.18,90231.0,9.53951
127,2023,강화군시설관리공단,1301.0,0.0,1301.0,332.0,1.0,333.0,968.0,0.0,0.0,0.0,0.0,968.0,34.4,51.0,18.08511
128,2023,군포도시공사,32703.0,1363.0,34066.0,2505.0,0.0,2505.0,31570.0,0.0,0.0,0.0,-8.0,31562.0,7.94,1373.0,121.28975
129,2023,전주시시설관리공단,1062.0,1607.0,2669.0,1875.0,0.0,1875.0,1100.0,0.0,0.0,0.0,-307.0,793.0,236.44,1109.0,144.77807
130,2023,화성도시공사,187627.0,54360.0,241987.0,68591.0,1221.0,69813.0,173777.0,0.0,-392.0,0.0,-1211.0,172174.0,40.55,9976.0,16.67029
131,2023,화성시하수도,80602.0,679029.0,759630.0,131.0,0.0,131.0,130964.0,867889.0,0.0,0.0,-239354.0,759500.0,0.02,-26.0,-16.56051
132,2023,울산광역시남구도시관리공단,290.0,190.0,480.0,280.0,0.0,280.0,200.0,0.0,0.0,0.0,0.0,200.0,140,209.0,294.3662
133,2023,강릉시하수도,20601.0,375439.0,396040.0,5230.0,32126.0,37356.0,100602.0,425843.0,0.0,0.0,-167762.0,358684.0,10.41,-5183.0,-12.18411
134,2023,인천경제자유구역청,2730345.0,2.1238095E7,2.396844E7,198592.0,122272.0,320864.0,39.0,1.3216131E7,0.0,0.0,1.0431406E7,2.3647576E7,1.36,46748.0,17.05409
135,2023,거제시하수도,67893.0,419391.0,487285.0,1750.0,12754.0,14504.0,99367.0,509583.0,0.0,0.0,-136169.0,472781.0,3.07,12.0,0.0828
136,2023,노원구시설관리공단,1896.0,0.0,1896.0,1446.0,0.0,1446.0,450.0,0.0,0.0,0.0,0.0,450.0,321.33,-151.0,-9.45523
137,2023,남양주도시공사,126509.0,36019.0,162528.0,78636.0,0.0,78636.0,84206.0,0.0,0.0,0.0,-313.0,83893.0,93.73,-13579.0,-14.72537
138,2023,중구시설관리공단,3628.0,757.0,4385.0,3635.0,0.0,3635.0,750.0,0.0,0.0,0.0,0.0,750.0,484.67,476.0,15.06806
139,2023,함안군상수도,2473.0,126818.0,129291.0,25.0,51.0,77.0,22015.0,133333.0,0.0,0.0,-26134.0,129215.0,0.06,-501.0,-86.85121
140,2023,통영관광개발공사,12259.0,21299.0,33558.0,1094.0,65.0,1158.0,31292.0,0.0,0.0,0.0,1107.0,32400.0,3.57,236.0,25.70499
141,2023,영양고추유통공사,34386.0,10622.0,45008.0,27434.0,0.0,27434.0,25960.0,0.0,0.0,0.0,-8385.0,17574.0,156.11,2504.0,10.04412
142,2023,음성군상수도,5309.0,139458.0,144767.0,52.0,27.0,79.0,35120.0,113649.0,0.0,0.0,-4080.0,144688.0,0.05,54.0,216.0
143,2023,울산광역시도시공사,433065.0,201502.0,634567.0,227063.0,117105.0,344168.0,140000.0,17.0,0.0,31270.0,119112.0,290399.0,118.52,-39381.0,-10.26753
144,2023,문경관광진흥공단(폐지),385.0,0.0,385.0,285.0,0.0,285.0,100.0,0.0,0.0,0.0,0.0,100.0,285,-12.0,-4.0404
145,2023,부안군상수도,3507.0,61272.0,64779.0,421.0,397.0,818.0,42944.0,41191.0,0.0,0.0,-20174.0,63961.0,1.28,384.0,88.47926
146,2023,관악구시설관리공단,1205.0,547.0,1753.0,1053.0,0.0,1053.0,700.0,0.0,0.0,0.0,0.0,700.0,150.43,331.0,45.84488
147,2023,안동시시설관리공단,647.0,0.0,647.0,447.0,0.0,447.0,200.0,0.0,0.0,0.0,0.0,200.0,223.5,-2.0,-0.44543
148,2023,인천환경공단,14522.0,0.0,14522.0,8522.0,0.0,8522.0,6000.0,0.0,0.0,0.0,0.0,6000.0,142.03,1487.0,21.13717
149,2023,제천시하수도,11925.0,289996.0,301921.0,6983.0,75581.0,82564.0,25345.0,431781.0,0.0,0.0,-237770.0,219356.0,37.64,-6641.0,-7.44465
150,2023,은평구시설관리공단,740.0,119.0,860.0,360.0,0.0,360.0,500.0,0.0,0.0,0.0,0.0,500.0,72,35.0,10.76923
151,2023,충주시하수도,36778.0,408231.0,445009.0,5830.0,48428.0,54258.0,137140.0,441419.0,0.0,0.0,-187808.0,390751.0,13.89,-5624.0,-9.3918
152,2023,충청남도개발공사,576388.0,382473.0,958860.0,197783.0,165979.0,363762.0,362453.0,0.0,-377.0,0.0,233023.0,595099.0,61.13,-91599.0,-20.11569
153,2023,창원레포츠파크,1001.0,114.0,1114.0,513.0,0.0,513.0,600.0,0.0,0.0,0.0,2.0,602.0,85.22,-34.0,-6.21572
154,2023,광주환경공단,5426.0,716.0,6142.0,5642.0,0.0,5642.0,500.0,0.0,0.0,0.0,0.0,500.0,1128.4,981.0,21.04699
155,2023,대구공공시설관리공단,29058.0,588664.0,617722.0,17679.0,524.0,18204.0,394650.0,213257.0,0.0,0.0,-8388.0,599518.0,3.04,-1428.0,-7.27893
156,2023,부산환경공단,11939.0,31.0,11969.0,11969.0,0.0,11969.0,0.0,0.0,0.0,0.0,0.0,0.0,0,231.0,1.96797
157,2023,창원시설공단,4922.0,364.0,5285.0,3285.0,0.0,3285.0,2000.0,0.0,0.0,0.0,0.0,2000.0,164.25,-84.0,-2.49332
158,2023,청주시시설관리공단,2761.0,389.0,3149.0,2649.0,0.0,2649.0,500.0,0.0,0.0,0.0,0.0,500.0,529.8,840.0,46.43449
159,2023,정선군시설관리공단,794.0,0.0,794.0,694.0,0.0,694.0,100.0,0.0,0.0,0.0,0.0,100.0,694,673.0,3204.7619
160,2023,동해시시설관리공단,860.0,384.0,1244.0,723.0,0.0,723.0,543.0,0.0,0.0,0.0,-22.0,521.0,138.77,-15.0,-2.03252
161,2023,속초시시설관리공단,1208.0,1.0,1209.0,909.0,0.0,909.0,300.0,0.0,0.0,0.0,0.0,300.0,303,285.0,45.67308
162,2023,연천군시설관리공단,593.0,71.0,664.0,383.0,71.0,454.0,210.0,0.0,0.0,0.0,0.0,210.0,216.19,204.0,81.6
163,2023,가평군시설관리공단,2418.0,14.0,2431.0,2231.0,0.0,2231.0,200.0,0.0,0.0,0.0,0.0,200.0,1115.5,451.0,25.33708
164,2023,의정부시시설관리공단(폐지),4600.0,4489.0,9089.0,2765.0,4324.0,7089.0,2000.0,0.0,0.0,0.0,0.0,2000.0,354.45,1015.0,16.71057
165,2023,오산시시설관리공단(폐지),10201.0,263.0,10465.0,365.0,0.0,365.0,10100.0,0.0,0.0,0.0,0.0,10100.0,3.61,217.0,146.62162
166,2023,안성시시설관리공단,4034.0,0.0,4034.0,3765.0,218.0,3984.0,50.0,0.0,0.0,0.0,0.0,50.0,7968,871.0,27.94732
167,2023,시흥도시공사,216448.0,663.0,217111.0,5546.0,34465.0,40011.0,167716.0,0.0,-403.0,0.0,9787.0,177100.0,22.59,-25069.0,-38.52028
168,2023,부천도시공사,218916.0,1077.0,219993.0,57777.0,61543.0,119319.0,102310.0,0.0,-340.0,0.0,-1296.0,100674.0,118.52,57564.0,93.21512
169,2023,수원도시공사,149864.0,2562.0,152426.0,81291.0,0.0,81291.0,76365.0,0.0,0.0,0.0,-5230.0,71135.0,114.28,37863.0,87.18569
170,2023,울산시설공단,1812.0,67.0,1880.0,1310.0,0.0,1310.0,570.0,0.0,0.0,0.0,0.0,570.0,229.82,-1205.0,-47.91252
171,2023,대전광역시시설관리공단,12793.0,25.0,12818.0,10496.0,0.0,10496.0,1500.0,0.0,0.0,0.0,822.0,2322.0,452.02,4516.0,75.51839
172,2023,인천광역시서구시설관리공단,2040.0,0.0,2040.0,1040.0,0.0,1040.0,1000.0,0.0,0.0,0.0,0.0,1000.0,104,18.0,1.76125
173,2023,인천광역시계양구시설관리공단,722.0,59.0,780.0,340.0,15.0,355.0,425.0,0.0,0.0,0.0,0.0,425.0,83.53,-22.0,-5.83554
174,2023,인천광역시부평구시설관리공단,998.0,1.0,999.0,599.0,0.0,599.0,400.0,0.0,0.0,0.0,0.0,400.0,149.75,-76.0,-11.25926
175,2023,남동구도시관리공단,849.0,2.0,851.0,451.0,0.0,451.0,400.0,0.0,0.0,0.0,0.0,400.0,112.75,80.0,21.56334
176,2023,인천광역시미추홀구시설관리공단,893.0,50.0,943.0,434.0,9.0,443.0,500.0,0.0,0.0,0.0,0.0,500.0,88.6,-27.0,-5.74468
177,2023,인천시설공단,21514.0,8500.0,30014.0,19136.0,297.0,19433.0,10581.0,0.0,0.0,0.0,0.0,10581.0,183.66,5799.0,42.53337
178,2023,부산시설공단,30060.0,32047.0,62108.0,23660.0,33091.0,56751.0,2779.0,0.0,0.0,0.0,2579.0,5357.0,1059.38,17637.0,45.09127
179,2023,중랑구시설관리공단,1235.0,31.0,1266.0,735.0,31.0,766.0,500.0,0.0,0.0,0.0,0.0,500.0,153.2,182.0,31.16438
180,2023,종로구시설관리공단,1951.0,72.0,2023.0,1164.0,0.0,1164.0,500.0,359.0,0.0,0.0,0.0,859.0,135.51,85.0,7.87766
181,2023,용산구시설관리공단,1424.0,0.0,1424.0,924.0,0.0,924.0,500.0,0.0,0.0,0.0,0.0,500.0,184.8,4.0,0.43478
182,2023,영등포구시설관리공단,2602.0,594.0,3196.0,1243.0,0.0,1243.0,1953.0,0.0,0.0,0.0,0.0,1953.0,63.65,17.0,1.38662
183,2023,양천구시설관리공단,1284.0,496.0,1780.0,780.0,0.0,780.0,1000.0,0.0,0.0,0.0,0.0,1000.0,78,119.0,18.00303
184,2023,송파구시설관리공단,709.0,3214.0,3923.0,1306.0,0.0,1306.0,2617.0,0.0,0.0,0.0,0.0,2617.0,49.9,-168.0,-11.39756
185,2023,성북구도시관리공단,2304.0,21.0,2325.0,1925.0,0.0,1925.0,400.0,0.0,0.0,0.0,0.0,400.0,481.25,202.0,11.72374
186,2023,성동구도시관리공단,2390.0,174.0,2564.0,1464.0,0.0,1464.0,1100.0,0.0,0.0,0.0,0.0,1100.0,133.09,-148.0,-9.18114
187,2023,서대문구도시관리공단,1591.0,387.0,1978.0,1298.0,0.0,1298.0,680.0,0.0,0.0,0.0,0.0,680.0,190.88,472.0,57.14286
188,2023,마포구시설관리공단,2247.0,454.0,2701.0,1901.0,0.0,1901.0,800.0,0.0,0.0,0.0,0.0,800.0,237.63,-175.0,-8.42967
189,2023,동작구시설관리공단,2288.0,389.0,2677.0,1577.0,0.0,1577.0,1100.0,0.0,0.0,0.0,0.0,1100.0,143.36,1124.0,248.12362
190,2023,동대문구시설관리공단,1451.0,8.0,1460.0,660.0,0.0,660.0,800.0,0.0,0.0,0.0,0.0,800.0,82.5,-197.0,-22.98716
191,2023,도봉구시설관리공단,1751.0,3.0,1754.0,1254.0,0.0,1254.0,500.0,0.0,0.0,0.0,0.0,500.0,250.8,13.0,1.04754
192,2023,금천구시설관리공단,1091.0,34.0,1125.0,625.0,0.0,625.0,500.0,0.0,0.0,0.0,0.0,500.0,125,26.0,4.34057
193,2023,구로구시설관리공단,2575.0,279.0,2854.0,2354.0,0.0,2354.0,500.0,0.0,0.0,0.0,0.0,500.0,470.8,1505.0,177.26737
194,2023,광진구시설관리공단,1284.0,0.0,1284.0,884.0,0.0,884.0,400.0,0.0,0.0,0.0,0.0,400.0,221,562.0,174.53416
195,2023,강서구시설관리공단,2785.0,51.0,2836.0,1813.0,23.0,1836.0,1000.0,0.0,0.0,0.0,0.0,1000.0,183.6,199.0,12.15638
196,2023,강북구도시관리공단,1514.0,136.0,1650.0,1390.0,0.0,1390.0,260.0,0.0,0.0,0.0,0.0,260.0,534.62,185.0,15.3527
197,2023,강동구도시관리공단,1265.0,210.0,1475.0,738.0,137.0,875.0,600.0,0.0,0.0,0.0,0.0,600.0,145.83,-648.0,-42.5476
198,2023,강남구도시관리공단,1680.0,854.0,2534.0,1334.0,0.0,1334.0,1200.0,0.0,0.0,0.0,0.0,1200.0,111.17,-508.0,-27.57872
199,2023,서울시설공단,207178.0,67572.0,274749.0,102090.0,143571.0,245661.0,26435.0,2653.0,0.0,0.0,0.0,29088.0,844.54,46312.0,23.23162
200,2023,창녕군시설관리공단,1992.0,256.0,2248.0,1948.0,0.0,1948.0,300.0,0.0,0.0,0.0,0.0,300.0,649.33,-188.0,-8.8015
201,2023,청도공영사업공사,3447.0,2288.0,5735.0,1400.0,610.0,2010.0,1498.0,0.0,0.0,0.0,2227.0,3725.0,53.96,168.0,9.12052
202,2023,하남도시공사,649332.0,60347.0,709679.0,250456.0,86968.0,337424.0,178000.0,0.0,0.0,0.0,194255.0,372255.0,90.64,-6265.0,-1.82287
203,2023,용인도시공사,440624.0,26191.0,466814.0,138657.0,151803.0,290461.0,158600.0,0.0,0.0,0.0,17754.0,176354.0,164.7,146239.0,101.39784
204,2023,경기평택항만공사,20215.0,96780.0,116995.0,11517.0,2144.0,13662.0,91686.0,0.0,0.0,0.0,11647.0,103333.0,13.22,425.0,3.20314
205,2023,광주도시관리공사,77253.0,1939.0,79192.0,19035.0,2054.0,21089.0,55500.0,0.0,-122.0,0.0,2725.0,58102.0,36.3,-6603.0,-23.84443
206,2023,경기관광공사,13888.0,128540.0,142428.0,4403.0,68.0,4471.0,140905.0,0.0,-149.0,0.0,-2799.0,137957.0,3.24,752.0,20.22049
207,2023,구리농수산물공사,46308.0,157603.0,203911.0,1312.0,11660.0,12972.0,188562.0,0.0,0.0,0.0,2377.0,190939.0,6.79,-52.0,-0.39926
208,2023,광주광역시 관광공사,5814.0,131348.0,137162.0,4235.0,0.0,4235.0,175201.0,0.0,0.0,0.0,-42274.0,132927.0,3.19,2273.0,115.85117
209,2023,서울특별시농수산식품공사,161102.0,1009660.0,1170762.0,77346.0,119759.0,197104.0,820622.0,2308.0,0.0,0.0,150728.0,973658.0,20.24,25013.0,14.53533
210,2023,제주특별자치도개발공사,432464.0,431602.0,864066.0,88633.0,126277.0,214910.0,97179.0,72.0,0.0,0.0,551905.0,649156.0,33.11,32165.0,17.60103
211,2023,경남개발공사,837952.0,390016.0,1227968.0,423543.0,331527.0,755070.0,137929.0,0.0,0.0,90657.0,244311.0,472898.0,159.67,-6884.0,-0.90347
212,2023,경상북도개발공사,1108415.0,137964.0,1246380.0,231918.0,146611.0,378529.0,272131.0,33.0,-520.0,0.0,596207.0,867851.0,43.62,88785.0,30.64257
213,2023,전남개발공사,925519.0,229169.0,1154688.0,251880.0,118710.0,370590.0,390694.0,111837.0,0.0,0.0,281568.0,784098.0,47.26,-42877.0,-10.37011
214,2023,전북개발공사,273641.0,545212.0,818853.0,35459.0,445047.0,480505.0,137378.0,0.0,0.0,0.0,200969.0,338348.0,142.02,5741.0,1.20944
215,2023,충북개발공사,962184.0,7203.0,969386.0,335477.0,276244.0,611721.0,160176.0,0.0,0.0,0.0,197490.0,357665.0,171.03,124000.0,25.42437
216,2023,강원개발공사,339218.0,421537.0,760755.0,276665.0,389756.0,666421.0,385479.0,0.0,0.0,168080.0,-459225.0,94334.0,706.45,2461.0,0.37065
217,2023,경기주택도시공사,1.4695266E7,3750534.0,1.84458E7,6829949.0,6456673.0,1.3286622E7,1754511.0,5544.0,0.0,0.0,3399124.0,5159178.0,257.53,3298880.0,33.02931
218,2023,대전도시공사,728447.0,238518.0,966964.0,243532.0,231413.0,474944.0,236913.0,0.0,-130.0,0.0,255237.0,492020.0,96.53,-92958.0,-16.36849
219,2023,광주광역시도시공사,1377778.0,330914.0,1708692.0,548086.0,659731.0,1207817.0,208156.0,27118.0,0.0,0.0,265601.0,500875.0,241.14,199628.0,19.80065
220,2023,인천도시공사,7164497.0,1889088.0,9053585.0,3335460.0,2645066.0,5980526.0,2852717.0,0.0,-382223.0,181216.0,421349.0,3073059.0,194.61,-8903.0,-0.14865
221,2023,대구도시개발공사,1421054.0,300337.0,1721392.0,540533.0,432852.0,973385.0,272297.0,0.0,0.0,0.0,475709.0,748006.0,130.13,-20324.0,-2.04527
222,2023,부산도시공사,1944346.0,1217099.0,3161445.0,268137.0,869159.0,1137296.0,620489.0,0.0,0.0,69292.0,1334368.0,2024149.0,56.19,-56360.0,-4.72163
223,2023,서울주택도시개발공사,5184230.0,2.2455501E7,2.7639731E7,2502508.0,1.5204382E7,1.770689E7,7400729.0,0.0,-9566.0,-1378.0,2543056.0,9932841.0,178.27,-461867.0,-2.54209
224,2023,대전교통공사,35322.0,1347020.0,1382342.0,18034.0,31333.0,49367.0,2100342.0,0.0,0.0,0.0,-767366.0,1332975.0,3.7,3255.0,7.0589
225,2023,광주교통공사,18085.0,1071044.0,1089129.0,6290.0,48486.0,54777.0,1764329.0,0.0,0.0,0.0,-729977.0,1034352.0,5.3,6041.0,12.3933
226,2023,인천교통공사,97938.0,4147607.0,4245545.0,66483.0,315842.0,382325.0,4944304.0,673537.0,371585.0,0.0,-2126206.0,3863220.0,9.9,39759.0,11.60623
227,2023,대구교통공사,128796.0,4106336.0,4235131.0,230004.0,450673.0,680677.0,6530836.0,305743.0,55946.0,206.0,-3338275.0,3554455.0,19.15,39253.0,6.11966
228,2023,부산교통공사,-15001.0,4030821.0,4015821.0,403175.0,1250570.0,1653745.0,5256050.0,0.0,0.0,0.0,-2893974.0,2362076.0,70.01,231225.0,16.2546
229,2023,진주시공영개발,164929.0,2212.0,167141.0,0.0,0.0,0.0,10000.0,0.0,0.0,0.0,157141.0,167141.0,0,0.0,0.0
230,2023,창원시주택건설사업,934.0,66264.0,67198.0,8.0,34053.0,34061.0,13127.0,32780.0,0.0,0.0,-12770.0,33137.0,102.79,-112.0,-0.32774
231,2023,광양시공영개발,28164.0,113727.0,141891.0,0.0,0.0,0.0,42.0,7017.0,0.0,0.0,134832.0,141891.0,0,0.0,0.0
232,2023,순천시공영개발,2899.0,66517.0,69415.0,0.0,0.0,0.0,0.0,0.0,-445.0,0.0,69860.0,69415.0,0,0.0,0.0
233,2023,목포시공영개발,102712.0,7402.0,110114.0,202.0,0.0,202.0,0.0,285.0,0.0,0.0,109627.0,109912.0,0.18,-51.0,-20.1581
234,2023,익산시공영개발,63469.0,116103.0,179572.0,27399.0,0.0,27399.0,400.0,112227.0,0.0,0.0,39546.0,152174.0,18.01,103.0,0.37734
235,2023,계룡시공영개발,84690.0,10212.0,94902.0,12271.0,0.0,12271.0,0.0,31144.0,0.0,0.0,51487.0,82631.0,14.85,-60.0,-0.48658
236,2023,세종특별자치시공영개발,61358.0,103525.0,164883.0,10053.0,1094.0,11147.0,0.0,4992.0,0.0,95449.0,53296.0,153737.0,7.25,6880.0,161.2374
237,2023,아산시공영개발,1021.0,3802.0,4823.0,0.0,0.0,0.0,0.0,33028.0,0.0,0.0,-28205.0,4823.0,0,0.0,0.0
238,2023,천안시공영개발,140635.0,0.0,140635.0,0.0,0.0,0.0,127.0,0.0,0.0,0.0,140508.0,140635.0,0,0.0,0.0
239,2023,음성군공영개발,34699.0,550.0,35249.0,40.0,5481.0,5522.0,0.0,26340.0,0.0,0.0,3387.0,29727.0,18.58,140.0,2.58268
240,2023,충주시공영개발,115656.0,23228.0,138884.0,0.0,0.0,0.0,0.0,99553.0,0.0,0.0,39332.0,138884.0,0,0.0,0.0
241,2023,강릉시공영개발,27318.0,52272.0,79590.0,2684.0,0.0,2684.0,0.0,104418.0,0.0,0.0,-27512.0,76906.0,3.49,33.0,1.24481
242,2023,원주시공영개발,104025.0,49824.0,153849.0,30301.0,0.0,30301.0,14450.0,3217.0,0.0,0.0,105881.0,123548.0,24.53,-3825.0,-11.20846
243,2023,춘천시공영개발,8170.0,284194.0,292364.0,4.0,0.0,4.0,236.0,207743.0,0.0,314.0,84067.0,292360.0,0,1.0,33.33333
244,2023,경기도판교테크노밸리조성사업,152091.0,307243.0,459334.0,23.0,0.0,23.0,0.0,0.0,0.0,0.0,459311.0,459311.0,0.01,6.0,35.29412
245,2023,안성시공영개발,76919.0,0.0,76919.0,0.0,129.0,129.0,5737.0,9621.0,0.0,0.0,61432.0,76790.0,0.17,0.0,0.0
246,2023,의왕시공영개발,43243.0,10669.0,53912.0,752.0,0.0,752.0,0.0,43690.0,0.0,0.0,9471.0,53161.0,1.41,745.0,10642.85714
247,2023,시흥시공영개발,317477.0,280380.0,597857.0,89624.0,0.0,89624.0,3.0,141753.0,0.0,0.0,366477.0,508233.0,17.63,-70148.0,-43.90506
248,2023,의정부시공영개발,101784.0,17364.0,119148.0,0.0,0.0,0.0,0.0,14490.0,0.0,0.0,104658.0,119148.0,0,0.0,0.0
249,2023,성남시공영개발,84825.0,38357.0,123183.0,59.0,7827.0,7886.0,103.0,22740.0,0.0,0.0,92453.0,115296.0,6.84,132.0,1.70235
250,2023,제주특별자치도하수도,83929.0,1433025.0,1516954.0,49830.0,453100.0,502929.0,640567.0,1553059.0,0.0,0.0,-1179602.0,1014024.0,49.6,-13166.0,-2.55089
251,2023,창녕군하수도,20752.0,184954.0,205707.0,0.0,0.0,0.0,30746.0,252963.0,0.0,0.0,-78002.0,205707.0,0,0.0,0.0
252,2023,양산시하수도,44375.0,386316.0,430691.0,475.0,51142.0,51617.0,249887.0,265055.0,0.0,0.0,-135868.0,379074.0,13.62,-4649.0,-8.26254
253,2023,밀양시하수도,10333.0,399181.0,409513.0,2.0,0.0,2.0,57659.0,454535.0,0.0,0.0,-102682.0,409511.0,0,1.0,100.0
254,2023,통영시하수도,566.0,101138.0,101705.0,7734.0,48720.0,56454.0,89836.0,99164.0,0.0,0.0,-143749.0,45251.0,124.76,-4101.0,-6.77236
255,2023,거창군하수도,8006.0,180995.0,189001.0,4221.0,14825.0,19046.0,34837.0,186365.0,0.0,0.0,-51248.0,169954.0,11.21,-285.0,-1.47432
256,2023,사천시하수도,4792.0,225774.0,230566.0,0.0,9.0,9.0,119493.0,271490.0,0.0,0.0,-160427.0,230557.0,0,9.0,0.0
257,2023,김해시하수도,109189.0,646160.0,755349.0,16649.0,106147.0,122796.0,47719.0,869896.0,0.0,0.0,-285061.0,632554.0,19.41,-12919.0,-9.51921
258,2023,진주시하수도,22932.0,514203.0,537135.0,10520.0,99327.0,109846.0,86268.0,696800.0,0.0,0.0,-355779.0,427288.0,25.71,-10178.0,-8.47914
259,2023,창원시하수도,23608.0,700951.0,724559.0,76.0,72947.0,73023.0,363381.0,701055.0,0.0,0.0,-412901.0,651536.0,11.21,-7368.0,-9.16521
260,2023,영주시하수도,5498.0,161841.0,167339.0,9048.0,75843.0,84891.0,22496.0,245466.0,0.0,0.0,-185514.0,82448.0,102.96,-6768.0,-7.38389
261,2023,상주시하수도,19423.0,91223.0,110646.0,8964.0,56300.0,65265.0,29200.0,300190.0,0.0,0.0,-284008.0,45382.0,143.81,-8696.0,-11.7589
262,2023,경산시하수도,26546.0,273621.0,300167.0,0.0,0.0,0.0,21730.0,474657.0,0.0,0.0,-196220.0,300167.0,0,0.0,0.0
263,2023,영천시하수도,20278.0,290826.0,311104.0,0.0,0.0,0.0,73738.0,372670.0,0.0,0.0,-135304.0,311104.0,0,-2.0,-100.0
264,2023,안동시하수도,37088.0,326957.0,364046.0,26.0,0.0,26.0,62353.0,494949.0,0.0,0.0,-193283.0,364019.0,0.01,14.0,116.66667
265,2023,구미시하수도,37124.0,683571.0,720695.0,15.0,68542.0,68557.0,81011.0,883351.0,0.0,0.0,-312224.0,652138.0,10.51,-3918.0,-5.406
266,2023,경주시하수도,22884.0,338212.0,361096.0,11943.0,87726.0,99669.0,8468.0,788248.0,0.0,0.0,-535289.0,261427.0,38.12,-8537.0,-7.88958
267,2023,영암군하수도,8281.0,229569.0,237851.0,0.0,0.0,0.0,70348.0,288873.0,0.0,0.0,-121371.0,237851.0,0,0.0,0.0
268,2023,나주시하수도,12124.0,240238.0,252363.0,5362.0,31093.0,36455.0,19637.0,341728.0,0.0,0.0,-145457.0,215907.0,16.88,-2688.0,-6.86713
269,2023,순천시하수도,10751.0,459416.0,470167.0,2885.0,55980.0,58865.0,261570.0,456286.0,-172.0,0.0,-306383.0,411301.0,14.31,-3072.0,-4.95988
270,2023,목포시하수도,33723.0,424159.0,457881.0,9557.0,64787.0,74344.0,175428.0,533398.0,0.0,0.0,-325289.0,383538.0,19.38,-9296.0,-11.1143
271,2023,정읍시하수도,10770.0,170430.0,181200.0,36.0,19186.0,19222.0,97047.0,288843.0,0.0,0.0,-223913.0,161978.0,11.87,-2286.0,-10.6286
272,2023,익산시하수도,23912.0,389129.0,413041.0,7883.0,77209.0,85092.0,92233.0,523496.0,823.0,0.0,-288603.0,327948.0,25.95,-7296.0,-7.89713
273,2023,완주군하수도,10796.0,19108.0,29904.0,0.0,0.0,0.0,16341.0,25088.0,0.0,0.0,-11526.0,29904.0,0,0.0,0.0
274,2023,전주시하수도,62548.0,585656.0,648204.0,11006.0,50547.0,61552.0,83820.0,732266.0,-229434.0,0.0,0.0,586652.0,10.49,-9997.0,-13.97085
275,2023,서산시하수도,18647.0,318306.0,336953.0,8781.0,43637.0,52418.0,55535.0,441530.0,0.0,0.0,-212531.0,284534.0,18.42,19.0,0.03626
276,2023,아산시하수도,41225.0,620068.0,661294.0,13599.0,35325.0,48924.0,58570.0,696267.0,0.0,0.0,-142467.0,612370.0,7.99,1580.0,3.33728
277,2023,천안시하수도,80046.0,666709.0,746755.0,10772.0,87534.0,98305.0,357618.0,784782.0,0.0,0.0,-493950.0,648450.0,15.16,-10429.0,-9.59038
278,2023,공주시하수도,22543.0,250352.0,272896.0,7.0,62.0,69.0,82807.0,342858.0,0.0,0.0,-152839.0,272826.0,0.03,-7.0,-9.21053
279,2023,청주시하수도,101387.0,919612.0,1020999.0,3277.0,13291.0,16568.0,378970.0,851257.0,0.0,0.0,-225796.0,1004431.0,1.65,-2501.0,-13.11553
280,2023,속초시하수도,13863.0,153645.0,167508.0,18.0,5290.0,5308.0,129351.0,205539.0,0.0,0.0,-172691.0,162200.0,3.27,-136.0,-2.49816
281,2023,춘천시하수도,29614.0,524503.0,554117.0,6122.0,70528.0,76649.0,50600.0,824942.0,0.0,0.0,-398075.0,477468.0,16.05,-5789.0,-7.02103
282,2023,가평군하수도,10118.0,337515.0,347633.0,23.0,95.0,119.0,75220.0,343518.0,0.0,0.0,-71224.0,347514.0,0.03,21.0,20.40816
283,2023,김포시하수도,45369.0,426998.0,472367.0,11588.0,118866.0,130454.0,75002.0,590720.0,0.0,0.0,-323809.0,341913.0,38.15,-5086.0,-3.7524
284,2023,안양시하수도,47933.0,735350.0,783282.0,304.0,8496.0,8799.0,163550.0,729707.0,0.0,0.0,-118774.0,774483.0,1.14,977.0,12.5032
285,2023,평택시하수도,25888.0,936016.0,961904.0,7202.0,82170.0,89373.0,171456.0,1033028.0,0.0,0.0,-331953.0,872531.0,10.24,-11021.0,-10.97874
286,2023,광주시하수도,139204.0,519206.0,658409.0,2494.0,0.0,2494.0,218600.0,579711.0,0.0,0.0,-142396.0,655915.0,0.38,2398.0,2497.91667
287,2023,안성시하수도,46540.0,337199.0,383739.0,5127.0,36230.0,41357.0,33313.0,461805.0,0.0,0.0,-152736.0,342382.0,12.08,-3464.0,-7.72852
288,2023,남양주시하수도,41190.0,564286.0,605476.0,31.0,370.0,401.0,222725.0,611471.0,0.0,0.0,-229121.0,605075.0,0.07,-39.0,-8.86364
289,2023,의왕시하수도,34439.0,93926.0,128364.0,23.0,502.0,524.0,57612.0,97189.0,0.0,0.0,-26961.0,127840.0,0.41,59.0,12.90323
290,2023,용인시하수도,82076.0,1201100.0,1283175.0,16032.0,90388.0,106420.0,213296.0,1430034.0,0.0,0.0,-466575.0,1176756.0,9.04,-3139.0,-2.86512
291,2023,군포시하수도,12755.0,89068.0,101822.0,67.0,111.0,178.0,43605.0,100258.0,0.0,0.0,-42220.0,101644.0,0.18,-81.0,-31.27413
292,2023,여주시하수도,4534.0,135697.0,140231.0,4.0,0.0,4.0,43519.0,137749.0,0.0,0.0,-41041.0,140227.0,0,-355.0,-98.88579
293,2023,오산시하수도,64531.0,236743.0,301274.0,48.0,0.0,48.0,76838.0,347636.0,0.0,0.0,-123248.0,301226.0,0.02,-103.0,-68.21192
294,2023,포천시하수도,16902.0,545536.0,562437.0,339.0,0.0,339.0,52230.0,752968.0,0.0,0.0,-243099.0,562099.0,0.06,328.0,2981.81818
295,2023,시흥시하수도,16980.0,504903.0,521883.0,24198.0,36143.0,60341.0,136568.0,420277.0,0.0,0.0,-95303.0,461542.0,13.07,-1186.0,-1.92761
296,2023,구리시하수도,21637.0,295364.0,317001.0,14.0,390.0,404.0,32848.0,369564.0,0.0,0.0,-85815.0,316597.0,0.13,37.0,10.08174
297,2023,성남시하수도,64026.0,370851.0,434877.0,132.0,1595.0,1726.0,170972.0,480793.0,0.0,0.0,-218614.0,433151.0,0.4,527.0,44.0367
298,2023,과천시하수도,4532.0,36733.0,41265.0,18.0,303.0,321.0,18333.0,82214.0,0.0,0.0,-59603.0,40944.0,0.78,-7333.0,-95.80611
299,2023,안산시하수도,87432.0,433444.0,520876.0,75.0,1179.0,1254.0,160660.0,517850.0,0.0,0.0,-158888.0,519622.0,0.24,-79.0,-5.92648
300,2023,부천시하수도,104481.0,831509.0,935990.0,18.0,698.0,716.0,181339.0,799505.0,0.0,0.0,-45570.0,935274.0,0.08,21.0,3.02158
301,2023,광명시하수도,20004.0,59359.0,79363.0,2879.0,768.0,3646.0,58067.0,118653.0,0.0,0.0,-101003.0,75716.0,4.82,2905.0,392.17274
302,2023,의정부시하수도,10875.0,306537.0,317412.0,2.0,0.0,2.0,93336.0,405025.0,0.0,0.0,-180950.0,317411.0,0,-76.0,-97.4359
303,2023,수원시하수도,188493.0,718057.0,906550.0,203.0,1561.0,1765.0,67175.0,1150619.0,0.0,0.0,-313009.0,904785.0,0.2,18.0,0.9731
304,2023,울산광역시하수도,53962.0,1073405.0,1127367.0,13850.0,132361.0,146211.0,62559.0,1138054.0,0.0,0.0,-219457.0,981156.0,14.9,2053.0,1.42413
305,2023,대전광역시하수도,137886.0,697011.0,834897.0,21972.0,136955.0,158927.0,73813.0,931080.0,0.0,0.0,-328924.0,675970.0,23.51,2176.0,1.38819
306,2023,광주광역시하수도,104081.0,873984.0,978065.0,13473.0,136629.0,150102.0,62855.0,1004257.0,0.0,0.0,-239148.0,827964.0,18.13,-13057.0,-8.00262
307,2023,인천광역시하수도,57195.0,1398152.0,1455347.0,9202.0,57808.0,67010.0,115720.0,1558978.0,0.0,0.0,-286361.0,1388337.0,4.83,-10204.0,-13.21522
308,2023,대구광역시하수도,136342.0,2105451.0,2241793.0,0.0,270355.0,270355.0,144189.0,2141351.0,0.0,0.0,-314102.0,1971438.0,13.71,7158.0,2.71964
309,2023,부산광역시하수도,128961.0,2834054.0,2963014.0,22511.0,428320.0,450831.0,807736.0,2447774.0,0.0,0.0,-743325.0,2512184.0,17.95,-20833.0,-4.41692
310,2023,제주특별자치도상수도,39983.0,883898.0,923881.0,14845.0,112022.0,126867.0,136897.0,696766.0,0.0,0.0,-36648.0,797014.0,15.92,15543.0,13.96195
311,2023,거창군상수도,6793.0,117205.0,123997.0,8.0,35.0,43.0,19044.0,121209.0,0.0,0.0,-16298.0,123955.0,0.03,-41.0,-48.80952
312,2023,창녕군상수도,8555.0,94718.0,103273.0,0.0,431.0,431.0,4787.0,141603.0,0.0,0.0,-43549.0,102842.0,0.42,80.0,22.79202
313,2023,양산시상수도,44351.0,229494.0,273845.0,522.0,0.0,522.0,2936.0,272285.0,0.0,0.0,-1898.0,273323.0,0.19,136.0,35.23316
314,2023,거제시상수도,2500.0,193449.0,195949.0,0.0,0.0,0.0,7133.0,223383.0,0.0,0.0,-34566.0,195949.0,0,-10870.0,-100.0
315,2023,밀양시상수도,13814.0,181385.0,195199.0,17.0,783.0,799.0,1834.0,236640.0,0.0,0.0,-44075.0,194399.0,0.41,131.0,19.76048
316,2023,김해시상수도,69560.0,526390.0,595951.0,79.0,0.0,79.0,3795.0,557494.0,0.0,0.0,34582.0,595871.0,0.01,-5967.0,-98.69335
317,2023,사천시상수도,1339.0,113877.0,115215.0,0.0,0.0,0.0,3771.0,134193.0,0.0,0.0,-22749.0,115215.0,0,0.0,0.0
318,2023,통영시상수도,3807.0,63596.0,67403.0,0.0,0.0,0.0,5328.0,82571.0,0.0,0.0,-20496.0,67403.0,0,0.0,0.0
319,2023,진주시상수도,45430.0,293892.0,339322.0,395.0,350.0,745.0,2045.0,302650.0,0.0,0.0,33882.0,338577.0,0.22,250.0,50.50505
320,2023,창원시상수도,33497.0,660036.0,693534.0,337.0,2530.0,2867.0,10082.0,675856.0,0.0,0.0,4729.0,690666.0,0.42,881.0,44.36052
321,2023,경산시상수도,27260.0,279966.0,307226.0,297.0,5535.0,5832.0,6401.0,344564.0,0.0,0.0,-49571.0,301393.0,1.94,-46.0,-0.78258
322,2023,문경시상수도,14908.0,172291.0,187199.0,0.0,500.0,500.0,6131.0,211425.0,0.0,0.0,-30857.0,186699.0,0.27,36.0,7.75862
323,2023,상주시상수도,36235.0,324359.0,360594.0,11.0,213.0,223.0,5347.0,413868.0,0.0,0.0,-58844.0,360371.0,0.06,46.0,26.55367
324,2023,칠곡군상수도,14935.0,115302.0,130237.0,0.0,0.0,0.0,38072.0,125006.0,0.0,0.0,-32841.0,130237.0,0,0.0,0.0
325,2023,울진군상수도,13611.0,207163.0,220774.0,5173.0,0.0,5173.0,16296.0,245605.0,0.0,0.0,-46301.0,215601.0,2.4,4971.0,2460.89109
326,2023,영천시상수도,13199.0,283162.0,296361.0,270.0,0.0,270.0,3363.0,316855.0,0.0,0.0,-24127.0,296091.0,0.09,188.0,229.26829
327,2023,영주시상수도,21051.0,178374.0,199425.0,97.0,1254.0,1351.0,3665.0,214699.0,0.0,0.0,-20290.0,198074.0,0.68,-153.0,-10.17287
328,2023,구미시상수도,15644.0,256528.0,272172.0,158.0,3527.0,3685.0,8776.0,228863.0,0.0,0.0,30848.0,268487.0,1.37,-188.0,-4.85412
329,2023,안동시상수도,76150.0,395786.0,471936.0,230.0,0.0,230.0,7202.0,479916.0,0.0,0.0,-15412.0,471706.0,0.05,162.0,238.23529
330,2023,김천시상수도,14370.0,183801.0,198171.0,56.0,68.0,124.0,2531.0,184035.0,0.0,0.0,11482.0,198047.0,0.06,5.0,4.20168
331,2023,경주시상수도,30649.0,263615.0,294264.0,311.0,0.0,311.0,8265.0,335236.0,0.0,0.0,-49548.0,293954.0,0.11,-841.0,-73.00347
332,2023,포항시상수도,28894.0,332536.0,361430.0,284.0,1920.0,2204.0,16245.0,392957.0,0.0,0.0,-49976.0,359226.0,0.61,173.0,8.51797
333,2023,영암군상수도,24654.0,154831.0,179485.0,10.0,0.0,10.0,65302.0,176943.0,0.0,0.0,-62771.0,179475.0,0.01,-6.0,-37.5
334,2023,광양시상수도,9803.0,160975.0,170778.0,579.0,0.0,579.0,9087.0,152194.0,0.0,0.0,8919.0,170200.0,0.34,79.0,15.8
335,2023,나주시상수도,7971.0,141918.0,149888.0,5.0,10521.0,10526.0,6089.0,154243.0,0.0,0.0,-20969.0,139363.0,7.55,162.0,1.5631
336,2023,순천시상수도,18347.0,259723.0,278070.0,77.0,0.0,77.0,61686.0,204184.0,0.0,0.0,12123.0,277993.0,0.03,-38.0,-33.04348
337,2023,여수시상수도,39138.0,303163.0,342302.0,60.0,653.0,712.0,2246.0,355536.0,0.0,0.0,-16193.0,341589.0,0.21,-850.0,-54.35339
338,2023,목포시상수도,18968.0,141342.0,160310.0,104.0,507.0,611.0,2052.0,183318.0,0.0,0.0,-25672.0,159699.0,0.38,46.0,8.14159
339,2023,고창군상수도,2280.0,93387.0,95667.0,109.0,0.0,109.0,34408.0,83562.0,0.0,0.0,-22413.0,95558.0,0.11,55.0,101.85185
340,2023,완주군상수도,11161.0,14993.0,26154.0,43.0,0.0,43.0,13227.0,5015.0,0.0,0.0,7869.0,26111.0,0.16,-4.0,-8.51064
341,2023,김제시상수도,7331.0,125359.0,132690.0,75.0,733.0,808.0,4506.0,189397.0,0.0,0.0,-62022.0,131881.0,0.61,26.0,3.32481
342,2023,남원시상수도,14099.0,152221.0,166320.0,2863.0,1217.0,4080.0,1979.0,227608.0,0.0,0.0,-67346.0,162240.0,2.51,3239.0,385.13674
343,2023,정읍시상수도,8514.0,98924.0,107438.0,968.0,5449.0,6417.0,2493.0,134256.0,0.0,0.0,-35728.0,101021.0,6.35,-2820.0,-30.52939
344,2023,익산시상수도,4389.0,185623.0,190013.0,0.0,400.0,400.0,6329.0,188225.0,23545.0,0.0,-28487.0,189612.0,0.21,28.0,7.52688
345,2023,군산시상수도,17968.0,275828.0,293795.0,56.0,609.0,664.0,1887.0,216818.0,0.0,0.0,74426.0,293131.0,0.23,98.0,17.49117
346,2023,전주시상수도,18548.0,376134.0,394681.0,2229.0,7835.0,10064.0,3602.0,234163.0,0.0,0.0,146852.0,384618.0,2.62,-2958.0,-22.7154
347,2023,홍성군상수도,5160.0,132075.0,137235.0,425.0,0.0,425.0,15026.0,169997.0,0.0,0.0,-48214.0,136810.0,0.31,308.0,263.24786
348,2023,당진시상수도,46151.0,215182.0,261332.0,125.0,827.0,952.0,20176.0,261374.0,0.0,0.0,-21169.0,260380.0,0.37,92.0,10.69767
349,2023,예산군상수도,10118.0,75250.0,85367.0,0.0,0.0,0.0,1105.0,96488.0,0.0,0.0,-12226.0,85367.0,0,0.0,0.0
350,2023,논산시상수도,29300.0,167329.0,196629.0,232.0,0.0,232.0,4017.0,206750.0,0.0,0.0,-14370.0,196397.0,0.12,232.0,0.0
351,2023,서산시상수도,15695.0,193407.0,209102.0,196.0,0.0,196.0,4039.0,228274.0,0.0,0.0,-23407.0,208906.0,0.09,136.0,226.66667
352,2023,아산시상수도,24180.0,325753.0,349933.0,569.0,0.0,569.0,11206.0,341051.0,0.0,0.0,-2892.0,349365.0,0.16,190.0,50.13193
353,2023,보령시상수도,31133.0,225347.0,256480.0,255.0,0.0,255.0,3408.0,298838.0,0.0,0.0,-46021.0,256225.0,0.1,-702.0,-73.35423
354,2023,공주시상수도,21534.0,169881.0,191416.0,118.0,1045.0,1163.0,3671.0,214095.0,0.0,0.0,-27513.0,190253.0,0.61,148.0,14.58128
355,2023,천안시상수도,34159.0,425383.0,459543.0,1173.0,1356.0,2528.0,13363.0,494224.0,0.0,0.0,-50573.0,457014.0,0.55,153.0,6.48421
356,2023,옥천군상수도,7209.0,142297.0,149506.0,144.0,0.0,144.0,4049.0,177437.0,0.0,0.0,-32124.0,149362.0,0.1,124.0,620.0
357,2023,제천시상수도,7449.0,198806.0,206255.0,18.0,747.0,765.0,2444.0,257509.0,0.0,0.0,-54463.0,205490.0,0.37,10.0,1.3245
358,2023,충주시상수도,27686.0,278410.0,306096.0,137.0,9466.0,9603.0,8212.0,253568.0,0.0,0.0,34713.0,296493.0,3.24,9127.0,1917.43697
359,2023,청주시상수도,68282.0,751522.0,819804.0,1074.0,4136.0,5210.0,224621.0,556329.0,0.0,0.0,33644.0,814594.0,0.64,46.0,0.89078
360,2023,고성군상수도,3285.0,148202.0,151486.0,10200.0,4088.0,14288.0,9326.0,155029.0,0.0,-27156.0,0.0,137198.0,10.41,-411.0,-2.79611
361,2023,철원군상수도,6508.0,147079.0,153587.0,942.0,0.0,942.0,7752.0,159251.0,0.0,0.0,-14358.0,152645.0,0.62,233.0,32.86319
362,2023,정선군상수도,9244.0,101353.0,110597.0,0.0,0.0,0.0,6006.0,128836.0,0.0,0.0,-24245.0,110597.0,0,0.0,0.0
363,2023,홍천군상수도,16089.0,223707.0,239795.0,130.0,66.0,196.0,6081.0,261301.0,0.0,0.0,-27783.0,239599.0,0.08,-67.0,-25.47529
364,2023,삼척시상수도,14108.0,179857.0,193965.0,17.0,283.0,300.0,1938.0,247627.0,0.0,0.0,-55901.0,193665.0,0.15,300.0,0.0
365,2023,속초시상수도,14692.0,116137.0,130830.0,12.0,405.0,417.0,1440.0,123537.0,0.0,0.0,5435.0,130413.0,0.32,-19.0,-4.3578
366,2023,태백시상수도,22126.0,98578.0,120703.0,186.0,0.0,186.0,3441.0,134189.0,0.0,0.0,-17112.0,120518.0,0.15,-18.0,-8.82353
367,2023,동해시상수도,3595.0,96319.0,99914.0,202.0,725.0,928.0,2714.0,143913.0,0.0,0.0,-47641.0,98986.0,0.94,-89.0,-8.84956
368,2023,강릉시상수도,23894.0,257496.0,281390.0,355.0,635.0,990.0,1681.0,254981.0,0.0,0.0,23738.0,280400.0,0.35,4.0,0.40568
369,2023,원주시상수도,24246.0,288289.0,312535.0,1024.0,0.0,1024.0,1735.0,234250.0,0.0,0.0,75527.0,311511.0,0.33,-234.0,-18.60095
370,2023,춘천시상수도,55323.0,330401.0,385724.0,241.0,6727.0,6967.0,9193.0,420440.0,0.0,0.0,-50876.0,378757.0,1.84,-1249.0,-15.18987
371,2023,인제군상수도,15766.0,243309.0,259075.0,5454.0,33.0,5487.0,27283.0,274829.0,0.0,0.0,-48525.0,253588.0,2.16,777.0,16.49682
372,2023,평창군상수도,6953.0,298970.0,305923.0,6.0,0.0,6.0,15095.0,376959.0,0.0,0.0,-86136.0,305917.0,0,-4.0,-40.0
373,2023,영월군상수도,21177.0,159511.0,180688.0,71.0,0.0,71.0,10968.0,208853.0,0.0,0.0,-39205.0,180617.0,0.04,-1.0,-1.38889
374,2023,가평군상수도,14944.0,141699.0,156643.0,94.0,1186.0,1280.0,15153.0,176697.0,0.0,0.0,-36487.0,155363.0,0.82,290.0,29.29293
375,2023,여주시상수도,10876.0,246884.0,257760.0,2046.0,0.0,2046.0,6849.0,294767.0,0.0,0.0,-45902.0,255714.0,0.8,1996.0,3992.0
376,2023,양평군상수도,31609.0,217922.0,249531.0,399.0,248.0,647.0,14881.0,268110.0,0.0,0.0,-34106.0,248884.0,0.26,-314.0,-32.6743
377,2023,포천시상수도,29202.0,200864.0,230066.0,6442.0,0.0,6442.0,19763.0,277012.0,0.0,0.0,-73150.0,223625.0,2.88,3981.0,161.76351
378,2023,안성시상수도,21092.0,234930.0,256022.0,668.0,502.0,1171.0,10346.0,246220.0,0.0,0.0,-1715.0,254851.0,0.46,-76.0,-6.17482
379,2023,연천군상수도,13545.0,241100.0,254644.0,218.0,0.0,218.0,4412.0,255233.0,0.0,0.0,-5218.0,254426.0,0.09,125.0,134.4086
380,2023,광주시상수도,46434.0,389577.0,436012.0,30.0,0.0,30.0,5754.0,427044.0,0.0,0.0,3184.0,435982.0,0.01,-61.0,-67.03297
381,2023,화성시상수도,73558.0,747999.0,821556.0,1473.0,476.0,1950.0,1024.0,772572.0,0.0,0.0,46011.0,819606.0,0.24,-2337.0,-54.53697
382,2023,이천시상수도,45979.0,290290.0,336269.0,191.0,721.0,913.0,10228.0,278421.0,0.0,0.0,46708.0,335357.0,0.27,130.0,16.4751
383,2023,파주시상수도,112879.0,286232.0,399111.0,110.0,0.0,110.0,2665.0,350078.0,0.0,0.0,46258.0,399001.0,0.03,-31.0,-21.98582
384,2023,용인시상수도,22784.0,566279.0,589062.0,2827.0,2357.0,5184.0,13829.0,675205.0,0.0,0.0,-105154.0,583879.0,0.89,-179.0,-3.33768
385,2023,하남시상수도,40834.0,163518.0,204353.0,219.0,18.0,237.0,12212.0,189239.0,0.0,0.0,2665.0,204116.0,0.12,133.0,127.88462
386,2023,양주시상수도,10130.0,248493.0,258624.0,18.0,0.0,18.0,22896.0,267878.0,0.0,0.0,-32169.0,258606.0,0.01,-772.0,-97.72152
387,2023,의왕시상수도,34912.0,82657.0,117569.0,226.0,26.0,252.0,17077.0,111690.0,0.0,0.0,-11450.0,117317.0,0.21,194.0,334.48276
388,2023,군포시상수도,40706.0,141005.0,181712.0,881.0,146.0,1027.0,28790.0,142290.0,0.0,0.0,9605.0,180685.0,0.57,472.0,85.04505
389,2023,시흥시상수도,40613.0,236041.0,276654.0,344.0,255.0,599.0,9704.0,211540.0,0.0,0.0,54810.0,276054.0,0.22,320.0,114.69534
390,2023,오산시상수도,15303.0,96032.0,111335.0,3396.0,0.0,3396.0,1581.0,123739.0,0.0,0.0,-17381.0,107939.0,3.15,2831.0,501.06195
391,2023,남양주시상수도,39044.0,297355.0,336399.0,199.0,666.0,865.0,3285.0,365613.0,0.0,0.0,-33364.0,335535.0,0.26,-73.0,-7.78252
392,2023,평택시상수도,98651.0,901068.0,999719.0,1884.0,2258.0,4142.0,12863.0,886854.0,0.0,0.0,95860.0,995577.0,0.42,-8.0,-0.19277
393,2023,김포시상수도,25938.0,494972.0,520910.0,87.0,0.0,87.0,74255.0,412470.0,0.0,0.0,34097.0,520823.0,0.02,-624.0,-87.76371
394,2023,구리시상수도,3398.0,101952.0,105350.0,25.0,437.0,462.0,1961.0,97123.0,0.0,0.0,5805.0,104888.0,0.44,31.0,7.19258
395,2023,과천시상수도,8009.0,53064.0,61073.0,121.0,0.0,121.0,2784.0,82707.0,0.0,0.0,-24539.0,60952.0,0.2,120.0,12000.0
396,2023,고양시상수도,16688.0,262336.0,279024.0,1954.0,1078.0,3032.0,19098.0,301676.0,0.0,0.0,-44782.0,275992.0,1.1,360.0,13.47305
397,2023,안산시상수도,27889.0,392976.0,420865.0,137.0,1235.0,1372.0,18482.0,364375.0,0.0,0.0,36636.0,419492.0,0.33,-2518.0,-64.73008
398,2023,동두천시상수도,14196.0,161291.0,175487.0,609.0,28481.0,29090.0,2986.0,189603.0,0.0,0.0,-46191.0,146398.0,19.87,1775.0,6.49826
399,2023,광명시상수도,39057.0,102833.0,141889.0,2786.0,707.0,3492.0,9439.0,91074.0,0.0,0.0,37884.0,138397.0,2.52,196.0,5.97694
400,2023,부천시상수도,96187.0,302946.0,399134.0,3087.0,1664.0,4751.0,25000.0,330677.0,0.0,0.0,38706.0,394383.0,1.2,475.0,11.10851
401,2023,안양시상수도,100239.0,289067.0,389306.0,781.0,0.0,781.0,6518.0,293829.0,0.0,0.0,88178.0,388525.0,0.2,-40.0,-4.87211
402,2023,의정부시상수도,8470.0,134641.0,143112.0,2.0,0.0,2.0,2898.0,189603.0,0.0,0.0,-49391.0,143110.0,0,-91.0,-97.84946
403,2023,성남시상수도,38212.0,439963.0,478175.0,1622.0,1589.0,3211.0,35454.0,443820.0,0.0,0.0,-4310.0,474964.0,0.68,1667.0,107.96632
404,2023,수원시상수도,24908.0,395514.0,420422.0,605.0,809.0,1414.0,11388.0,408177.0,0.0,0.0,-557.0,419008.0,0.34,19.0,1.36201
405,2023,울산광역시상수도,26709.0,761177.0,787886.0,2906.0,24856.0,27762.0,184941.0,548337.0,0.0,0.0,26846.0,760124.0,3.65,1550.0,5.91332
406,2023,대전광역시상수도,51526.0,830495.0,882021.0,3789.0,27573.0,31362.0,100593.0,717620.0,0.0,0.0,32447.0,850659.0,3.69,-1540.0,-4.68057
407,2023,광주광역시상수도,30997.0,803637.0,834634.0,3834.0,8604.0,12439.0,2759.0,613767.0,0.0,0.0,205669.0,822195.0,1.51,1497.0,13.67209
408,2023,인천광역시상수도,128477.0,1800416.0,1928893.0,8472.0,99952.0,108424.0,330248.0,1661841.0,0.0,0.0,-171620.0,1820469.0,5.96,50410.0,86.89282
409,2023,대구광역시상수도,52422.0,1480130.0,1532552.0,5644.0,75085.0,80729.0,206791.0,1320813.0,0.0,0.0,-75780.0,1451823.0,5.56,-3384.0,-4.02316
410,2023,부산광역시상수도,79388.0,2222336.0,2301724.0,7507.0,13281.0,20788.0,247087.0,2309805.0,0.0,0.0,-275956.0,2280935.0,0.91,1109.0,5.63545
411,2023,서울특별시상수도,262431.0,4981881.0,5244312.0,30954.0,113009.0,143963.0,1218213.0,4242402.0,0.0,0.0,-360267.0,5100349.0,2.82,16209.0,12.68767
1,2024,안양시공영개발,73149.0,0.0,73149.0,106.0,56000.0,56106.0,0.0,17000.0,0.0,0.0,43.0,17043.0,329.2,56106.0,0.0
2,2024,문경관광공사,387.0,0.0,387.0,287.0,0.0,287.0,100.0,0.0,0.0,0.0,0.0,100.0,287,287.0,0.0
3,2024,완도해양치유관리공단,522.0,0.0,522.0,422.0,0.0,422.0,100.0,0.0,0.0,0.0,0.0,100.0,422,422.0,0.0
4,2024,완주군시설관리공단,104.0,200.0,304.0,12.0,0.0,12.0,200.0,0.0,0.0,0.0,93.0,293.0,4.1,12.0,0.0
5,2024,오산도시공사,10676.0,238.0,10914.0,524.0,0.0,524.0,10100.0,0.0,0.0,0.0,290.0,10390.0,5.04,524.0,0.0
6,2024,의정부도시공사,11114.0,8530.0,19644.0,5595.0,5165.0,10760.0,8617.0,0.0,0.0,0.0,267.0,8884.0,121.12,10760.0,0.0
7,2024,진주시시설관리공단,371.0,0.0,371.0,71.0,0.0,71.0,300.0,0.0,0.0,0.0,0.0,300.0,23.67,71.0,0.0
8,2024,동두천시시설관리공단,753.0,0.0,753.0,553.0,0.0,553.0,200.0,0.0,0.0,0.0,0.0,200.0,276.5,553.0,0.0
9,2024,대구농수산물유통관리공사,5484.0,447083.0,452566.0,570.0,244.0,813.0,449845.0,0.0,-188.0,0.0,2096.0,451753.0,0.18,813.0,0.0
10,2024,여주도시공사,12178.0,214.0,12392.0,10179.0,6.0,10185.0,2200.0,0.0,0.0,0.0,8.0,2208.0,461.28,9706.0,2026.3048
11,2024,구미도시공사,29199.0,3433.0,32632.0,5371.0,0.0,5371.0,27501.0,0.0,0.0,0.0,-240.0,27261.0,19.7,679.0,14.47144
12,2024,태백시시설관리공단,1684.0,0.0,1684.0,1384.0,0.0,1384.0,300.0,0.0,0.0,0.0,0.0,300.0,461.33,1384.0,0.0
13,2024,천안도시공사,6812.0,405.0,7216.0,3406.0,0.0,3406.0,4000.0,0.0,0.0,0.0,-189.0,3811.0,89.37,1040.0,43.95604
14,2024,익산시도시관리공단,607.0,0.0,607.0,407.0,0.0,407.0,200.0,0.0,0.0,0.0,0.0,200.0,203.5,-675.0,-62.38447
15,2024,부산광역시남구시설관리공단,809.0,522.0,1331.0,831.0,0.0,831.0,500.0,0.0,0.0,0.0,0.0,500.0,166.2,362.0,77.1855
16,2024,양주도시공사,21157.0,7.0,21164.0,1426.0,380.0,1806.0,18300.0,0.0,0.0,0.0,1058.0,19358.0,9.33,514.0,39.78328
17,2024,합천군시설관리공단,2300.0,200.0,2500.0,2163.0,136.0,2300.0,200.0,0.0,0.0,0.0,0.0,200.0,1150,-648.0,-22.01493
18,2024,단양관광공사,4275.0,109.0,4385.0,482.0,0.0,482.0,3300.0,0.0,0.0,0.0,603.0,3903.0,12.35,-141.0,-22.63242
19,2024,전남광주통합특별시 서구시설관리공단,1151.0,2401.0,3552.0,951.0,2401.0,3352.0,200.0,0.0,0.0,0.0,0.0,200.0,1676,-1395.0,-29.38698
20,2024,전남광주통합특별시북구시설관리공단,3016.0,150.0,3166.0,3016.0,0.0,3016.0,150.0,0.0,0.0,0.0,0.0,150.0,2010.67,1919.0,174.93163
21,2024,김천시시설관리공단,629.0,23.0,651.0,451.0,0.0,451.0,200.0,0.0,0.0,0.0,0.0,200.0,225.5,123.0,37.5
22,2024,예산군하수도,7767.0,212239.0,220006.0,1.0,0.0,1.0,178297.0,92422.0,0.0,0.0,-50715.0,220004.0,0,0.0,0.0
23,2024,평창군시설관리공단,357.0,0.0,357.0,257.0,0.0,257.0,100.0,0.0,0.0,0.0,0.0,100.0,257,78.0,43.57542
24,2024,금산군하수도,6687.0,132675.0,139361.0,2668.0,15001.0,17669.0,92719.0,67608.0,0.0,0.0,-38634.0,121693.0,14.52,-4796.0,-21.34876
25,2024,서울물재생시설공단,16915.0,1489.0,18403.0,16403.0,0.0,16403.0,2000.0,0.0,0.0,0.0,0.0,2000.0,820.15,7509.0,84.4277
26,2024,경기교통공사,117274.0,1460.0,118734.0,103684.0,0.0,103684.0,18500.0,0.0,-62.0,0.0,-3388.0,15050.0,688.93,83133.0,404.52046
27,2024,원주시시설관리공단,2132.0,0.0,2132.0,1831.0,1.0,1832.0,300.0,0.0,0.0,0.0,0.0,300.0,610.67,211.0,13.01666
28,2024,김포도시공사,66434.0,116342.0,182776.0,11300.0,228.0,11528.0,168292.0,0.0,0.0,0.0,2955.0,171247.0,6.73,-5273.0,-31.38504
29,2024,파주도시공사,40122.0,6543.0,46666.0,5693.0,1093.0,6787.0,37925.0,0.0,0.0,0.0,1954.0,39879.0,17.02,-736.0,-9.79662
30,2024,영천시시설관리공단,558.0,526.0,1085.0,394.0,191.0,585.0,500.0,0.0,0.0,0.0,0.0,500.0,117,-155.0,-20.94595
31,2024,과천도시공사,416319.0,4861.0,421181.0,142197.0,90012.0,232208.0,189000.0,0.0,0.0,0.0,-28.0,188972.0,122.88,-35781.0,-13.35129
32,2024,울산광역시북구시설관리공단,226.0,0.0,226.0,76.0,0.0,76.0,150.0,0.0,0.0,0.0,0.0,150.0,50.67,-9.0,-10.58824
33,2024,포천도시공사,47852.0,762.0,48614.0,18666.0,0.0,18666.0,28600.0,0.0,0.0,0.0,1348.0,29948.0,62.33,-2667.0,-12.50176
34,2024,안양도시공사,47922.0,75909.0,123831.0,27846.0,0.0,27846.0,95493.0,0.0,0.0,0.0,492.0,95985.0,29.01,27013.0,3242.85714
35,2024,예천군하수도,9101.0,82884.0,91985.0,2341.0,26993.0,29333.0,46888.0,53287.0,0.0,0.0,-37523.0,62652.0,46.82,-2253.0,-7.12974
36,2024,예천군상수도,4466.0,135672.0,140138.0,0.0,32.0,32.0,78746.0,89964.0,0.0,0.0,-28603.0,140106.0,0.02,9.0,39.13043
37,2024,고성군하수도,1195.0,137024.0,138219.0,0.0,0.0,0.0,71715.0,100281.0,0.0,0.0,-33777.0,138219.0,0,-5.0,-100.0
38,2024,고성군상수도,2125.0,82175.0,84299.0,8307.0,160.0,8467.0,37630.0,57308.0,0.0,0.0,-19106.0,75832.0,11.17,8274.0,4287.04663
39,2024,세종도시교통공사,71146.0,27964.0,99111.0,13169.0,0.0,13169.0,90043.0,0.0,-75.0,0.0,-4027.0,85942.0,15.32,-5596.0,-29.82148
40,2024,사천시시설관리공단,1788.0,313.0,2101.0,1480.0,321.0,1801.0,300.0,0.0,0.0,0.0,0.0,300.0,600.33,88.0,5.13719
41,2024,제주특별자치도공영버스,2506.0,18396.0,20902.0,316.0,2257.0,2573.0,10555.0,10926.0,0.0,0.0,-3152.0,18329.0,14.04,-43.0,-1.64373
42,2024,서울특별시하수도,305423.0,6725316.0,7030739.0,8118.0,572.0,8691.0,6354233.0,612084.0,0.0,0.0,55731.0,7022048.0,0.12,-1484.0,-14.59459
43,2024,경주시시설관리공단,253.0,38.0,291.0,191.0,0.0,191.0,100.0,0.0,0.0,0.0,0.0,100.0,191,-2.0,-1.03627
44,2024,인천광역시연수구시설안전관리공단,888.0,0.0,888.0,388.0,0.0,388.0,500.0,0.0,0.0,0.0,0.0,500.0,77.6,-359.0,-48.0589
45,2024,서울교통공사,644254.0,1.5159339E7,1.5803593E7,1346696.0,6000627.0,7347324.0,2.4175251E7,0.0,0.0,3203199.0,-1.892218E7,8456270.0,86.89,515160.0,7.5402
46,2024,태안군하수도,2237.0,132956.0,135193.0,0.0,0.0,0.0,91974.0,113114.0,0.0,0.0,-69895.0,135193.0,0,-838.0,-100.0
47,2024,태안군상수도,3790.0,162380.0,166170.0,266.0,190.0,457.0,118853.0,102787.0,0.0,0.0,-55927.0,165713.0,0.28,-44.0,-8.98204
48,2024,김제시하수도,6865.0,200751.0,207615.0,6261.0,50216.0,56477.0,121307.0,188181.0,0.0,0.0,-158349.0,151139.0,37.37,-6071.0,-9.70615
49,2024,부여군하수도,6432.0,175218.0,181650.0,3.0,0.0,3.0,46293.0,181586.0,0.0,0.0,-46231.0,181648.0,0,-87.0,-96.66667
50,2024,하남시하수도,7493.0,223363.0,230856.0,21.0,181.0,202.0,266432.0,86885.0,0.0,0.0,-122662.0,230654.0,0.09,45.0,28.66242
51,2024,서울에너지공사,82268.0,489482.0,571750.0,124747.0,256208.0,380956.0,575423.0,0.0,-105286.0,6.0,-279348.0,190795.0,199.67,31829.0,9.11645
52,2024,충주시시설관리공단,281.0,1081.0,1362.0,1162.0,0.0,1162.0,200.0,0.0,0.0,0.0,0.0,200.0,581,258.0,28.53982
53,2024,세종특별자치시시설관리공단,5212.0,197.0,5409.0,3212.0,197.0,3409.0,2000.0,0.0,0.0,0.0,0.0,2000.0,170.45,-599.0,-14.94511
54,2024,밀양시시설관리공단,1050.0,0.0,1050.0,632.0,118.0,750.0,300.0,0.0,0.0,0.0,0.0,300.0,250,315.0,72.41379
55,2024,군산시하수도,24771.0,522026.0,546797.0,7659.0,35232.0,42891.0,350948.0,357840.0,0.0,0.0,-204882.0,503906.0,8.51,-5723.0,-11.77233
56,2024,홍성군하수도,1236.0,125418.0,126653.0,4156.0,40493.0,44649.0,29937.0,133070.0,0.0,0.0,-81003.0,82004.0,54.45,-4072.0,-8.35779
57,2024,동해시하수도,5867.0,157478.0,163345.0,0.0,0.0,0.0,124647.0,93367.0,0.0,0.0,-54669.0,163345.0,0,-16.0,-100.0
58,2024,원주시하수도,25753.0,479784.0,505536.0,7710.0,60003.0,67713.0,284742.0,369711.0,0.0,0.0,-216630.0,437823.0,15.47,-6275.0,-8.48111
59,2024,양주시하수도,29266.0,495467.0,524732.0,4189.0,0.0,4189.0,291924.0,421084.0,0.0,0.0,-192465.0,520543.0,0.8,1850.0,79.09363
60,2024,서천군상수도,3667.0,102555.0,106222.0,52.0,1139.0,1191.0,60835.0,61691.0,0.0,0.0,-17495.0,105031.0,1.13,17.0,1.44804
61,2024,부여군상수도,6172.0,157124.0,163296.0,824.0,869.0,1693.0,36773.0,149043.0,0.0,0.0,-24214.0,161603.0,1.05,1032.0,156.12708
62,2024,금산군상수도,10306.0,88553.0,98859.0,668.0,0.0,668.0,42943.0,61085.0,0.0,0.0,-5837.0,98191.0,0.68,-1956.0,-74.54268
63,2024,인천관광공사,20483.0,168882.0,189365.0,11101.0,3.0,11104.0,170685.0,0.0,0.0,0.0,7576.0,178261.0,6.23,-455.0,-3.93633
64,2024,광명도시공사,36840.0,8483.0,45323.0,7576.0,7051.0,14628.0,30000.0,0.0,0.0,0.0,695.0,30695.0,47.66,-1762.0,-10.75656
65,2024,영덕군하수도,5924.0,85771.0,91695.0,2929.0,11983.0,14912.0,54120.0,81555.0,0.0,0.0,-58892.0,76783.0,19.42,-2620.0,-14.9441
66,2024,문경시하수도,15887.0,165716.0,181603.0,6317.0,50624.0,56941.0,53460.0,234232.0,0.0,0.0,-163031.0,124661.0,45.68,-6162.0,-9.76499
67,2024,논산시하수도,8906.0,339987.0,348893.0,2493.0,10197.0,12690.0,197976.0,278874.0,0.0,0.0,-140647.0,336203.0,3.77,-2677.0,-17.42045
68,2024,과천시지식정보타운조성사업,55270.0,69410.0,124680.0,0.0,0.0,0.0,57174.0,0.0,0.0,0.0,67506.0,124680.0,0,-79.0,-100.0
69,2024,아산시시설관리공단,1811.0,14.0,1825.0,1025.0,0.0,1025.0,800.0,0.0,0.0,0.0,0.0,800.0,128.13,-1809.0,-63.83204
70,2024,장수한우지방공사,4239.0,3258.0,7497.0,3358.0,221.0,3578.0,8157.0,0.0,0.0,0.0,-4238.0,3919.0,91.3,550.0,18.19683
71,2024,광주광역시광산구시설관리공단,310.0,596.0,906.0,310.0,396.0,706.0,200.0,0.0,0.0,0.0,0.0,200.0,353,-998.0,-58.56808
72,2024,대구광역시달성군시설관리공단,1218.0,926.0,2144.0,1844.0,0.0,1844.0,300.0,0.0,0.0,0.0,0.0,300.0,614.67,-610.0,-24.85738
73,2024,김해시도시개발공사,72751.0,36993.0,109744.0,10227.0,15000.0,25227.0,64738.0,0.0,0.0,0.0,19779.0,84517.0,29.85,842.0,3.45294
74,2024,합천군상수도,4592.0,43865.0,48457.0,32.0,402.0,434.0,22955.0,62388.0,0.0,0.0,-37320.0,48023.0,0.9,-136.0,-23.85965
75,2024,성남도시개발공사,95533.0,44659.0,140192.0,11220.0,7239.0,18459.0,60091.0,0.0,0.0,0.0,61642.0,121733.0,15.16,6453.0,53.74813
76,2024,부여군시설관리공단,542.0,0.0,542.0,242.0,0.0,242.0,300.0,0.0,0.0,0.0,0.0,300.0,80.67,-64.0,-20.91503
77,2024,세종특별자치시하수도,19982.0,890028.0,910010.0,1515.0,6502.0,8016.0,71080.0,1113156.0,0.0,0.0,-282241.0,901994.0,0.89,-2139.0,-21.05367
78,2024,진천군하수도,21974.0,181013.0,202988.0,3588.0,15417.0,19004.0,16304.0,259773.0,0.0,0.0,-92094.0,183983.0,10.33,-3447.0,-15.34898
79,2024,진천군상수도,17445.0,105134.0,122579.0,148.0,81.0,229.0,55460.0,54583.0,0.0,0.0,12307.0,122350.0,0.19,69.0,43.125
80,2024,울산광역시중구도시관리공단,278.0,0.0,278.0,105.0,73.0,178.0,100.0,0.0,0.0,0.0,0.0,100.0,178,66.0,58.92857
81,2024,이천시시설관리공단,831.0,110.0,941.0,531.0,0.0,531.0,300.0,110.0,0.0,0.0,0.0,410.0,129.51,37.0,7.48988
82,2024,부산관광공사,14357.0,3323.0,17680.0,2863.0,0.0,2863.0,23050.0,0.0,0.0,0.0,-8233.0,14817.0,19.32,-521.0,-15.39598
83,2024,구리도시공사,124100.0,22852.0,146952.0,16280.0,221.0,16501.0,129120.0,0.0,-46.0,0.0,1377.0,130451.0,12.65,2597.0,18.67808
84,2024,경상북도문화관광공사,110989.0,299237.0,410225.0,23756.0,26820.0,50576.0,227494.0,11254.0,-100143.0,175575.0,45470.0,359650.0,14.06,-4016.0,-7.35639
85,2024,제주에너지공사,9419.0,137080.0,146499.0,2113.0,379.0,2492.0,130653.0,0.0,-154.0,0.0,13509.0,144007.0,1.73,-4976.0,-66.63096
86,2024,광양시하수도,11543.0,359979.0,371522.0,33.0,0.0,33.0,264701.0,377462.0,0.0,0.0,-270674.0,371489.0,0.01,11.0,50.0
87,2024,세종특별자치시상수도,11786.0,365597.0,377383.0,4485.0,74345.0,78830.0,42841.0,316401.0,0.0,0.0,-60689.0,298553.0,26.4,-4396.0,-5.282
88,2024,여수시하수도,16646.0,391963.0,408609.0,5183.0,33336.0,38518.0,230087.0,386196.0,0.0,0.0,-246191.0,370091.0,10.41,-5093.0,-11.67595
89,2024,옥천군하수도,4340.0,175614.0,179954.0,1615.0,8067.0,9682.0,82627.0,170611.0,0.0,0.0,-82965.0,170273.0,5.69,-1552.0,-13.8152
90,2024,남원시하수도,9819.0,262046.0,271865.0,12.0,352.0,364.0,116187.0,253585.0,0.0,0.0,-98272.0,271501.0,0.13,-143.0,-28.20513
91,2024,영광군하수도,6799.0,155460.0,162259.0,741.0,0.0,741.0,52490.0,172010.0,0.0,0.0,-62982.0,161518.0,0.46,721.0,3605.0
92,2024,영광군상수도,12297.0,106428.0,118726.0,115.0,55.0,170.0,29582.0,121537.0,0.0,0.0,-32563.0,118556.0,0.14,35.0,25.92593
93,2024,거제해양관광개발공사,7486.0,53324.0,60810.0,9446.0,0.0,9446.0,65530.0,379.0,0.0,0.0,-14544.0,51364.0,18.39,5487.0,138.5956
94,2024,대전관광공사,26725.0,238315.0,265040.0,9797.0,33356.0,43154.0,278540.0,3838.0,0.0,0.0,-60492.0,221886.0,19.45,12687.0,41.63849
95,2024,양평군하수도,70312.0,412949.0,483261.0,122.0,51.0,173.0,288970.0,381006.0,0.0,0.0,-186887.0,483088.0,0.04,-55.0,-24.12281
96,2024,영월군시설관리공단,516.0,0.0,516.0,416.0,0.0,416.0,100.0,0.0,0.0,0.0,0.0,100.0,416,-70.0,-14.40329
97,2024,계룡시하수도,5529.0,55315.0,60844.0,2525.0,11071.0,13596.0,46181.0,118977.0,0.0,0.0,-117911.0,47247.0,28.78,-2463.0,-15.33719
98,2024,의왕도시공사,81128.0,18340.0,99468.0,3645.0,0.0,3645.0,50231.0,0.0,0.0,0.0,45592.0,95823.0,3.8,-1666.0,-31.36886
99,2024,고양도시관리공사,711308.0,365780.0,1077088.0,162787.0,436610.0,599396.0,483228.0,0.0,-1842.0,0.0,-3694.0,477692.0,125.48,-856.0,-0.14244
100,2024,양양군상수도,3722.0,92275.0,95997.0,52.0,225.0,277.0,37190.0,64737.0,0.0,0.0,-6207.0,95719.0,0.29,-93.0,-25.13514
101,2024,계룡시상수도,20994.0,35284.0,56278.0,363.0,0.0,363.0,27260.0,28121.0,0.0,0.0,535.0,55916.0,0.65,-8.0,-2.15633
102,2024,증평군하수도,4068.0,105778.0,109847.0,2204.0,6951.0,9156.0,40244.0,123569.0,0.0,0.0,-63122.0,100691.0,9.09,-1364.0,-12.97529
103,2024,고양시하수도,82783.0,691063.0,773846.0,306.0,1869.0,2175.0,641656.0,557998.0,0.0,0.0,-427983.0,771671.0,0.28,206.0,10.46216
104,2024,음성군하수도,6769.0,237874.0,244643.0,3384.0,17779.0,21162.0,61766.0,228249.0,0.0,0.0,-66534.0,223481.0,9.47,-3271.0,-13.38354
105,2024,김천시하수도,6648.0,102731.0,109378.0,28.0,0.0,28.0,52429.0,77927.0,0.0,0.0,-21005.0,109350.0,0.03,3.0,12.0
106,2024,화순군하수도,13928.0,157638.0,171566.0,0.0,0.0,0.0,26002.0,254456.0,0.0,0.0,-108892.0,171566.0,0,0.0,0.0
107,2024,화순군상수도,13832.0,182209.0,196041.0,86.0,280.0,366.0,22906.0,206646.0,0.0,0.0,-33877.0,195675.0,0.19,187.0,104.46927
108,2024,영동군상수도,10328.0,157376.0,167704.0,2.0,419.0,420.0,23270.0,186375.0,0.0,0.0,-42361.0,167284.0,0.25,43.0,11.67109
109,2024,포항시시설관리공단,983.0,0.0,983.0,783.0,0.0,783.0,200.0,0.0,0.0,0.0,0.0,200.0,391.5,130.0,19.90812
110,2024,춘천도시공사,36710.0,13164.0,49874.0,21778.0,0.0,21778.0,23380.0,0.0,0.0,0.0,4717.0,28096.0,77.51,9810.0,81.96858
111,2024,이천시하수도,4209.0,182423.0,186632.0,289.0,47.0,335.0,176914.0,123801.0,0.0,0.0,-114419.0,186297.0,0.18,277.0,479.31034
112,2024,강릉관광개발공사,8515.0,7779.0,16294.0,6421.0,0.0,6421.0,7226.0,0.0,0.0,0.0,2647.0,9873.0,65.04,3986.0,163.6961
113,2024,보령시시설관리공단,2122.0,0.0,2122.0,1822.0,0.0,1822.0,300.0,0.0,0.0,0.0,0.0,300.0,607.33,285.0,18.54262
114,2024,당진도시공사,1434.0,2483.0,3916.0,428.0,12.0,440.0,4250.0,0.0,0.0,0.0,-774.0,3476.0,12.66,-119.0,-21.28801
115,2024,연천군하수도,15300.0,345750.0,361051.0,45.0,0.0,45.0,20494.0,414375.0,0.0,0.0,-73864.0,361006.0,0.01,18.0,66.66667
116,2024,칠곡군하수도,10754.0,286427.0,297181.0,6061.0,44179.0,50241.0,86926.0,292070.0,0.0,0.0,-132056.0,246940.0,20.35,-5892.0,-10.49828
117,2024,의령친환경골프장관리사업소,1215.0,6709.0,7924.0,19.0,0.0,19.0,0.0,6795.0,0.0,0.0,1110.0,7906.0,0.24,-21.0,-52.5
118,2024,경기도고덕국제화계획지구조성사업,165287.0,0.0,165287.0,140063.0,23000.0,163063.0,0.0,0.0,0.0,0.0,2223.0,2223.0,7335.27,13527.0,9.04598
119,2024,인천광역시제물포구시설관리공단,827.0,0.0,827.0,368.0,0.0,368.0,459.0,0.0,0.0,0.0,0.0,459.0,80.17,25.0,7.28863
120,2024,여수시도시관리공단,967.0,0.0,967.0,466.0,0.0,467.0,500.0,0.0,0.0,0.0,0.0,500.0,93.4,-1124.0,-70.71025
121,2024,단양군상수도,6534.0,95834.0,102369.0,662.0,0.0,662.0,23583.0,90660.0,0.0,0.0,-12536.0,101707.0,0.65,-407.0,-38.07297
122,2024,영덕군상수도,1629.0,70738.0,72366.0,110.0,1075.0,1185.0,27405.0,66218.0,0.0,0.0,-22442.0,71181.0,1.66,137.0,13.07252
123,2024,양산시시설관리공단,597.0,0.0,597.0,397.0,0.0,397.0,200.0,0.0,0.0,0.0,0.0,200.0,198.5,100.0,33.67003
124,2024,동두천시하수도,18775.0,117109.0,135884.0,44.0,0.0,44.0,130781.0,91292.0,0.0,0.0,-86233.0,135840.0,0.03,18.0,69.23077
125,2024,부산광역시기장군도시관리공단,1152.0,370.0,1521.0,1021.0,0.0,1021.0,500.0,0.0,0.0,0.0,0.0,500.0,204.2,94.0,10.14024
126,2024,함안지방공사,13768.0,216.0,13984.0,3129.0,317.0,3446.0,4000.0,0.0,0.0,0.0,6538.0,10538.0,32.7,913.0,36.04422
127,2024,의성군상수도,680.0,229105.0,229785.0,2.0,43.0,44.0,27213.0,309265.0,0.0,0.0,-106738.0,229741.0,0.02,37.0,542.85714
128,2024,안산도시공사,276153.0,293004.0,569157.0,161272.0,84538.0,245810.0,314483.0,0.0,0.0,0.0,8865.0,323347.0,76.02,73094.0,42.32034
129,2024,파주시하수도,58856.0,833349.0,892205.0,10296.0,95262.0,105558.0,224229.0,851892.0,0.0,0.0,-289474.0,786647.0,13.42,-12131.0,-10.30768
130,2024,포항시하수도,93727.0,995583.0,1089310.0,20113.0,240486.0,260600.0,448504.0,852301.0,0.0,0.0,-472095.0,828710.0,31.45,-33840.0,-11.49334
131,2024,보령시하수도,17618.0,251173.0,268791.0,2701.0,17089.0,19790.0,96223.0,281478.0,0.0,0.0,-128700.0,249001.0,7.95,-3306.0,-14.31417
132,2024,제주관광공사,16658.0,17000.0,33658.0,5828.0,4454.0,10281.0,15000.0,0.0,0.0,5570.0,2807.0,23377.0,43.98,-2.0,-0.00972
133,2024,울주군시설관리공단,1815.0,0.0,1815.0,1315.0,0.0,1315.0,500.0,0.0,0.0,0.0,0.0,500.0,263,937.0,247.8836
134,2024,양평공사,11545.0,687.0,12231.0,5604.0,0.0,5604.0,29587.0,0.0,-35.0,0.0,-22925.0,6628.0,84.55,3566.0,174.97547
135,2024,당진시하수도,19812.0,343537.0,363349.0,3184.0,16998.0,20182.0,86108.0,400960.0,0.0,0.0,-143901.0,343167.0,5.88,-3192.0,-13.6562
136,2024,평택도시공사,1461549.0,133538.0,1595087.0,675928.0,274173.0,950101.0,403943.0,0.0,0.0,0.0,241042.0,644986.0,147.31,-85996.0,-8.3
137,2024,강화군시설관리공단,1309.0,0.0,1309.0,340.0,1.0,341.0,968.0,0.0,0.0,0.0,0.0,968.0,35.23,8.0,2.4024
138,2024,군포도시공사,33170.0,1136.0,34306.0,2545.0,0.0,2545.0,31570.0,0.0,0.0,0.0,191.0,31761.0,8.01,40.0,1.59681
139,2024,전주시시설관리공단,1025.0,3626.0,4650.0,3857.0,0.0,3857.0,1100.0,0.0,0.0,0.0,-307.0,793.0,486.38,1982.0,105.70667
140,2024,화성도시공사,204250.0,51534.0,255783.0,81047.0,1748.0,82795.0,173777.0,0.0,-392.0,0.0,-397.0,172988.0,47.86,12982.0,18.59539
141,2024,화성시하수도,87558.0,675714.0,763272.0,15.0,0.0,15.0,130964.0,906150.0,0.0,0.0,-273857.0,763257.0,0,-116.0,-88.54962
142,2024,울산광역시남구도시관리공단,229.0,190.0,419.0,219.0,0.0,219.0,200.0,0.0,0.0,0.0,0.0,200.0,109.5,-61.0,-21.78571
143,2024,강릉시하수도,23929.0,404447.0,428375.0,5863.0,26404.0,32267.0,100602.0,481612.0,0.0,0.0,-186106.0,396109.0,8.15,-5089.0,-13.62298
144,2024,인천경제자유구역청,3032555.0,1.9879435E7,2.291199E7,183451.0,115636.0,299086.0,39.0,1.2170532E7,0.0,0.0,1.0442333E7,2.2612904E7,1.32,-21778.0,-6.78699
145,2024,거제시하수도,65927.0,397095.0,463022.0,1777.0,10831.0,12608.0,99367.0,574507.0,0.0,0.0,-223460.0,450414.0,2.8,-1896.0,-13.07226
146,2024,노원구시설관리공단,1995.0,50.0,2045.0,1595.0,0.0,1595.0,450.0,0.0,0.0,0.0,0.0,450.0,354.44,149.0,10.30429
147,2024,남양주도시공사,141682.0,38992.0,180674.0,84780.0,0.0,84780.0,94356.0,0.0,-105.0,0.0,1643.0,95894.0,88.41,6144.0,7.81322
148,2024,중구시설관리공단,2933.0,502.0,3435.0,2685.0,0.0,2685.0,750.0,0.0,0.0,0.0,0.0,750.0,358,-950.0,-26.1348
149,2024,함안군상수도,1523.0,128152.0,129676.0,125.0,75.0,200.0,22015.0,138148.0,0.0,0.0,-30687.0,129476.0,0.15,123.0,159.74026
150,2024,통영관광개발공사,13757.0,20806.0,34563.0,1788.0,22.0,1810.0,31292.0,0.0,0.0,0.0,1460.0,32752.0,5.53,652.0,56.30397
151,2024,영양고추유통공사,27715.0,9569.0,37284.0,18671.0,0.0,18671.0,26030.0,0.0,0.0,0.0,-7418.0,18612.0,100.32,-8763.0,-31.94212
152,2024,음성군상수도,7567.0,138861.0,146429.0,2.0,29.0,31.0,35120.0,116642.0,0.0,0.0,-5363.0,146398.0,0.02,-48.0,-60.75949
153,2024,울산광역시도시공사,329052.0,241965.0,571017.0,149612.0,124863.0,274475.0,140000.0,17.0,0.0,31270.0,125255.0,296542.0,92.56,-69693.0,-20.2497
154,2024,부안군상수도,2237.0,59953.0,62190.0,39.0,479.0,518.0,42944.0,41500.0,0.0,0.0,-22771.0,61673.0,0.84,-300.0,-36.67482
155,2024,관악구시설관리공단,998.0,491.0,1490.0,790.0,0.0,790.0,700.0,0.0,0.0,0.0,0.0,700.0,112.86,-263.0,-24.97626
156,2024,안동시시설관리공단,965.0,0.0,965.0,765.0,0.0,765.0,200.0,0.0,0.0,0.0,0.0,200.0,382.5,318.0,71.14094
157,2024,인천환경공단,12427.0,0.0,12427.0,6427.0,0.0,6427.0,6000.0,0.0,0.0,0.0,0.0,6000.0,107.12,-2095.0,-24.58343
158,2024,제천시하수도,18743.0,309883.0,328627.0,7637.0,71906.0,79543.0,25345.0,482936.0,0.0,0.0,-259197.0,249084.0,31.93,-3021.0,-3.65898
159,2024,은평구시설관리공단,749.0,114.0,863.0,363.0,0.0,363.0,500.0,0.0,0.0,0.0,0.0,500.0,72.6,3.0,0.83333
160,2024,충주시하수도,47381.0,276742.0,324123.0,6075.0,42337.0,48412.0,137140.0,489803.0,0.0,0.0,-351231.0,275711.0,17.56,-5846.0,-10.77445
161,2024,충청남도개발공사,623506.0,487983.0,1111488.0,213705.0,236053.0,449758.0,423753.0,0.0,-672.0,0.0,238649.0,661730.0,67.97,85996.0,23.64073
162,2024,창원레포츠파크,990.0,30.0,1020.0,418.0,0.0,418.0,600.0,0.0,0.0,0.0,2.0,602.0,69.44,-95.0,-18.51852
163,2024,광주환경공단,6976.0,598.0,7574.0,7074.0,0.0,7074.0,500.0,0.0,0.0,0.0,0.0,500.0,1414.8,1432.0,25.38107
164,2024,대구공공시설관리공단,33489.0,257028.0,290517.0,20166.0,494.0,20660.0,394650.0,213257.0,0.0,0.0,-338050.0,269857.0,7.66,2456.0,13.49154
165,2024,부산환경공단,13616.0,0.0,13616.0,13616.0,0.0,13616.0,0.0,0.0,0.0,0.0,0.0,0.0,0,1647.0,13.76055
166,2024,창원시설공단,2702.0,4188.0,6890.0,4890.0,0.0,4890.0,2000.0,0.0,0.0,0.0,0.0,2000.0,244.5,1605.0,48.85845
167,2024,청주시시설관리공단,2907.0,39.0,2946.0,2399.0,47.0,2446.0,500.0,0.0,0.0,0.0,0.0,500.0,489.2,-203.0,-7.66327
168,2024,정선군시설관리공단,817.0,0.0,817.0,717.0,0.0,717.0,100.0,0.0,0.0,0.0,0.0,100.0,717,23.0,3.31412
169,2024,동해시시설관리공단,838.0,445.0,1283.0,739.0,0.0,739.0,543.0,0.0,0.0,0.0,0.0,543.0,136.1,16.0,2.213
170,2024,속초시시설관리공단,1260.0,0.0,1260.0,960.0,0.0,960.0,300.0,0.0,0.0,0.0,0.0,300.0,320,51.0,5.61056
171,2024,연천군시설관리공단,602.0,0.0,602.0,392.0,0.0,392.0,210.0,0.0,0.0,0.0,0.0,210.0,186.67,-62.0,-13.65639
172,2024,가평군시설관리공단,2215.0,0.0,2215.0,1974.0,41.0,2015.0,200.0,0.0,0.0,0.0,0.0,200.0,1007.5,-216.0,-9.68176
173,2024,안성시시설관리공단,3094.0,696.0,3790.0,3566.0,174.0,3740.0,50.0,0.0,0.0,0.0,0.0,50.0,7480,-244.0,-6.1245
174,2024,시흥도시공사,213099.0,417.0,213516.0,26971.0,138.0,27109.0,167716.0,0.0,-403.0,0.0,19093.0,186407.0,14.54,-12902.0,-32.24613
175,2024,부천도시공사,275744.0,5045.0,280789.0,115408.0,63400.0,178808.0,102310.0,-340.0,0.0,0.0,11.0,101981.0,175.33,59489.0,49.85711
176,2024,수원도시공사,152194.0,363.0,152558.0,80285.0,637.0,80922.0,76365.0,0.0,0.0,0.0,-4730.0,71635.0,112.96,-369.0,-0.45392
177,2024,울산시설공단,2566.0,69.0,2636.0,2066.0,0.0,2066.0,570.0,0.0,0.0,0.0,0.0,570.0,362.46,756.0,57.70992
178,2024,대전광역시시설관리공단,10395.0,15.0,10410.0,8018.0,0.0,8018.0,1500.0,0.0,0.0,0.0,892.0,2392.0,335.2,-2478.0,-23.60899
179,2024,인천광역시서구시설관리공단,2122.0,0.0,2122.0,1122.0,0.0,1122.0,1000.0,0.0,0.0,0.0,0.0,1000.0,112.2,82.0,7.88462
180,2024,인천광역시계양구시설관리공단,895.0,45.0,940.0,500.0,15.0,515.0,425.0,0.0,0.0,0.0,0.0,425.0,121.18,160.0,45.07042
181,2024,인천광역시부평구시설관리공단,1090.0,1.0,1091.0,691.0,0.0,691.0,400.0,0.0,0.0,0.0,0.0,400.0,172.75,92.0,15.35893
182,2024,남동구도시관리공단,1182.0,1276.0,2458.0,2058.0,0.0,2058.0,400.0,0.0,0.0,0.0,0.0,400.0,514.5,1607.0,356.31929
183,2024,인천광역시미추홀구시설관리공단,936.0,50.0,986.0,475.0,10.0,486.0,500.0,0.0,0.0,0.0,0.0,500.0,97.2,43.0,9.48081
184,2024,인천시설공단,19808.0,6577.0,26385.0,15416.0,388.0,15804.0,10581.0,0.0,0.0,0.0,0.0,10581.0,149.36,-3629.0,-18.67442
185,2024,부산시설공단,34975.0,35799.0,70774.0,28938.0,36432.0,65370.0,2779.0,0.0,0.0,0.0,2625.0,5404.0,1209.66,8619.0,15.1874
186,2024,중랑구시설관리공단,1351.0,31.0,1382.0,751.0,31.0,782.0,600.0,0.0,0.0,0.0,0.0,600.0,130.33,16.0,2.08877
187,2024,종로구시설관리공단,1811.0,57.0,1868.0,1009.0,0.0,1009.0,500.0,359.0,0.0,0.0,0.0,859.0,117.46,-155.0,-13.31615
188,2024,용산구시설관리공단,1428.0,0.0,1428.0,928.0,0.0,928.0,500.0,0.0,0.0,0.0,0.0,500.0,185.6,4.0,0.4329
189,2024,영등포구시설관리공단,2663.0,732.0,3395.0,1441.0,0.0,1441.0,1953.0,0.0,0.0,0.0,0.0,1953.0,73.78,198.0,15.9292
190,2024,양천구시설관리공단,1264.0,260.0,1524.0,524.0,0.0,524.0,1000.0,0.0,0.0,0.0,0.0,1000.0,52.4,-256.0,-32.82051
191,2024,송파구시설관리공단,1147.0,3284.0,4431.0,1815.0,0.0,1815.0,2617.0,0.0,0.0,0.0,0.0,2617.0,69.35,509.0,38.97397
192,2024,성북구도시관리공단,2219.0,195.0,2414.0,2014.0,0.0,2014.0,400.0,0.0,0.0,0.0,0.0,400.0,503.5,89.0,4.62338
193,2024,성동구도시관리공단,2181.0,340.0,2522.0,1422.0,0.0,1422.0,1100.0,0.0,0.0,0.0,0.0,1100.0,129.27,-42.0,-2.86885
194,2024,서대문구도시관리공단,1573.0,394.0,1967.0,1287.0,0.0,1287.0,680.0,0.0,0.0,0.0,0.0,680.0,189.26,-11.0,-0.84746
195,2024,마포구시설관리공단,2419.0,432.0,2851.0,2051.0,0.0,2051.0,800.0,0.0,0.0,0.0,0.0,800.0,256.38,150.0,7.89058
196,2024,동작구시설관리공단,2144.0,458.0,2602.0,1502.0,0.0,1502.0,1100.0,0.0,0.0,0.0,0.0,1100.0,136.55,-75.0,-4.75587
197,2024,동대문구시설관리공단,1606.0,6.0,1611.0,665.0,146.0,811.0,800.0,0.0,0.0,0.0,0.0,800.0,101.38,151.0,22.87879
198,2024,도봉구시설관리공단,2072.0,699.0,2771.0,2271.0,0.0,2271.0,500.0,0.0,0.0,0.0,0.0,500.0,454.2,1017.0,81.10048
199,2024,금천구시설관리공단,1130.0,6.0,1136.0,636.0,0.0,636.0,500.0,0.0,0.0,0.0,0.0,500.0,127.2,11.0,1.76
200,2024,구로구시설관리공단,1127.0,256.0,1383.0,883.0,0.0,883.0,500.0,0.0,0.0,0.0,0.0,500.0,176.6,-1471.0,-62.48938
201,2024,광진구시설관리공단,1368.0,0.0,1368.0,968.0,0.0,968.0,400.0,0.0,0.0,0.0,0.0,400.0,242,84.0,9.50226
202,2024,강서구시설관리공단,2747.0,1.0,2748.0,1723.0,25.0,1748.0,1000.0,0.0,0.0,0.0,0.0,1000.0,174.8,-88.0,-4.79303
203,2024,강북구도시관리공단,1490.0,0.0,1490.0,1202.0,28.0,1230.0,260.0,0.0,0.0,0.0,0.0,260.0,473.08,-160.0,-11.51079
204,2024,강동구도시관리공단,802.0,510.0,1312.0,712.0,0.0,712.0,600.0,0.0,0.0,0.0,0.0,600.0,118.67,-163.0,-18.62857
205,2024,강남구도시관리공단,1684.0,568.0,2252.0,1052.0,0.0,1052.0,1200.0,0.0,0.0,0.0,0.0,1200.0,87.67,-282.0,-21.13943
206,2024,서울시설공단,206154.0,75594.0,281747.0,96899.0,155760.0,252659.0,26435.0,2653.0,0.0,0.0,0.0,29088.0,868.6,6998.0,2.84864
207,2024,창녕군시설관리공단,2381.0,295.0,2676.0,2376.0,0.0,2376.0,300.0,0.0,0.0,0.0,0.0,300.0,792,428.0,21.97125
208,2024,청도공영사업공사,2987.0,2134.0,5121.0,846.0,491.0,1337.0,1498.0,0.0,0.0,0.0,2286.0,3784.0,35.33,-673.0,-33.48259
209,2024,하남도시공사,534342.0,63606.0,597948.0,238522.0,8288.0,246810.0,254000.0,0.0,0.0,0.0,97138.0,351138.0,70.29,-90614.0,-26.85464
210,2024,용인도시공사,443478.0,43339.0,486817.0,272602.0,22836.0,295438.0,158600.0,0.0,0.0,0.0,32779.0,191379.0,154.37,4977.0,1.71348
211,2024,경기평택항만공사,21356.0,98479.0,119835.0,14806.0,638.0,15444.0,91686.0,0.0,0.0,0.0,12705.0,104391.0,14.79,1782.0,13.04348
212,2024,광주도시관리공사,78691.0,1476.0,80167.0,19156.0,734.0,19890.0,55500.0,0.0,-122.0,0.0,4899.0,60277.0,33,-1199.0,-5.68543
213,2024,경기관광공사,7846.0,132530.0,140376.0,4207.0,44.0,4251.0,140905.0,0.0,-149.0,0.0,-4631.0,136125.0,3.12,-220.0,-4.9206
214,2024,구리농수산물공사,44628.0,160092.0,204720.0,987.0,11619.0,12606.0,188562.0,0.0,0.0,0.0,3552.0,192114.0,6.56,-366.0,-2.82146
215,2024,광주광역시 관광공사,5481.0,128750.0,134231.0,2878.0,0.0,2878.0,175201.0,0.0,0.0,0.0,-43849.0,131352.0,2.19,-1357.0,-32.0425
216,2024,서울특별시농수산식품공사,156025.0,1040007.0,1196032.0,86012.0,127113.0,213125.0,820622.0,2308.0,0.0,0.0,159977.0,982907.0,21.68,16021.0,8.1282
217,2024,제주특별자치도개발공사,466027.0,450845.0,916871.0,91885.0,139334.0,231219.0,97179.0,72.0,0.0,0.0,588401.0,685652.0,33.72,16309.0,7.58876
218,2024,경남개발공사,795340.0,421710.0,1217050.0,449634.0,300260.0,749894.0,137929.0,0.0,0.0,90603.0,238624.0,467156.0,160.52,-5176.0,-0.6855
219,2024,경상북도개발공사,1092551.0,248039.0,1340590.0,195972.0,268707.0,464679.0,272131.0,33.0,-520.0,0.0,604267.0,875911.0,53.05,86150.0,22.75915
220,2024,전남개발공사,784082.0,244214.0,1028295.0,119912.0,95314.0,215225.0,390694.0,111837.0,0.0,0.0,310539.0,813070.0,26.47,-155365.0,-41.92342
221,2024,전북개발공사,240005.0,569203.0,809208.0,85274.0,362183.0,447458.0,157378.0,0.0,-96.0,0.0,204468.0,361750.0,123.69,-33047.0,-6.87776
222,2024,충북개발공사,1008771.0,23840.0,1032611.0,368032.0,288000.0,656033.0,173742.0,0.0,0.0,0.0,202837.0,376578.0,174.21,44312.0,7.24366
223,2024,강원개발공사,271396.0,509491.0,780887.0,382742.0,212180.0,594922.0,470985.0,0.0,0.0,167847.0,-452867.0,185966.0,319.91,-71499.0,-10.7288
224,2024,경기주택도시공사,1.5865158E7,4275378.0,2.0140536E7,6829003.0,7832680.0,1.4661683E7,1809850.0,5544.0,0.0,0.0,3663459.0,5478853.0,267.6,1375060.0,10.34921
225,2024,대전도시공사,713438.0,278573.0,992012.0,326967.0,144535.0,471502.0,236913.0,0.0,-130.0,0.0,283727.0,520510.0,90.58,-3442.0,-0.72472
226,2024,광주광역시도시공사,1459026.0,379082.0,1838108.0,506821.0,824524.0,1331345.0,221556.0,27118.0,0.0,0.0,258088.0,506763.0,262.72,123528.0,10.22738
227,2024,인천도시공사,6987666.0,2030463.0,9018128.0,3055805.0,2928978.0,5984783.0,2852717.0,0.0,-382223.0,179140.0,383712.0,3033345.0,197.3,4257.0,0.07118
228,2024,대구도시개발공사,1202291.0,359842.0,1562133.0,238206.0,517926.0,756132.0,272297.0,0.0,0.0,0.0,533704.0,806001.0,93.81,-217253.0,-22.31933
229,2024,부산도시공사,2195096.0,1297948.0,3493043.0,197836.0,1208510.0,1406345.0,620489.0,0.0,0.0,69642.0,1396567.0,2086698.0,67.4,269049.0,23.65699
230,2024,서울주택도시개발공사,6245574.0,2.4055931E7,3.0301505E7,2813990.0,1.720964E7,2.002363E7,7641851.0,0.0,-10227.0,-1380.0,2647630.0,1.0277875E7,194.82,2316740.0,13.08383
231,2024,대전교통공사,31274.0,1314361.0,1345635.0,13913.0,34215.0,48128.0,2100342.0,0.0,0.0,0.0,-802835.0,1297507.0,3.71,-1239.0,-2.50977
232,2024,광주교통공사,16000.0,1036255.0,1052255.0,6317.0,51877.0,58193.0,1764329.0,0.0,0.0,0.0,-770268.0,994061.0,5.85,3416.0,6.23802
233,2024,인천교통공사,113653.0,4020970.0,4134623.0,141509.0,277067.0,418576.0,4946750.0,673537.0,371585.0,0.0,-2275825.0,3716047.0,11.26,36251.0,9.48172
234,2024,대구교통공사,114143.0,3992025.0,4106168.0,182539.0,475881.0,658421.0,6586782.0,305743.0,68542.0,0.0,-3513319.0,3447747.0,19.1,-22256.0,-3.26983
235,2024,부산교통공사,-10611.0,4118447.0,4107835.0,728256.0,1080966.0,1809222.0,5313769.0,0.0,0.0,0.0,-3015156.0,2298614.0,78.71,155477.0,9.40151
236,2024,진주시공영개발,88520.0,2199.0,90719.0,0.0,0.0,0.0,10000.0,0.0,0.0,0.0,80719.0,90719.0,0,0.0,0.0
237,2024,창원시주택건설사업,1591.0,62914.0,64505.0,8.0,33842.0,33851.0,13127.0,32929.0,0.0,0.0,-15403.0,30654.0,110.43,-210.0,-0.61948
238,2024,광양시공영개발,16002.0,133857.0,149859.0,0.0,6677.0,6677.0,42.0,8341.0,0.0,0.0,134799.0,143182.0,4.66,6677.0,0.0
239,2024,순천시공영개발,70440.0,15.0,70455.0,2.0,0.0,2.0,0.0,0.0,-445.0,0.0,70898.0,70453.0,0,2.0,0.0
240,2024,목포시공영개발,103670.0,6159.0,109829.0,0.0,0.0,0.0,0.0,285.0,0.0,0.0,109544.0,109829.0,0,-202.0,-100.0
241,2024,익산시공영개발,71067.0,109103.0,180170.0,27191.0,0.0,27191.0,400.0,112227.0,0.0,0.0,40352.0,152979.0,17.77,-208.0,-0.75915
242,2024,계룡시공영개발,83320.0,9981.0,93301.0,11665.0,0.0,11665.0,0.0,30913.0,0.0,0.0,50723.0,81636.0,14.29,-606.0,-4.93847
243,2024,세종특별자치시공영개발,59664.0,109764.0,169428.0,15109.0,0.0,15109.0,0.0,4992.0,0.0,94954.0,54374.0,154319.0,9.79,3962.0,35.5432
244,2024,아산시공영개발,706.0,3762.0,4468.0,0.0,0.0,0.0,0.0,33028.0,0.0,0.0,-28560.0,4468.0,0,0.0,0.0
245,2024,천안시공영개발,143015.0,0.0,143015.0,0.0,0.0,0.0,127.0,0.0,0.0,0.0,142889.0,143015.0,0,0.0,0.0
246,2024,음성군공영개발,26255.0,17531.0,43786.0,40.0,5481.0,5522.0,0.0,26340.0,0.0,0.0,11924.0,38264.0,14.43,0.0,-0.01811
247,2024,충주시공영개발,105123.0,34424.0,139547.0,743.0,0.0,743.0,0.0,98831.0,0.0,0.0,39973.0,138804.0,0.54,743.0,0.0
248,2024,강릉시공영개발,32161.0,44124.0,76285.0,1675.0,0.0,1675.0,0.0,104418.0,0.0,0.0,-29808.0,74610.0,2.25,-1009.0,-37.59314
249,2024,원주시공영개발,77923.0,88484.0,166407.0,31811.0,0.0,31811.0,14450.0,3217.0,0.0,0.0,116928.0,134596.0,23.63,1510.0,4.98333
250,2024,춘천시공영개발,9958.0,272963.0,282921.0,0.0,0.0,0.0,236.0,207743.0,0.0,314.0,74628.0,282921.0,0,-4.0,-100.0
251,2024,경기도판교테크노밸리조성사업,138343.0,307900.0,446243.0,21.0,0.0,21.0,0.0,0.0,0.0,0.0,446222.0,446222.0,0,-2.0,-8.69565
252,2024,안성시공영개발,78455.0,0.0,78455.0,0.0,0.0,0.0,5737.0,9621.0,0.0,0.0,63097.0,78455.0,0,-129.0,-100.0
253,2024,의왕시공영개발,25965.0,38408.0,64373.0,4950.0,0.0,4950.0,0.0,50100.0,0.0,0.0,9323.0,59423.0,8.33,4198.0,558.24468
254,2024,시흥시공영개발,376563.0,194380.0,570943.0,85279.0,0.0,85279.0,3.0,142016.0,0.0,0.0,343645.0,485664.0,17.56,-4345.0,-4.84803
255,2024,의정부시공영개발,101887.0,17364.0,119251.0,0.0,0.0,0.0,0.0,14490.0,0.0,0.0,104761.0,119251.0,0,0.0,0.0
256,2024,성남시공영개발,155413.0,37287.0,192700.0,70359.0,7601.0,77960.0,103.0,22608.0,0.0,0.0,92029.0,114740.0,67.94,70074.0,888.58737
257,2024,제주특별자치도하수도,60274.0,1495402.0,1555676.0,47631.0,458035.0,505665.0,640567.0,1716256.0,0.0,0.0,-1306812.0,1050011.0,48.16,2736.0,0.54421
258,2024,창녕군하수도,16436.0,183706.0,200142.0,0.0,0.0,0.0,30746.0,256424.0,0.0,0.0,-87028.0,200142.0,0,0.0,0.0
259,2024,양산시하수도,47613.0,393884.0,441497.0,6.0,45879.0,45885.0,249887.0,290479.0,0.0,0.0,-144753.0,395613.0,11.6,-5732.0,-11.10487
260,2024,밀양시하수도,7591.0,419239.0,426830.0,215.0,0.0,215.0,57659.0,484698.0,0.0,0.0,-115741.0,426615.0,0.05,213.0,10650.0
261,2024,통영시하수도,2084.0,94122.0,96206.0,7112.0,43932.0,51044.0,89836.0,109697.0,0.0,0.0,-154370.0,45162.0,113.02,-5410.0,-9.58302
262,2024,거창군하수도,9554.0,180270.0,189824.0,4221.0,12875.0,17096.0,34837.0,198295.0,0.0,0.0,-60404.0,172728.0,9.9,-1950.0,-10.23837
263,2024,사천시하수도,3432.0,228579.0,232011.0,0.0,2.0,2.0,119493.0,283125.0,0.0,0.0,-170609.0,232009.0,0,-7.0,-77.77778
264,2024,김해시하수도,116079.0,649752.0,765830.0,17070.0,91618.0,108688.0,47719.0,910742.0,0.0,0.0,-301319.0,657142.0,16.54,-14108.0,-11.48897
265,2024,진주시하수도,33774.0,505838.0,539612.0,10477.0,89095.0,99572.0,86268.0,747964.0,0.0,0.0,-394192.0,440040.0,22.63,-10274.0,-9.35309
266,2024,창원시하수도,30641.0,689659.0,720300.0,69.0,69519.0,69588.0,363381.0,717823.0,0.0,0.0,-430493.0,650712.0,10.69,-3435.0,-4.704
267,2024,영주시하수도,6755.0,161937.0,168692.0,9409.0,68485.0,77893.0,22496.0,268458.0,0.0,0.0,-200155.0,90799.0,85.79,-6998.0,-8.24233
268,2024,상주시하수도,15432.0,88242.0,103674.0,9238.0,47062.0,56300.0,29200.0,323291.0,0.0,0.0,-305117.0,47374.0,118.84,-8965.0,-13.73631
269,2024,경산시하수도,25067.0,299446.0,324513.0,0.0,0.0,0.0,21730.0,514397.0,0.0,0.0,-211614.0,324513.0,0,0.0,0.0
270,2024,영천시하수도,30936.0,314068.0,345004.0,0.0,0.0,0.0,73738.0,418952.0,0.0,0.0,-147686.0,345004.0,0,0.0,0.0
271,2024,안동시하수도,31841.0,327049.0,358889.0,12.0,0.0,12.0,62353.0,513817.0,0.0,0.0,-217292.0,358877.0,0,-14.0,-53.84615
272,2024,구미시하수도,38608.0,673697.0,712305.0,15.0,63938.0,63953.0,81011.0,914141.0,0.0,0.0,-346800.0,648352.0,9.86,-4604.0,-6.71558
273,2024,경주시하수도,27003.0,325849.0,352852.0,12155.0,74570.0,86726.0,8468.0,828749.0,0.0,0.0,-571089.0,266127.0,32.59,-12943.0,-12.98699
274,2024,영암군하수도,5799.0,239274.0,245073.0,0.0,0.0,0.0,70348.0,308997.0,0.0,0.0,-134272.0,245073.0,0,0.0,0.0
275,2024,나주시하수도,8523.0,243320.0,251842.0,5378.0,28079.0,33457.0,19637.0,356454.0,0.0,0.0,-157706.0,218385.0,15.32,-2998.0,-8.22384
276,2024,순천시하수도,3690.0,444521.0,448211.0,3081.0,53040.0,56121.0,261570.0,464950.0,-172.0,0.0,-334259.0,392090.0,14.31,-2744.0,-4.66151
277,2024,목포시하수도,38578.0,414342.0,452920.0,9525.0,55285.0,64810.0,175428.0,561827.0,0.0,0.0,-349145.0,388110.0,16.7,-9534.0,-12.82417
278,2024,정읍시하수도,7585.0,167482.0,175067.0,33.0,16433.0,16466.0,97047.0,302318.0,0.0,0.0,-240764.0,158601.0,10.38,-2756.0,-14.33774
279,2024,익산시하수도,18990.0,386720.0,405710.0,9032.0,75675.0,84707.0,92233.0,535219.0,5139.0,0.0,-311587.0,321003.0,26.39,-385.0,-0.45245
280,2024,완주군하수도,11206.0,18678.0,29884.0,0.0,0.0,0.0,16341.0,25388.0,0.0,0.0,-11846.0,29884.0,0,0.0,0.0
281,2024,전주시하수도,46112.0,600513.0,646624.0,11003.0,42079.0,53083.0,83820.0,752664.0,-242942.0,0.0,0.0,593542.0,8.94,-8469.0,-13.76072
282,2024,서산시하수도,22696.0,324848.0,347543.0,6629.0,39191.0,45820.0,55535.0,481565.0,0.0,0.0,-235377.0,301723.0,15.19,-6598.0,-12.58728
283,2024,아산시하수도,18361.0,604886.0,623247.0,6231.0,29146.0,35377.0,58570.0,681278.0,0.0,0.0,-151978.0,587870.0,6.02,-13547.0,-27.68989
284,2024,천안시하수도,85719.0,667767.0,753486.0,11053.0,76661.0,87714.0,357618.0,839678.0,0.0,0.0,-531524.0,665773.0,13.17,-10591.0,-10.77361
285,2024,공주시하수도,19977.0,247436.0,267414.0,3904.0,74.0,3978.0,82807.0,348826.0,0.0,0.0,-168197.0,263435.0,1.51,3909.0,5665.21739
286,2024,청주시하수도,81124.0,1007641.0,1088765.0,3100.0,10980.0,14080.0,378970.0,928518.0,0.0,0.0,-232803.0,1074685.0,1.31,-2488.0,-15.0169
287,2024,속초시하수도,19931.0,160082.0,180013.0,216.0,5114.0,5330.0,129351.0,225327.0,0.0,0.0,-179994.0,174683.0,3.05,22.0,0.41447
288,2024,춘천시하수도,47170.0,531605.0,578776.0,6223.0,64377.0,70600.0,50600.0,878844.0,0.0,0.0,-421269.0,508175.0,13.89,-6049.0,-7.89182
289,2024,가평군하수도,10900.0,348115.0,359015.0,25.0,111.0,136.0,75220.0,370933.0,0.0,0.0,-87274.0,358879.0,0.04,17.0,14.28571
290,2024,김포시하수도,31609.0,441063.0,472673.0,8458.0,110775.0,119233.0,75002.0,632421.0,0.0,0.0,-353983.0,353440.0,33.73,-11221.0,-8.6015
291,2024,안양시하수도,38035.0,752669.0,790703.0,3988.0,1419.0,5407.0,163550.0,759067.0,0.0,0.0,-137321.0,785296.0,0.69,-3392.0,-38.54984
292,2024,평택시하수도,22697.0,939630.0,962328.0,7622.0,74605.0,82227.0,171456.0,1091528.0,0.0,0.0,-382883.0,880101.0,9.34,-7146.0,-7.9957
293,2024,광주시하수도,158148.0,514209.0,672356.0,507.0,1920.0,2427.0,218600.0,609778.0,0.0,0.0,-158449.0,669929.0,0.36,-67.0,-2.68645
294,2024,안성시하수도,45913.0,326294.0,372207.0,5216.0,32896.0,38112.0,33313.0,477754.0,0.0,0.0,-176973.0,334095.0,11.41,-3245.0,-7.84631
295,2024,남양주시하수도,28265.0,556537.0,584802.0,27.0,464.0,490.0,222725.0,618995.0,0.0,0.0,-257408.0,584312.0,0.08,89.0,22.44389
296,2024,의왕시하수도,30428.0,96534.0,126962.0,28.0,565.0,593.0,57612.0,100805.0,0.0,0.0,-32048.0,126369.0,0.47,69.0,13.16794
297,2024,용인시하수도,75813.0,1236593.0,1312405.0,11147.0,70405.0,81552.0,213296.0,1545046.0,0.0,0.0,-527488.0,1230853.0,6.63,-24868.0,-23.36779
298,2024,군포시하수도,29167.0,92180.0,121347.0,45.0,119.0,164.0,43605.0,130664.0,0.0,0.0,-53087.0,121183.0,0.14,-14.0,-7.86517
299,2024,여주시하수도,6211.0,133580.0,139791.0,38.0,1761.0,1799.0,43519.0,139799.0,0.0,0.0,-45325.0,137992.0,1.3,1795.0,44875.0
300,2024,오산시하수도,76152.0,240780.0,316932.0,36.0,113.0,149.0,76838.0,366281.0,0.0,0.0,-126336.0,316783.0,0.05,101.0,210.41667
301,2024,포천시하수도,14354.0,574917.0,589271.0,323.0,0.0,323.0,52230.0,809770.0,0.0,0.0,-273052.0,588948.0,0.05,-16.0,-4.71976
302,2024,시흥시하수도,17030.0,580810.0,597840.0,21147.0,97679.0,118826.0,136568.0,447142.0,0.0,0.0,-104696.0,479014.0,24.81,58485.0,96.92415
303,2024,구리시하수도,18964.0,304572.0,323537.0,15.0,290.0,305.0,32848.0,376611.0,0.0,0.0,-86227.0,323232.0,0.09,-99.0,-24.50495
304,2024,성남시하수도,55814.0,389901.0,445716.0,256.0,19460.0,19715.0,170972.0,482110.0,0.0,0.0,-227081.0,426000.0,4.63,17989.0,1042.29432
305,2024,과천시하수도,6052.0,37198.0,43250.0,411.0,26.0,437.0,18333.0,86234.0,0.0,0.0,-61754.0,42813.0,1.02,116.0,36.13707
306,2024,안산시하수도,89181.0,434139.0,523320.0,105.0,1363.0,1468.0,160660.0,534924.0,0.0,0.0,-173732.0,521852.0,0.28,214.0,17.06539
307,2024,부천시하수도,89973.0,855874.0,945847.0,30.0,768.0,798.0,181339.0,802579.0,0.0,0.0,-38869.0,945049.0,0.08,82.0,11.45251
308,2024,광명시하수도,16042.0,55572.0,71613.0,3199.0,863.0,4062.0,58067.0,120629.0,0.0,0.0,-111144.0,67551.0,6.01,416.0,11.40976
309,2024,의정부시하수도,46398.0,293682.0,340081.0,3.0,3100.0,3103.0,93336.0,440160.0,0.0,0.0,-196518.0,336977.0,0.92,3101.0,155050.0
310,2024,수원시하수도,160348.0,737588.0,897936.0,152.0,1545.0,1696.0,67175.0,1167176.0,0.0,0.0,-338113.0,896239.0,0.19,-69.0,-3.85269
311,2024,울산광역시하수도,54600.0,1063380.0,1117980.0,13841.0,114476.0,128317.0,62559.0,1164556.0,0.0,0.0,-237452.0,989663.0,12.97,-17894.0,-12.23848
312,2024,대전광역시하수도,150688.0,713634.0,864322.0,20441.0,126051.0,146492.0,73813.0,969071.0,0.0,0.0,-325054.0,717830.0,20.41,-12435.0,-7.82435
313,2024,광주광역시하수도,87757.0,851952.0,939709.0,14051.0,122621.0,136671.0,62855.0,1018353.0,0.0,0.0,-278170.0,803038.0,17.02,-13431.0,-8.94725
314,2024,인천광역시하수도,63604.0,1438315.0,1501919.0,7958.0,50817.0,58775.0,115720.0,1679549.0,0.0,0.0,-352125.0,1443144.0,4.07,-8235.0,-12.28921
315,2024,대구광역시하수도,125926.0,2168221.0,2294146.0,0.0,0.0,0.0,144189.0,2201281.0,0.0,0.0,-51324.0,2294146.0,0,-270355.0,-100.0
316,2024,부산광역시하수도,149854.0,2912985.0,3062839.0,25999.0,489467.0,515467.0,807736.0,2543976.0,0.0,0.0,-804339.0,2547373.0,20.24,64636.0,14.33686
317,2024,제주특별자치도상수도,47877.0,981130.0,1029006.0,9601.0,120328.0,129929.0,136897.0,800134.0,0.0,0.0,-37954.0,899077.0,14.45,3062.0,2.41355
318,2024,거창군상수도,5442.0,117930.0,123372.0,3.0,113.0,117.0,19044.0,128515.0,0.0,0.0,-24303.0,123256.0,0.09,74.0,169.76744
319,2024,창녕군상수도,8491.0,94290.0,102780.0,0.0,490.0,490.0,4787.0,147741.0,0.0,0.0,-50237.0,102291.0,0.48,59.0,13.6891
320,2024,양산시상수도,60287.0,236809.0,297095.0,678.0,0.0,678.0,2936.0,298435.0,0.0,0.0,-4953.0,296418.0,0.23,156.0,29.88506
321,2024,거제시상수도,3402.0,159371.0,162773.0,0.0,0.0,0.0,7133.0,227972.0,0.0,0.0,-72332.0,162773.0,0,0.0,0.0
322,2024,밀양시상수도,12914.0,202429.0,215343.0,35.0,873.0,908.0,1834.0,266285.0,0.0,0.0,-53684.0,214435.0,0.42,109.0,13.64205
323,2024,김해시상수도,103520.0,501555.0,605075.0,22.0,0.0,22.0,3795.0,565870.0,0.0,0.0,35388.0,605053.0,0,-57.0,-72.1519
324,2024,사천시상수도,8631.0,119736.0,128367.0,0.0,0.0,0.0,3771.0,148591.0,0.0,0.0,-23994.0,128367.0,0,0.0,0.0
325,2024,통영시상수도,3533.0,65817.0,69350.0,0.0,0.0,0.0,5328.0,83999.0,0.0,0.0,-19977.0,69350.0,0,0.0,0.0
326,2024,진주시상수도,60438.0,307141.0,367579.0,116.0,378.0,493.0,2045.0,335776.0,0.0,0.0,29265.0,367086.0,0.13,-252.0,-33.69128
327,2024,창원시상수도,55177.0,652054.0,707231.0,75.0,14795.0,14871.0,10082.0,695140.0,0.0,0.0,-12862.0,692360.0,2.15,12004.0,418.66062
328,2024,경산시상수도,24357.0,288018.0,312375.0,591.0,4948.0,5539.0,6401.0,358489.0,0.0,0.0,-58055.0,306835.0,1.81,-293.0,-5.02401
329,2024,문경시상수도,15938.0,171430.0,187368.0,0.0,514.0,514.0,6131.0,224782.0,0.0,0.0,-44059.0,186854.0,0.28,14.0,2.8
330,2024,상주시상수도,34351.0,347976.0,382327.0,10.0,143.0,152.0,5347.0,441884.0,0.0,0.0,-65057.0,382175.0,0.04,-71.0,-31.39013
331,2024,칠곡군상수도,11613.0,126284.0,137897.0,0.0,0.0,0.0,38072.0,135131.0,0.0,0.0,-35306.0,137897.0,0,0.0,0.0
332,2024,울진군상수도,3996.0,216202.0,220197.0,319.0,0.0,319.0,16296.0,253949.0,0.0,0.0,-50367.0,219878.0,0.15,-4854.0,-93.83337
333,2024,영천시상수도,16300.0,297132.0,313432.0,170.0,0.0,170.0,3363.0,344104.0,0.0,0.0,-34206.0,313262.0,0.05,-100.0,-37.03704
334,2024,영주시상수도,33244.0,183862.0,217106.0,73.0,1292.0,1365.0,3665.0,238526.0,0.0,0.0,-26450.0,215741.0,0.63,14.0,1.03627
335,2024,구미시상수도,12981.0,272026.0,285007.0,429.0,3352.0,3781.0,8776.0,236343.0,0.0,0.0,36107.0,281226.0,1.34,96.0,2.60516
336,2024,안동시상수도,51627.0,441790.0,493417.0,77.0,0.0,77.0,7202.0,502545.0,0.0,0.0,-16407.0,493340.0,0.02,-153.0,-66.52174
337,2024,김천시상수도,10992.0,196456.0,207448.0,52.0,82.0,133.0,2531.0,198432.0,0.0,0.0,6352.0,207315.0,0.06,9.0,8.06452
338,2024,경주시상수도,33260.0,287534.0,320795.0,675.0,0.0,675.0,8265.0,363953.0,0.0,0.0,-52098.0,320120.0,0.21,364.0,117.0418
339,2024,포항시상수도,22791.0,357356.0,380146.0,293.0,2136.0,2429.0,16245.0,411190.0,0.0,0.0,-49717.0,377717.0,0.64,225.0,10.20871
340,2024,영암군상수도,12652.0,175596.0,188248.0,10.0,0.0,10.0,65302.0,188483.0,0.0,0.0,-65548.0,188238.0,0.01,0.0,0.0
341,2024,광양시상수도,12530.0,169618.0,182147.0,209.0,0.0,209.0,9087.0,165494.0,0.0,0.0,7358.0,181939.0,0.11,-370.0,-63.90328
342,2024,나주시상수도,6683.0,144036.0,150719.0,5.0,9353.0,9358.0,6089.0,159823.0,0.0,0.0,-24551.0,141361.0,6.62,-1168.0,-11.09633
343,2024,순천시상수도,28669.0,278760.0,307429.0,30.0,0.0,30.0,64356.0,230217.0,0.0,0.0,12826.0,307399.0,0.01,-47.0,-61.03896
344,2024,여수시상수도,29240.0,323780.0,353021.0,55.0,865.0,920.0,2246.0,372576.0,0.0,0.0,-22722.0,352101.0,0.26,208.0,29.21348
345,2024,목포시상수도,7153.0,148512.0,155665.0,104.0,611.0,716.0,2052.0,184006.0,0.0,0.0,-31109.0,154950.0,0.46,105.0,17.02128
346,2024,고창군상수도,2038.0,93363.0,95401.0,73.0,0.0,73.0,34408.0,83169.0,0.0,0.0,-22249.0,95328.0,0.08,-36.0,-33.02752
347,2024,완주군상수도,10596.0,16597.0,27193.0,145.0,0.0,145.0,13227.0,5022.0,0.0,0.0,8799.0,27048.0,0.54,102.0,237.2093
348,2024,김제시상수도,8844.0,136932.0,145776.0,136.0,715.0,851.0,4506.0,206758.0,0.0,0.0,-66339.0,144925.0,0.59,43.0,5.32178
349,2024,남원시상수도,4287.0,176649.0,180936.0,381.0,1251.0,1632.0,1979.0,251782.0,0.0,0.0,-74457.0,179304.0,0.91,-2448.0,-60.0
350,2024,정읍시상수도,8380.0,98485.0,106866.0,936.0,1205.0,2141.0,2493.0,141079.0,0.0,0.0,-38847.0,104724.0,2.04,-4276.0,-66.6355
351,2024,익산시상수도,7431.0,188208.0,195639.0,1.0,492.0,493.0,6329.0,191151.0,35980.0,0.0,-38314.0,195146.0,0.25,93.0,23.25
352,2024,군산시상수도,18046.0,286201.0,304248.0,56.0,535.0,590.0,1887.0,223744.0,0.0,0.0,78026.0,303657.0,0.19,-74.0,-10.99398
353,2024,전주시상수도,22880.0,384149.0,407029.0,2108.0,6387.0,8495.0,3602.0,249136.0,0.0,0.0,145797.0,398535.0,2.13,-1569.0,-15.59022
354,2024,홍성군상수도,5082.0,136988.0,142070.0,573.0,0.0,573.0,15026.0,181186.0,0.0,0.0,-54714.0,141497.0,0.4,148.0,34.82353
355,2024,당진시상수도,42260.0,237825.0,280085.0,154.0,1025.0,1178.0,20176.0,278964.0,0.0,0.0,-20234.0,278906.0,0.42,226.0,23.84454
356,2024,예산군상수도,12012.0,73587.0,85599.0,0.0,0.0,0.0,1105.0,97233.0,0.0,0.0,-12739.0,85599.0,0,0.0,0.0
357,2024,논산시상수도,23335.0,171408.0,194743.0,580.0,0.0,580.0,4017.0,208273.0,0.0,0.0,-18127.0,194163.0,0.3,348.0,150.0
358,2024,서산시상수도,13464.0,195372.0,208835.0,197.0,0.0,197.0,4039.0,231886.0,0.0,0.0,-27287.0,208638.0,0.09,1.0,0.5102
359,2024,아산시상수도,30662.0,339222.0,369884.0,1979.0,0.0,1979.0,11206.0,355374.0,0.0,0.0,1325.0,367905.0,0.54,1410.0,247.80316
360,2024,보령시상수도,24740.0,247606.0,272345.0,967.0,0.0,967.0,3408.0,321415.0,0.0,0.0,-53444.0,271378.0,0.36,712.0,279.21569
361,2024,공주시상수도,13591.0,198283.0,211874.0,336.0,1113.0,1448.0,3671.0,233214.0,0.0,0.0,-26460.0,210425.0,0.69,285.0,24.59157
362,2024,천안시상수도,42631.0,472944.0,515576.0,29872.0,1211.0,31083.0,13363.0,527148.0,0.0,0.0,-56018.0,484492.0,6.42,28555.0,1129.54905
363,2024,옥천군상수도,5228.0,144432.0,149660.0,123.0,81.0,204.0,4049.0,184153.0,0.0,0.0,-38745.0,149457.0,0.14,60.0,41.66667
364,2024,제천시상수도,13384.0,215570.0,228954.0,22.0,837.0,859.0,2444.0,280244.0,0.0,0.0,-54592.0,228096.0,0.38,94.0,12.28758
365,2024,충주시상수도,25471.0,339513.0,364984.0,275.0,25214.0,25489.0,8212.0,295970.0,0.0,0.0,35312.0,339495.0,7.51,15886.0,165.42747
366,2024,청주시상수도,85860.0,784121.0,869981.0,3225.0,4151.0,7376.0,241743.0,586442.0,0.0,0.0,34420.0,862605.0,0.86,2166.0,41.5739
367,2024,고성군상수도,2473.0,145011.0,147483.0,10411.0,4133.0,14543.0,9326.0,155671.0,0.0,-32056.0,0.0,132940.0,10.94,255.0,1.79171
368,2024,철원군상수도,8079.0,150947.0,159026.0,24.0,0.0,24.0,7752.0,170441.0,0.0,0.0,-19191.0,159002.0,0.02,-918.0,-97.45223
369,2024,정선군상수도,8750.0,119582.0,128332.0,0.0,0.0,0.0,6006.0,152187.0,0.0,0.0,-29862.0,128332.0,0,0.0,0.0
370,2024,홍천군상수도,17551.0,235814.0,253365.0,148.0,139.0,286.0,6081.0,286369.0,0.0,0.0,-39372.0,253079.0,0.11,90.0,46.42857
371,2024,삼척시상수도,13281.0,195298.0,208579.0,35.0,316.0,351.0,1938.0,271365.0,0.0,0.0,-65075.0,208228.0,0.17,51.0,17.0
372,2024,속초시상수도,13054.0,122222.0,135277.0,19.0,427.0,447.0,1440.0,126277.0,0.0,0.0,7112.0,134830.0,0.33,30.0,6.95444
373,2024,태백시상수도,17494.0,98885.0,116379.0,291.0,0.0,291.0,3441.0,133542.0,0.0,0.0,-20894.0,116088.0,0.25,105.0,56.45161
374,2024,동해시상수도,1670.0,101892.0,103562.0,183.0,850.0,1033.0,2714.0,149289.0,0.0,0.0,-49474.0,102528.0,1.01,105.0,11.31466
375,2024,강릉시상수도,31161.0,268154.0,299315.0,900.0,589.0,1489.0,1681.0,270217.0,0.0,0.0,25927.0,297826.0,0.5,499.0,50.40404
376,2024,원주시상수도,27809.0,299080.0,326889.0,1349.0,0.0,1349.0,1735.0,243018.0,0.0,0.0,80787.0,325540.0,0.41,325.0,31.73828
377,2024,춘천시상수도,73792.0,364396.0,438188.0,208.0,7535.0,7743.0,9193.0,473191.0,0.0,0.0,-51939.0,430445.0,1.8,776.0,11.13822
378,2024,인제군상수도,4983.0,267006.0,271989.0,4899.0,37.0,4935.0,27283.0,297527.0,0.0,0.0,-57756.0,267054.0,1.85,-552.0,-10.04192
379,2024,평창군상수도,9386.0,302152.0,311538.0,5.0,0.0,5.0,15095.0,394747.0,0.0,0.0,-98309.0,311533.0,0,-1.0,-16.66667
380,2024,영월군상수도,13214.0,166756.0,179970.0,93.0,0.0,93.0,10968.0,213115.0,0.0,0.0,-44206.0,179878.0,0.05,22.0,30.98592
381,2024,가평군상수도,9064.0,145434.0,154498.0,117.0,1312.0,1429.0,15153.0,180387.0,0.0,0.0,-42470.0,153069.0,0.93,149.0,11.64063
382,2024,여주시상수도,16623.0,264279.0,280902.0,210.0,0.0,210.0,6849.0,326058.0,0.0,0.0,-52216.0,280692.0,0.07,-1836.0,-89.73607
383,2024,양평군상수도,41730.0,238811.0,280541.0,46.0,292.0,338.0,14881.0,299983.0,0.0,0.0,-34661.0,280203.0,0.12,-309.0,-47.75889
384,2024,포천시상수도,25305.0,213639.0,238943.0,159.0,0.0,159.0,19763.0,298975.0,0.0,0.0,-79954.0,238784.0,0.07,-6283.0,-97.53182
385,2024,안성시상수도,18439.0,245567.0,264007.0,904.0,473.0,1377.0,10346.0,256307.0,0.0,0.0,-4024.0,262630.0,0.52,206.0,17.5918
386,2024,연천군상수도,20998.0,254863.0,275862.0,325.0,0.0,325.0,4412.0,279587.0,0.0,0.0,-8462.0,275537.0,0.12,107.0,49.08257
387,2024,광주시상수도,53796.0,412134.0,465930.0,168.0,0.0,168.0,5754.0,461293.0,0.0,0.0,-1286.0,465762.0,0.04,138.0,460.0
388,2024,화성시상수도,74648.0,753471.0,828119.0,2029.0,0.0,2029.0,1024.0,785129.0,0.0,0.0,39937.0,826090.0,0.25,79.0,4.05128
389,2024,이천시상수도,28380.0,320174.0,348554.0,159.0,916.0,1074.0,10228.0,288208.0,0.0,0.0,49043.0,347479.0,0.31,161.0,17.7437
390,2024,파주시상수도,116688.0,298552.0,415240.0,3151.0,0.0,3151.0,2665.0,356779.0,0.0,0.0,52645.0,412089.0,0.76,3041.0,2764.54545
391,2024,용인시상수도,25000.0,563289.0,588289.0,2430.0,3616.0,6045.0,13829.0,650897.0,0.0,0.0,-82482.0,582243.0,1.04,861.0,16.62809
392,2024,하남시상수도,35362.0,168882.0,204244.0,164.0,21.0,185.0,12212.0,190478.0,0.0,0.0,1370.0,204060.0,0.09,-52.0,-21.94093
393,2024,양주시상수도,15267.0,250349.0,265617.0,8.0,0.0,8.0,22896.0,277059.0,0.0,0.0,-34347.0,265609.0,0,-10.0,-55.55556
394,2024,의왕시상수도,34395.0,87522.0,121917.0,401.0,16.0,417.0,17077.0,114195.0,0.0,0.0,-9772.0,121500.0,0.34,165.0,65.47619
395,2024,군포시상수도,43147.0,147411.0,190557.0,854.0,168.0,1022.0,28790.0,151196.0,0.0,0.0,9549.0,189535.0,0.54,-5.0,-0.48685
396,2024,시흥시상수도,51864.0,232474.0,284338.0,392.0,283.0,675.0,9704.0,217386.0,0.0,0.0,56572.0,283663.0,0.24,76.0,12.68781
397,2024,오산시상수도,16613.0,93533.0,110145.0,579.0,0.0,579.0,1581.0,129095.0,0.0,0.0,-21109.0,109567.0,0.53,-2817.0,-82.95053
398,2024,남양주시상수도,27747.0,302819.0,330567.0,214.0,872.0,1086.0,3285.0,368698.0,0.0,0.0,-42503.0,329481.0,0.33,221.0,25.54913
399,2024,평택시상수도,130602.0,976565.0,1107167.0,2523.0,2349.0,4873.0,12863.0,992800.0,0.0,0.0,96632.0,1102294.0,0.44,731.0,17.62434
400,2024,김포시상수도,73659.0,446835.0,520494.0,111.0,1858.0,1968.0,74255.0,418071.0,0.0,0.0,26199.0,518526.0,0.38,1881.0,2163.21839
401,2024,구리시상수도,5937.0,93925.0,99862.0,22.0,485.0,507.0,1961.0,97665.0,0.0,0.0,-271.0,99355.0,0.51,45.0,9.74026
402,2024,과천시상수도,6127.0,55411.0,61538.0,191.0,0.0,191.0,2784.0,83640.0,0.0,0.0,-25077.0,61347.0,0.31,70.0,57.85124
403,2024,고양시상수도,19531.0,264104.0,283634.0,1628.0,1535.0,3163.0,19098.0,308822.0,0.0,0.0,-47448.0,280472.0,1.13,131.0,4.32058
404,2024,안산시상수도,29785.0,386725.0,416510.0,2074.0,1516.0,3590.0,18482.0,367121.0,0.0,0.0,27318.0,412920.0,0.87,2218.0,161.66181
405,2024,동두천시상수도,16160.0,159837.0,175997.0,583.0,31008.0,31591.0,2986.0,192923.0,0.0,0.0,-51502.0,144406.0,21.88,2501.0,8.59746
406,2024,광명시상수도,46498.0,104204.0,150702.0,1323.0,663.0,1986.0,9439.0,97067.0,0.0,0.0,42211.0,148717.0,1.34,-1506.0,-43.12715
407,2024,부천시상수도,67199.0,354172.0,421371.0,3738.0,1682.0,5420.0,25000.0,351022.0,0.0,0.0,39930.0,415951.0,1.3,669.0,14.08125
408,2024,안양시상수도,130612.0,326178.0,456790.0,1959.0,0.0,1959.0,6518.0,352807.0,0.0,0.0,95506.0,454831.0,0.43,1178.0,150.83227
409,2024,의정부시상수도,12632.0,135011.0,147643.0,28.0,0.0,28.0,2898.0,194272.0,0.0,0.0,-49555.0,147615.0,0.02,26.0,1300.0
410,2024,성남시상수도,16882.0,460000.0,476881.0,2713.0,1902.0,4615.0,35454.0,445796.0,0.0,0.0,-8984.0,472266.0,0.98,1404.0,43.7247
411,2024,수원시상수도,24366.0,429999.0,454365.0,1911.0,677.0,2588.0,11388.0,446872.0,0.0,0.0,-6483.0,451777.0,0.57,1174.0,83.02687
412,2024,울산광역시상수도,41221.0,760687.0,801908.0,2746.0,22816.0,25562.0,184941.0,559572.0,0.0,0.0,31833.0,776346.0,3.29,-2200.0,-7.9245
413,2024,대전광역시상수도,41636.0,843786.0,885422.0,4165.0,25093.0,29258.0,100593.0,724286.0,0.0,0.0,31285.0,856164.0,3.42,-2104.0,-6.70876
414,2024,광주광역시상수도,25938.0,812594.0,838532.0,2907.0,10743.0,13649.0,2759.0,635728.0,0.0,0.0,186395.0,824883.0,1.65,1210.0,9.73551
415,2024,인천광역시상수도,157903.0,1851951.0,2009854.0,10413.0,101488.0,111901.0,330248.0,1804360.0,0.0,0.0,-236654.0,1897954.0,5.9,3477.0,3.20685
416,2024,대구광역시상수도,53853.0,1553586.0,1607439.0,5920.0,65827.0,71747.0,274621.0,1347848.0,0.0,0.0,-86778.0,1535692.0,4.67,-8982.0,-11.12611
417,2024,부산광역시상수도,78625.0,2203318.0,2281943.0,3997.0,13177.0,17175.0,247087.0,2350464.0,0.0,0.0,-332783.0,2264768.0,0.76,-3613.0,-17.38503
418,2024,서울특별시상수도,270309.0,6716566.0,6986876.0,29332.0,111172.0,140504.0,1218213.0,5982362.0,0.0,0.0,-354203.0,6846372.0,2.05,-3459.0,-2.4027
