No,AC_YEAR,ENT_NAME,TOT_JA,TOT_BU,FIN_JA,FIN_DA,FIN_BU,FIN_RA,OTHERDEBT,FINDEBTRATE,DEBTRATE
1,2020,예산군하수도,203688.0,0.0,0.0,0.0,0.0,0,0.0,0,0
2,2020,경기교통공사,0.0,0.0,0.0,0.0,0.0,0,0.0,0,0
3,2020,원주시시설관리공단,655.0,355.0,0.0,0.0,0.0,0,355.0,0,0
4,2020,김포도시공사,176831.0,7253.0,0.0,0.0,0.0,0,7253.0,0,0
5,2020,파주도시공사,3811.0,1107.0,0.0,0.0,0.0,0,1107.0,0,0
6,2020,영천시시설관리공단,0.0,0.0,0.0,0.0,0.0,0,0.0,0,0
7,2020,과천도시공사,0.0,0.0,0.0,0.0,0.0,0,0.0,0,0
8,2020,울산광역시북구시설관리공단,230.0,81.0,0.0,81.0,81.0,100,0.0,100,35.22
9,2020,포천도시공사,28599.0,676.0,0.0,0.0,0.0,0,676.0,0,0
10,2020,안양도시공사,69660.0,1142.0,0.0,0.0,0.0,0,1142.0,0,0
11,2020,예천군하수도,0.0,0.0,0.0,0.0,0.0,0,0.0,0,0
12,2020,예천군상수도,110256.0,13.0,0.0,0.0,0.0,0,13.0,0,0
13,2020,고성군하수도,88069.0,0.0,0.0,0.0,0.0,0,0.0,0,0
14,2020,고성군상수도,54309.0,0.0,0.0,0.0,0.0,0,0.0,0,0
15,2020,세종도시교통공사,30439.0,9288.0,0.0,0.0,0.0,0,9288.0,0,0
16,2020,사천시시설관리공단,654.0,353.0,62.0,291.0,353.0,82.44,0.0,100,53.98
17,2020,제주특별자치도공영버스,0.0,0.0,0.0,0.0,0.0,0,0.0,0,0
18,2020,서울특별시하수도,6948499.0,5870.0,0.0,0.0,0.0,0,5870.0,0,0
19,2020,경주시시설관리공단,1253.0,1153.0,0.0,1153.0,1153.0,100,0.0,100,92.02
20,2020,인천광역시연수구시설안전관리공단,1139.0,639.0,0.0,0.0,0.0,0,639.0,0,0
21,2020,서울교통공사,1.3340264E7,6253470.0,2860056.0,629488.0,3489544.0,18.04,2763926.0,55.8,26.16
22,2020,태안군하수도,118046.0,0.0,0.0,0.0,0.0,0,0.0,0,0
23,2020,태안군상수도,180003.0,0.0,0.0,0.0,0.0,0,0.0,0,0
24,2020,김제시하수도,216492.0,80517.0,74653.0,5864.0,80517.0,7.28,0.0,100,37.19
25,2020,부여군하수도,146480.0,0.0,0.0,0.0,0.0,0,0.0,0,0
26,2020,하남시하수도,274053.0,147.9,133.9,14.0,147.9,9.47,0.0,100,0.05
27,2020,서울에너지공사,497417.0,133872.0,78228.0,2285.0,80513.0,2.84,53359.0,60.14,16.19
28,2020,충주시시설관리공단,0.0,0.0,0.0,0.0,0.0,0,0.0,0,0
29,2020,세종특별자치시시설관리공단,3246.0,2246.0,0.0,0.0,0.0,0,2246.0,0,0
30,2020,밀양시시설관리공단,776.0,476.0,443.0,33.0,476.0,6.93,0.0,100,61.34
31,2020,군산시하수도,518080.0,52639.0,0.0,0.0,0.0,0,52639.0,0,0
32,2020,홍성군하수도,117763.0,60617.0,0.0,0.0,0.0,0,60617.0,0,0
33,2020,동해시하수도,145885.0,0.04,0.0,0.04,0.04,100,0.0,100,0
34,2020,원주시하수도,426656.0,93651.0,87042.0,6609.0,93651.0,7.06,0.0,100,21.95
35,2020,양주시하수도,458914.0,12.0,0.0,12.0,12.0,100,0.0,100,0
36,2020,서천군상수도,87151.0,767.0,0.0,0.0,0.0,0,767.0,0,0
37,2020,부여군상수도,97796.0,1508.0,0.0,0.0,0.0,0,1508.0,0,0
38,2020,금산군상수도,79951.0,474.0,0.0,474.0,474.0,100,0.0,100,0.59
39,2020,인천관광공사,70036.0,17728.0,0.0,0.0,0.0,0,17728.0,0,0
40,2020,광명도시공사,26991.0,1718.0,0.0,0.0,0.0,0,1718.0,0,0
41,2020,영덕군하수도,97946.0,25390.0,22813.0,2577.0,25390.0,10.15,0.0,100,25.92
42,2020,문경시하수도,176185.0,80405.0,72297.0,7978.0,80275.0,9.94,130.0,99.84,45.56
43,2020,논산시하수도,358602.0,22546.0,0.0,0.0,0.0,0,22546.0,0,0
44,2020,과천시지식정보타운조성사업,279099.0,14386.0,0.0,14386.0,14386.0,100,0.0,100,5.15
45,2020,아산시시설관리공단,2385.0,1585.0,0.0,0.0,0.0,0,1585.0,0,0
46,2020,장수한우지방공사,8933.0,1771.0,0.0,0.0,0.0,0,1771.0,0,0
47,2020,광주광역시광산구시설관리공단,2910.0,2710.0,0.0,0.0,0.0,0,2710.0,0,0
48,2020,대구광역시달성군시설관리공단,877.0,577.0,0.0,0.0,0.0,0,577.0,0,0
49,2020,김해시도시개발공사,134387.0,58865.0,20378.0,20323.0,40701.0,49.93,18164.0,69.14,30.29
50,2020,합천군상수도,0.0,0.0,0.0,0.0,0.0,0,0.0,0,0
51,2020,성남도시개발공사,160721.0,44090.0,0.0,0.0,0.0,0,44090.0,0,0
52,2020,부여군시설관리공단,331.0,31.0,0.0,0.0,0.0,0,31.0,0,0
53,2020,세종특별자치시하수도,1006118.0,2198.0,1628.0,570.0,2198.0,25.93,0.0,100,0.22
54,2020,진천군하수도,153233.0,32180.0,29015.0,3165.0,32180.0,9.84,0.0,100,21
55,2020,진천군상수도,87872.0,94.0,67.0,27.0,94.0,28.72,0.0,100,0.11
56,2020,울산광역시중구도시관리공단,379.0,279.0,0.0,0.0,0.0,0,279.0,0,0
57,2020,이천시시설관리공단,552.0,142.0,0.0,0.0,0.0,0,142.0,0,0
58,2020,부산관광공사,21657.0,4499.0,0.0,0.0,0.0,0,4499.0,0,0
59,2020,구리도시공사,55107.0,3365.0,0.0,2244.0,2244.0,100,1121.0,66.69,4.07
60,2020,경상북도문화관광공사,471248.0,146098.0,97596.0,12310.0,109906.0,11.2,36192.0,75.23,23.32
61,2020,제주에너지공사,166254.0,22924.0,15937.0,5312.0,21249.0,25,1675.0,92.69,12.78
62,2020,광양시하수도,358713.0,162.0,0.0,0.0,0.0,0,162.0,0,0
63,2020,세종특별자치시상수도,408793.0,15795.0,15469.0,326.0,15795.0,2.06,0.0,100,3.86
64,2020,여수시하수도,399196.0,0.0,0.0,0.0,0.0,0,0.0,0,0
65,2020,옥천군하수도,146484.0,15655.0,13811.0,1844.0,15655.0,11.78,0.0,100,10.69
66,2020,남원시하수도,212457.0,473.0,473.0,0.0,473.0,0,0.0,100,0.22
67,2020,영광군하수도,103755.0,100.0,0.0,0.0,0.0,0,100.0,0,0
68,2020,영광군상수도,89641.0,67161.0,0.0,0.0,0.0,0,67161.0,0,0
69,2020,거제해양관광개발공사,62242.0,6679.0,4800.0,700.0,5500.0,12.73,1179.0,82.35,8.84
70,2020,대전관광공사,225689.0,21586.0,0.0,0.0,0.0,0,21586.0,0,0
71,2020,양평군하수도,356218.0,110.0,0.0,0.0,0.0,0,110.0,0,0
72,2020,천안시시설관리공단(폐지),1826.0,826.0,0.0,0.0,0.0,0,826.0,0,0
73,2020,여주도시관리공단(폐지),463.0,263.0,0.0,0.0,0.0,0,263.0,0,0
74,2020,영월군시설관리공단,530.0,430.0,0.0,0.0,0.0,0,430.0,0,0
75,2020,계룡시하수도,60171.0,23089.0,20802.0,2287.0,23089.0,9.91,0.0,100,38.37
76,2020,의왕도시공사,58271.0,1988.0,0.0,0.0,0.0,0,1988.0,0,0
77,2020,고양도시관리공사,158966.0,25107.0,0.0,0.0,0.0,0,25107.0,0,0
78,2020,양양군상수도,77949.0,118.0,38.0,80.0,118.0,67.8,0.0,100,0.15
79,2020,계룡시상수도,44093.0,314.0,0.0,314.0,314.0,100,0.0,100,0.71
80,2020,증평군하수도,90164.0,14959.0,0.0,0.0,0.0,0,14959.0,0,0
81,2020,고양시하수도,609024.0,1500.0,1391.0,109.0,1500.0,7.27,0.0,100,0.25
82,2020,음성군하수도,204062.0,33627.0,30665.0,2962.0,33627.0,8.81,0.0,100,16.48
83,2020,김천시하수도,78686.0,208.0,0.0,208.0,208.0,100,0.0,100,0.26
84,2020,화순군하수도,118691.0,0.0,0.0,0.0,0.0,0,0.0,0,0
85,2020,화순군상수도,130028.0,145.0,133.0,12.0,145.0,8.28,0.0,100,0.11
86,2020,영동군상수도,132944.0,308.0,0.0,0.0,0.0,0,308.0,0,0
87,2020,포항시시설관리공단,626.0,426.0,0.0,0.0,0.0,0,426.0,0,0
88,2020,춘천도시공사,27685.0,4034.0,0.0,0.0,0.0,0,4034.0,0,0
89,2020,이천시하수도,170703.0,24.0,20.0,4.0,24.0,16.67,0.0,100,0.01
90,2020,강릉관광개발공사,11181.0,1341.0,0.0,0.0,0.0,0,1341.0,0,0
91,2020,보령시시설관리공단,1181.0,881.0,0.0,0.0,0.0,0,881.0,0,0
92,2020,당진도시공사,4370.0,101.0,0.0,0.0,0.0,0,101.0,0,0
93,2020,연천군하수도,320234.0,145.0,0.0,145.0,145.0,100,0.0,100,0.05
94,2020,칠곡군하수도,308879.0,72837.0,67426.0,5411.0,72837.0,7.43,0.0,100,23.58
95,2020,의령친환경골프장관리사업소,8345.0,39.0,0.0,39.0,39.0,100,0.0,100,0.47
96,2020,경기도고덕국제화계획지구조성사업,132310.0,131084.0,0.0,0.0,0.0,0,131084.0,0,0
97,2020,인천광역시제물포구시설관리공단,762.0,303.0,0.0,0.0,0.0,0,303.0,0,0
98,2020,여수시도시관리공단,6904.0,6439.0,0.0,0.0,0.0,0,6439.0,0,0
99,2020,단양군상수도,0.0,0.0,0.0,0.0,0.0,0,0.0,0,0
100,2020,영덕군상수도,63701.0,912.0,481.0,431.0,912.0,47.26,0.0,100,1.43
101,2020,양산시시설관리공단,416.0,216.0,0.0,0.0,0.0,0,216.0,0,0
102,2020,단양관광관리공단(폐지),646.0,346.0,0.0,0.0,0.0,0,346.0,0,0
103,2020,동두천시하수도,133245.0,12.0,0.0,0.0,0.0,0,12.0,0,0
104,2020,부산광역시기장군도시관리공단,962.0,462.0,0.0,0.0,0.0,0,462.0,0,0
105,2020,함안지방공사,10038.0,2323.0,0.0,0.0,0.0,0,2323.0,0,0
106,2020,의성군상수도,231722.0,0.0,0.0,0.0,0.0,0,0.0,0,0
107,2020,안산도시공사,229667.0,24546.0,10445.0,0.0,10445.0,0,14101.0,42.55,4.55
108,2020,파주시하수도,725146.0,138600.0,0.0,0.0,0.0,0,138600.0,0,0
109,2020,포항시하수도,1006307.0,337650.0,321344.0,16306.0,337650.0,4.83,0.0,100,33.55
110,2020,보령시하수도,162289.0,30504.0,27059.0,3445.0,30504.0,11.29,0.0,100,18.8
111,2020,제주관광공사,38599.0,22877.0,17633.0,150.0,17783.0,0.84,5094.0,77.73,46.07
112,2020,울주군시설관리공단,881.0,781.0,0.0,0.0,0.0,0,781.0,0,0
113,2020,양평공사,28821.0,27702.0,9124.0,7010.0,16134.0,43.45,11568.0,58.24,55.98
114,2020,당진시하수도,314521.0,32111.0,0.0,0.0,0.0,0,32111.0,0,0
115,2020,평택도시공사,1334129.0,842589.0,170000.0,490000.0,660000.0,74.24,182589.0,78.33,49.47
116,2020,강화군시설관리공단,1195.0,227.0,0.0,0.0,0.0,0,227.0,0,0
117,2020,군포도시공사,31634.0,534.0,0.0,0.0,0.0,0,534.0,0,0
118,2020,전주시시설관리공단,1431.0,638.0,0.0,0.0,0.0,0,638.0,0,0
119,2020,화성도시공사,202634.0,36212.0,0.0,0.0,0.0,0,36212.0,0,0
120,2020,화성시하수도,625146.0,218.0,207.0,11.0,218.0,5.05,0.0,100,0.03
121,2020,울산광역시남구도시관리공단,327.0,177.0,0.0,0.0,0.0,0,177.0,0,0
122,2020,강릉시하수도,358833.0,51957.0,0.0,0.0,0.0,0,51957.0,0,0
123,2020,인천경제자유구역청,1.8775987E7,434700.0,0.0,0.0,0.0,0,434700.0,0,0
124,2020,거제시하수도,301233.0,464.0,0.0,0.0,0.0,0,464.0,0,0
125,2020,노원구시설관리공단,1300.0,850.0,0.0,0.0,0.0,0,850.0,0,0
126,2020,남양주도시공사,0.0,0.0,0.0,0.0,0.0,0,0.0,0,0
127,2020,중구시설관리공단,750.0,1192.0,0.0,0.0,0.0,0,1192.0,0,0
128,2020,함안군상수도,110932.0,541.0,171.0,370.0,541.0,68.39,0.0,100,0.49
129,2020,양주시시설관리공단(폐지),711.0,404.0,0.0,0.0,0.0,0,404.0,0,0
130,2020,통영관광개발공사,36613.0,839.0,0.0,0.0,0.0,0,839.0,0,0
131,2020,영양고추유통공사,36873.0,19910.0,0.0,19200.0,19200.0,100,710.0,96.43,52.07
132,2020,음성군상수도,114546.0,17.0,0.0,0.0,0.0,0,17.0,0,0
133,2020,울산광역시도시공사,520386.0,228425.0,71793.0,461.0,72254.0,0.64,156171.0,31.63,13.88
134,2020,문경관광진흥공단(폐지),254.0,154.0,0.0,0.0,0.0,0,154.0,0,0
135,2020,부안군상수도,54694.0,329.0,0.0,0.0,0.0,0,329.0,0,0
136,2020,관악구시설관리공단,1299.0,599.0,0.0,0.0,0.0,0,599.0,0,0
137,2020,안동시시설관리공단,598.0,398.0,0.0,0.0,0.0,0,398.0,0,0
138,2020,인천환경공단,9507.0,8007.0,0.0,0.0,0.0,0,8007.0,0,0
139,2020,제천시하수도,351073.0,107065.0,100406.0,6659.0,107065.0,6.22,0.0,100,30.5
140,2020,은평구시설관리공단,783.0,283.0,0.0,0.0,0.0,0,283.0,0,0
141,2020,충주시하수도,386699.0,70533.0,65373.0,5160.0,70533.0,7.32,0.0,100,18.24
142,2020,충청남도개발공사,944575.0,480280.0,190110.0,123699.0,313809.0,39.42,166471.0,65.34,33.22
143,2020,창원레포츠파크,989.0,387.0,0.0,0.0,0.0,0,387.0,0,0
144,2020,부산지방공단스포원(부산시설공단 통합),10944.0,10944.0,0.0,0.0,0.0,0,10944.0,0,0
145,2020,광주환경공단,1922.0,1422.0,0.0,0.0,0.0,0,1422.0,0,0
146,2020,대구공공시설관리공단,591198.0,6379.0,0.0,0.0,0.0,0,6379.0,0,0
147,2020,부산환경공단,9410.0,9410.0,0.0,0.0,0.0,0,9410.0,0,0
148,2020,창원시설공단,5919.0,3919.0,0.0,0.0,0.0,0,3919.0,0,0
149,2020,구미시설공단(폐지),2106.0,1605.0,0.0,0.0,0.0,0,1605.0,0,0
150,2020,청주시시설관리공단,1576.0,1015.0,0.0,0.0,0.0,0,1015.0,0,0
151,2020,정선군시설관리공단,100.18,0.18,0.0,0.0,0.0,0,0.18,0,0
152,2020,동해시시설관리공단,865.0,344.0,0.0,0.0,0.0,0,344.0,0,0
153,2020,속초시시설관리공단,0.0,0.0,0.0,0.0,0.0,0,0.0,0,0
154,2020,연천군시설관리공단,429.0,219.0,0.0,0.0,0.0,0,219.0,0,0
155,2020,가평군시설관리공단,624.0,424.0,0.0,0.0,0.0,0,424.0,0,0
156,2020,의정부시시설관리공단(폐지),13206.0,11076.0,0.0,0.0,0.0,0,11076.0,0,0
157,2020,오산시시설관리공단(폐지),345.0,145.0,0.0,0.0,0.0,0,145.0,0,0
158,2020,안성시시설관리공단,1953.0,1903.0,0.0,0.0,0.0,0,1903.0,0,0
159,2020,시흥도시공사,174537.0,9186.0,0.0,7000.0,7000.0,100,2186.0,76.2,4.01
160,2020,부천도시공사,71361.0,39193.0,0.0,0.0,0.0,0,39193.0,0,0
161,2020,수원도시공사,89463.0,14814.0,0.0,0.0,0.0,0,14814.0,0,0
162,2020,울산시설공단,1096.0,526.0,0.0,0.0,0.0,0,526.0,0,0
163,2020,대전광역시시설관리공단,6797.0,4596.0,0.0,0.0,0.0,0,4596.0,0,0
164,2020,인천광역시서구시설관리공단,1577.0,877.0,0.0,0.0,0.0,0,877.0,0,0
165,2020,인천광역시계양구시설관리공단,658.0,278.0,0.0,0.0,0.0,0,278.0,0,0
166,2020,인천광역시부평구시설관리공단,1095.0,695.0,0.0,0.0,0.0,0,695.0,0,0
167,2020,남동구도시관리공단,830.0,430.0,0.0,0.0,0.0,0,430.0,0,0
168,2020,인천광역시미추홀구시설관리공단,1071.0,571.0,0.0,0.0,0.0,0,571.0,0,0
169,2020,인천시설공단,21336.0,14425.0,0.0,0.0,0.0,0,14425.0,0,0
170,2020,대구시설공단(대구공공시설관리공단 통합),20191.0,6981.0,0.0,0.0,0.0,0,6981.0,0,0
171,2020,부산시설공단,54564.0,47253.0,0.0,0.0,0.0,0,47253.0,0,0
172,2020,중랑구시설관리공단,859.0,609.0,0.0,0.0,0.0,0,609.0,0,0
173,2020,종로구시설관리공단,1684.0,825.0,0.0,0.0,0.0,0,825.0,0,0
174,2020,용산구시설관리공단,1101.0,601.0,0.0,0.0,0.0,0,601.0,0,0
175,2020,영등포구시설관리공단,2874.0,921.0,0.0,0.0,0.0,0,921.0,0,0
176,2020,양천구시설관리공단,1237.0,737.0,0.0,0.0,0.0,0,737.0,0,0
177,2020,송파구시설관리공단,0.0,0.0,0.0,0.0,0.0,0,0.0,0,0
178,2020,성북구도시관리공단,1352.0,952.0,0.0,0.0,0.0,0,952.0,0,0
179,2020,성동구도시관리공단,1432.0,832.0,0.0,0.0,0.0,0,832.0,0,0
180,2020,서대문구도시관리공단,1931.0,1251.0,0.0,0.0,0.0,0,1251.0,0,0
181,2020,마포구시설관리공단,2296.0,1496.0,0.0,0.0,0.0,0,1496.0,0,0
182,2020,동작구시설관리공단,961.0,261.0,0.0,0.0,0.0,0,261.0,0,0
183,2020,동대문구시설관리공단,1602.0,802.0,0.0,0.0,0.0,0,802.0,0,0
184,2020,도봉구시설관리공단,1570.0,1070.0,0.0,0.0,0.0,0,1070.0,0,0
185,2020,금천구시설관리공단,841.0,341.0,0.0,0.0,0.0,0,341.0,0,0
186,2020,구로구시설관리공단,1140.0,640.0,0.0,0.0,0.0,0,640.0,0,0
187,2020,광진구시설관리공단,995.0,595.0,0.0,0.0,0.0,0,595.0,0,0
188,2020,강서구시설관리공단,2099.0,1099.0,0.0,0.0,0.0,0,1099.0,0,0
189,2020,강북구도시관리공단,1085.0,825.0,0.0,825.0,825.0,100,0.0,100,76.04
190,2020,강동구도시관리공단,2276.0,1676.0,0.0,0.0,0.0,0,1676.0,0,0
191,2020,강남구도시관리공단,1905.0,705.0,0.0,0.0,0.0,0,705.0,0,0
192,2020,서울시설공단,196667.0,167579.0,0.0,0.0,0.0,0,167579.0,0,0
193,2020,창녕군시설관리공단,1823.0,1366.0,0.0,0.0,0.0,0,1366.0,0,0
194,2020,청도공영사업공사,3639.0,1660.0,0.0,0.0,0.0,0,1660.0,0,0
195,2020,하남도시공사,380015.0,58620.0,7614.0,0.0,7614.0,0,51006.0,12.99,2
196,2020,용인도시공사,369568.0,240948.0,5604.0,0.0,5604.0,0,235344.0,2.33,1.52
197,2020,경기평택항만공사,108666.0,8994.0,0.0,0.0,0.0,0,8994.0,0,0
198,2020,광주도시관리공사,60528.0,26969.0,0.0,0.0,0.0,0,26969.0,0,0
199,2020,경기관광공사,126702.0,19771.0,0.0,0.0,0.0,0,19771.0,0,0
200,2020,구리농수산물공사,199882.0,13484.0,0.0,0.0,0.0,0,13484.0,0,0
201,2020,광주광역시 관광공사,142323.0,1636.0,0.0,0.0,0.0,0,1636.0,0,0
202,2020,서울특별시농수산식품공사,1091206.0,130510.0,36490.0,12704.0,49194.0,25.82,81316.0,37.69,4.51
203,2020,제주특별자치도개발공사,610223.0,134713.0,49934.0,0.0,49934.0,0,84779.0,37.07,8.18
204,2020,경남개발공사,1137801.0,678078.0,341124.0,77350.0,418474.0,18.48,259604.0,61.71,36.78
205,2020,경상북도개발공사,1062313.0,247108.0,56758.0,0.0,56758.0,0,190350.0,22.97,5.34
206,2020,전남개발공사,1089617.0,435077.0,285962.0,30900.0,316862.0,9.75,118215.0,72.83,29.08
207,2020,전북개발공사,702665.0,365814.0,118050.0,0.0,118050.0,0,247764.0,32.27,16.8
208,2020,충북개발공사,641443.0,353148.0,159338.0,11778.0,171116.0,6.88,182032.0,48.45,26.68
209,2020,강원개발공사,1622494.0,1264978.0,718956.0,103157.0,822113.0,12.55,442865.0,64.99,50.67
210,2020,경기주택도시공사,9519002.0,5225467.0,374365.0,3649.0,378014.0,0.97,4847453.0,7.23,3.97
211,2020,대전도시공사,988371.0,568774.0,230522.0,139972.0,370494.0,37.78,198280.0,65.14,37.49
212,2020,광주광역시도시공사,874162.0,447412.0,144075.0,124374.0,268449.0,46.33,178963.0,60,30.71
213,2020,인천도시공사,8818737.0,6197695.0,3245243.0,1592862.0,4838105.0,32.92,1359590.0,78.06,54.86
214,2020,대구도시개발공사,1953334.0,1285796.0,687574.0,142800.0,830374.0,17.2,455422.0,64.58,42.51
215,2020,부산도시공사,3086297.0,1136992.0,697675.0,40000.0,737675.0,5.42,399317.0,64.88,23.9
216,2020,서울주택도시개발공사,2.6623912E7,1.7529908E7,4107324.0,778268.0,4885592.0,15.93,1.2644316E7,27.87,18.35
217,2020,대전교통공사,1458546.0,36232.0,0.0,36.0,36.0,100,36196.0,0.1,0
218,2020,광주교통공사,1183383.0,40017.0,0.0,0.0,0.0,0,40017.0,0,0
219,2020,인천교통공사,3994236.0,226864.0,57900.0,1666.0,59566.0,2.8,167298.0,26.26,1.49
220,2020,대구교통공사,4425390.0,532478.0,176178.0,135662.0,311840.0,43.5,220638.0,58.56,7.05
221,2020,부산교통공사,4168153.0,1178446.0,568700.0,145000.0,713700.0,20.32,464746.0,60.56,17.12
222,2020,진주시공영개발,329825.0,276622.0,52100.0,224522.0,276622.0,81.17,0.0,100,83.87
223,2020,창원시주택건설사업,72856.0,32594.0,0.0,0.0,0.0,0,32594.0,0,0
224,2020,광양시공영개발,131242.0,0.0,0.0,0.0,0.0,0,0.0,0,0
225,2020,순천시공영개발,66957.0,0.0,0.0,0.0,0.0,0,0.0,0,0
226,2020,목포시공영개발,110876.0,1017.0,0.0,0.0,0.0,0,1017.0,0,0
227,2020,익산시공영개발,128850.0,32809.0,0.0,0.0,0.0,0,32809.0,0,0
228,2020,계룡시공영개발,56162.0,0.0,0.0,0.0,0.0,0,0.0,0,0
229,2020,세종특별자치시공영개발,55423.0,2499.0,2466.0,33.0,2499.0,1.32,0.0,100,4.51
230,2020,아산시공영개발,4483.0,0.0,0.0,0.0,0.0,0,0.0,0,0
231,2020,천안시공영개발,129335.0,29.0,0.0,0.0,0.0,0,29.0,0,0
232,2020,음성군공영개발,38230.0,239.0,0.0,0.0,0.0,0,239.0,0,0
233,2020,충주시공영개발,0.0,0.0,0.0,0.0,0.0,0,0.0,0,0
234,2020,강릉시공영개발,81624.0,993.0,0.0,993.0,993.0,100,0.0,100,1.22
235,2020,원주시공영개발,124368.0,2932.0,0.0,2932.0,2932.0,100,0.0,100,2.36
236,2020,춘천시공영개발,275421.0,0.0,0.0,0.0,0.0,0,0.0,0,0
237,2020,경기도판교테크노밸리조성사업,479652.0,36.0,0.0,0.0,0.0,0,36.0,0,0
238,2020,안성시공영개발,77643.0,2705.0,0.0,0.0,0.0,0,2705.0,0,0
239,2020,의왕시공영개발,0.0,0.0,0.0,0.0,0.0,0,0.0,0,0
240,2020,시흥시공영개발,0.0,0.0,0.0,0.0,0.0,0,0.0,0,0
241,2020,의정부시공영개발,0.0,0.0,0.0,0.0,0.0,0,0.0,0,0
242,2020,성남시공영개발,124078.0,4863.0,0.0,0.0,0.0,0,4863.0,0,0
243,2020,제주특별자치도하수도,1769996.0,499704.0,465088.0,34616.0,499704.0,6.93,0.0,100,28.23
244,2020,창녕군하수도,189537.0,0.0,0.0,0.0,0.0,0,0.0,0,0
245,2020,양산시하수도,419076.0,65990.0,65980.0,10.0,65990.0,0.02,0.0,100,15.75
246,2020,밀양시하수도,351255.0,0.292,0.0,0.292,0.292,100,0.0,100,0
247,2020,통영시하수도,122231.0,69776.0,0.0,0.0,0.0,0,69776.0,0,0
248,2020,거창군하수도,159554.0,22817.0,0.0,0.0,0.0,0,22817.0,0,0
249,2020,사천시하수도,0.0,0.0,0.0,0.0,0.0,0,0.0,0,0
250,2020,김해시하수도,0.0,0.0,0.0,0.0,0.0,0,0.0,0,0
251,2020,진주시하수도,542011.0,139833.0,0.0,0.0,0.0,0,139833.0,0,0
252,2020,창원시하수도,750916.0,96186.0,0.0,0.0,0.0,0,96186.0,0,0
253,2020,영주시하수도,192167.0,104295.0,0.0,0.0,0.0,0,104295.0,0,0
254,2020,상주시하수도,110698.0,89832.0,81677.0,8155.0,89832.0,9.08,0.0,100,81.15
255,2020,경산시하수도,228031.0,0.0,0.0,0.0,0.0,0,0.0,0,0
256,2020,영천시하수도,276199.0,148.0,0.0,0.0,0.0,0,148.0,0,0
257,2020,안동시하수도,357204.0,254.0,0.0,0.0,0.0,0,254.0,0,0
258,2020,구미시하수도,695512.0,50774.0,50749.0,25.0,50774.0,0.05,0.0,100,7.3
259,2020,경주시하수도,403447.0,129795.0,118960.0,10835.0,129795.0,8.35,0.0,100,32.17
260,2020,영암군하수도,217262.0,0.0,0.0,0.0,0.0,0,0.0,0,0
261,2020,나주시하수도,235299.0,44246.0,0.0,0.0,0.0,0,44246.0,0,0
262,2020,순천시하수도,502908.0,67871.0,62810.0,5061.0,67871.0,7.46,0.0,100,13.5
263,2020,목포시하수도,468268.0,102207.0,0.0,0.0,0.0,0,102207.0,0,0
264,2020,정읍시하수도,202765.0,26984.0,0.0,39.0,39.0,100,26945.0,0.14,0.02
265,2020,익산시하수도,424915.0,105489.0,0.0,0.0,0.0,0,105489.0,0,0
266,2020,완주군하수도,31524.0,0.0,0.0,0.0,0.0,0,0.0,0,0
267,2020,전주시하수도,632750.0,84584.0,0.0,0.0,0.0,0,84584.0,0,0
268,2020,서산시하수도,347242.0,61166.0,56770.0,4396.0,61166.0,7.19,0.0,100,17.61
269,2020,아산시하수도,546279.0,53065.0,48628.0,4437.0,53065.0,8.36,0.0,100,9.71
270,2020,천안시하수도,757261.0,128954.0,118795.0,10159.0,128954.0,7.88,0.0,100,17.03
271,2020,공주시하수도,267763.0,47.0,38.0,9.0,47.0,19.15,0.0,100,0.02
272,2020,청주시하수도,890538.0,19426.0,17733.0,1693.0,19426.0,8.72,0.0,100,2.18
273,2020,속초시하수도,156065.0,5329.0,5306.0,23.0,5329.0,0.43,0.0,100,3.41
274,2020,춘천시하수도,523570.0,93578.0,0.0,0.0,0.0,0,93578.0,0,0
275,2020,가평군하수도,327602.0,70.0,54.0,16.0,70.0,22.86,0.0,100,0.02
276,2020,김포시하수도,342264.0,75410.0,0.0,0.0,0.0,0,75410.0,0,0
277,2020,안양시하수도,914927.0,1196.0,0.0,0.0,0.0,0,1196.0,0,0
278,2020,평택시하수도,929138.0,115208.0,107875.0,7333.0,115208.0,6.37,0.0,100,12.4
279,2020,광주시하수도,551284.0,3648.0,3503.0,145.0,3648.0,3.97,0.0,100,0.66
280,2020,안성시하수도,373844.0,51467.0,0.0,0.0,0.0,0,51467.0,0,0
281,2020,남양주시하수도,624577.0,696.0,0.0,0.0,0.0,0,696.0,0,0
282,2020,의왕시하수도,122263.0,1174.0,330.0,844.0,1174.0,71.89,0.0,100,0.96
283,2020,용인시하수도,1284634.0,118432.0,0.0,0.0,0.0,0,118432.0,0,0
284,2020,군포시하수도,108620.0,200.0,0.0,20.0,20.0,100,180.0,10,0.02
285,2020,여주시하수도,81147.0,216.0,0.0,216.0,216.0,100,0.0,100,0.27
286,2020,오산시하수도,309257.0,58.0,0.0,0.0,0.0,0,58.0,0,0
287,2020,포천시하수도,480548.0,9.0,0.0,9.0,9.0,100,0.0,100,0
288,2020,시흥시하수도,481137.0,44209.0,42244.0,1965.0,44209.0,4.44,0.0,100,9.19
289,2020,구리시하수도,279636.0,229.0,0.0,0.0,0.0,0,229.0,0,0
290,2020,성남시하수도,428943.0,1105.0,964.0,141.0,1105.0,12.76,0.0,100,0.26
291,2020,과천시하수도,0.0,0.0,0.0,0.0,0.0,0,0.0,0,0
292,2020,안산시하수도,484542.0,1212.0,0.0,244.0,244.0,100,968.0,20.13,0.05
293,2020,부천시하수도,911712.0,661.0,617.0,44.0,661.0,6.66,0.0,100,0.07
294,2020,광명시하수도,88356.0,3261.0,0.0,0.0,0.0,0,3261.0,0,0
295,2020,의정부시하수도,349863.0,0.0,0.0,0.0,0.0,0,0.0,0,0
296,2020,수원시하수도,758001.0,1377.0,1193.0,184.0,1377.0,13.36,0.0,100,0.18
297,2020,울산광역시하수도,1026505.0,163070.0,150767.0,12303.0,163070.0,7.54,0.0,100,15.89
298,2020,대전광역시하수도,749769.0,183168.0,0.0,0.0,0.0,0,183168.0,0,0
299,2020,광주광역시하수도,1013928.0,188493.0,176000.0,12493.0,188493.0,6.63,0.0,100,18.59
300,2020,인천광역시하수도,1501853.0,114054.0,86961.0,16048.0,103009.0,15.58,11045.0,90.32,6.86
301,2020,대구광역시하수도,1968238.0,248881.0,0.0,0.0,0.0,0,248881.0,0,0
302,2020,부산광역시하수도,2846679.0,339602.0,322313.0,17289.0,339602.0,5.09,0.0,100,11.93
303,2020,제주특별자치도상수도,675881.0,75747.0,58011.0,17736.0,75747.0,23.41,0.0,100,11.21
304,2020,거창군상수도,88423.0,70.0,59.0,11.0,70.0,15.71,0.0,100,0.08
305,2020,창녕군상수도,99369.0,307.0,0.0,0.0,0.0,0,307.0,0,0
306,2020,양산시상수도,259545.0,88.0,0.0,88.0,88.0,100,0.0,100,0.03
307,2020,거제시상수도,174117.0,12608.0,0.0,0.0,0.0,0,12608.0,0,0
308,2020,밀양시상수도,103525.0,265.0,263.0,2.0,265.0,0.75,0.0,100,0.26
309,2020,김해시상수도,520589.0,97.0,0.0,97.0,97.0,100,0.0,100,0.02
310,2020,사천시상수도,105418.0,1561.0,0.0,0.0,0.0,0,1561.0,0,0
311,2020,통영시상수도,63697.0,552.0,0.0,0.0,0.0,0,552.0,0,0
312,2020,진주시상수도,255658.0,565.0,0.0,0.0,0.0,0,565.0,0,0
313,2020,창원시상수도,666784.0,1468.0,1407.0,61.0,1468.0,4.16,0.0,100,0.22
314,2020,경산시상수도,279266.0,5878.0,5868.0,10.0,5878.0,0.17,0.0,100,2.1
315,2020,문경시상수도,117956.0,543.0,0.0,0.0,0.0,0,543.0,0,0
316,2020,상주시상수도,238105.0,99.0,95.0,4.0,99.0,4.04,0.0,100,0.04
317,2020,칠곡군상수도,96868.0,8.0,0.0,0.0,0.0,0,8.0,0,0
318,2020,울진군상수도,217906.0,944.0,0.0,0.0,0.0,0,944.0,0,0
319,2020,영천시상수도,250248.0,393.0,173.0,220.0,393.0,55.98,0.0,100,0.16
320,2020,영주시상수도,0.0,0.0,0.0,0.0,0.0,0,0.0,0,0
321,2020,구미시상수도,221995.0,4009.0,3858.0,151.0,4009.0,3.77,0.0,100,1.81
322,2020,안동시상수도,363874.0,71.0,0.0,0.0,0.0,0,71.0,0,0
323,2020,김천시상수도,145990.0,81.0,25.0,56.0,81.0,69.14,0.0,100,0.06
324,2020,경주시상수도,224438.0,10131.0,5960.0,4171.0,10131.0,41.17,0.0,100,4.51
325,2020,포항시상수도,302945.0,1349.0,0.0,0.0,0.0,0,1349.0,0,0
326,2020,영암군상수도,129822.0,0.0,0.0,0.0,0.0,0,0.0,0,0
327,2020,광양시상수도,121488.0,0.0,0.0,0.0,0.0,0,0.0,0,0
328,2020,나주시상수도,125284.0,15436.0,0.0,0.0,0.0,0,15436.0,0,0
329,2020,순천시상수도,218610.0,204.0,149.0,55.0,204.0,26.96,0.0,100,0.09
330,2020,여수시상수도,0.0,0.0,0.0,0.0,0.0,0,0.0,0,0
331,2020,목포시상수도,138447.0,375.0,0.0,0.0,0.0,0,375.0,0,0
332,2020,고창군상수도,80703.0,85.0,38.0,47.0,85.0,55.29,0.0,100,0.11
333,2020,완주군상수도,24171.0,53.0,0.0,53.0,53.0,100,0.0,100,0.22
334,2020,김제시상수도,99336.0,872.0,0.0,0.0,0.0,0,872.0,0,0
335,2020,남원시상수도,121140.0,834.0,834.0,0.0,834.0,0,0.0,100,0.69
336,2020,정읍시상수도,93100.0,12832.0,0.0,0.0,0.0,0,12832.0,0,0
337,2020,익산시상수도,153517.0,240.0,239.0,1.0,240.0,0.42,0.0,100,0.16
338,2020,군산시상수도,225996.0,5650.0,0.0,0.0,0.0,0,5650.0,0,0
339,2020,전주시상수도,356501.0,14636.0,0.0,0.0,0.0,0,14636.0,0,0
340,2020,홍성군상수도,140500.0,584.0,0.0,584.0,584.0,100,0.0,100,0.42
341,2020,당진시상수도,212003.0,630.0,0.0,0.0,0.0,0,630.0,0,0
342,2020,예산군상수도,62621.0,0.0,0.0,0.0,0.0,0,0.0,0,0
343,2020,논산시상수도,143713.0,0.0,0.0,0.0,0.0,0,0.0,0,0
344,2020,서산시상수도,198530.0,59.0,32.0,27.0,59.0,45.76,0.0,100,0.03
345,2020,아산시상수도,276785.0,259.0,0.0,0.0,0.0,0,259.0,0,0
346,2020,보령시상수도,151999.0,126.0,0.0,0.0,0.0,0,126.0,0,0
347,2020,공주시상수도,147794.0,1924.0,1814.0,110.0,1924.0,5.72,0.0,100,1.3
348,2020,천안시상수도,428452.0,1467.0,1176.0,291.0,1467.0,19.84,0.0,100,0.34
349,2020,옥천군상수도,121575.0,44.0,0.0,44.0,44.0,100,0.0,100,0.04
350,2020,제천시상수도,164958.0,560.0,0.0,0.0,0.0,0,560.0,0,0
351,2020,충주시상수도,0.0,0.0,0.0,0.0,0.0,0,0.0,0,0
352,2020,청주시상수도,650059.0,7265.0,0.0,1118.0,1118.0,100,6147.0,15.39,0.17
353,2020,고성군상수도,0.0,0.0,0.0,0.0,0.0,0,0.0,0,0
354,2020,철원군상수도,128128.0,19.0,0.0,19.0,19.0,100,0.0,100,0.01
355,2020,정선군상수도,68926.0,0.0,0.0,0.0,0.0,0,0.0,0,0
356,2020,홍천군상수도,189081.0,174.0,0.0,0.0,0.0,0,174.0,0,0
357,2020,삼척시상수도,141789.0,0.0,0.0,0.0,0.0,0,0.0,0,0
358,2020,속초시상수도,96004.0,497.0,461.0,36.0,497.0,7.24,0.0,100,0.52
359,2020,태백시상수도,94775.0,332.0,149.0,183.0,332.0,55.12,0.0,100,0.35
360,2020,동해시상수도,73260.0,840.0,763.0,77.0,840.0,9.17,0.0,100,1.15
361,2020,강릉시상수도,212549.0,1081.0,0.0,0.0,0.0,0,1081.0,0,0
362,2020,원주시상수도,238613.0,104.0,0.0,0.0,0.0,0,104.0,0,0
363,2020,춘천시상수도,273435.0,7495.0,0.0,0.0,0.0,0,7495.0,0,0
364,2020,인제군상수도,179871.0,1784.0,24.0,1760.0,1784.0,98.65,0.0,100,0.99
365,2020,평창군상수도,273118.0,4.0,0.0,4.0,4.0,100,0.0,100,0
366,2020,영월군상수도,131249.0,57.0,0.0,57.0,57.0,100,0.0,100,0.04
367,2020,가평군상수도,126145.0,1502.0,829.0,673.0,1502.0,44.81,0.0,100,1.19
368,2020,여주시상수도,171458.0,215.0,0.0,0.0,0.0,0,215.0,0,0
369,2020,양평군상수도,173457.0,396.0,0.0,0.0,0.0,0,396.0,0,0
370,2020,포천시상수도,177822.0,145.0,0.0,105.0,105.0,100,40.0,72.41,0.06
371,2020,안성시상수도,226179.0,123.0,0.0,0.0,0.0,0,123.0,0,0
372,2020,연천군상수도,213258.0,109.0,0.0,109.0,109.0,100,0.0,100,0.05
373,2020,광주시상수도,398309.0,90.0,57.0,33.0,90.0,36.67,0.0,100,0.02
374,2020,화성시상수도,656784.0,24562.0,24376.0,186.0,24562.0,0.76,0.0,100,3.74
375,2020,이천시상수도,270205.0,725.0,0.0,0.0,0.0,0,725.0,0,0
376,2020,파주시상수도,369689.0,154.0,0.0,0.0,0.0,0,154.0,0,0
377,2020,용인시상수도,544997.0,4128.0,0.0,0.0,0.0,0,4128.0,0,0
378,2020,하남시상수도,205126.0,17.0,0.0,0.0,0.0,0,17.0,0,0
379,2020,양주시상수도,241330.0,49.0,0.0,49.0,49.0,100,0.0,100,0.02
380,2020,의왕시상수도,114372.0,76.0,40.0,0.0,40.0,0,36.0,52.63,0.03
381,2020,군포시상수도,162313.0,687.0,139.0,548.0,687.0,79.77,0.0,100,0.42
382,2020,시흥시상수도,270717.0,107.0,44.0,63.0,107.0,58.88,0.0,100,0.04
383,2020,오산시상수도,90648.7,574.62,0.0,0.0,0.0,0,574.62,0,0
384,2020,남양주시상수도,338439.0,1392.0,0.0,0.0,0.0,0,1392.0,0,0
385,2020,평택시상수도,701508.0,5240.0,0.0,0.0,0.0,0,5240.0,0,0
386,2020,김포시상수도,431913.0,450.0,0.0,0.0,0.0,0,450.0,0,0
387,2020,구리시상수도,116264.0,404.0,0.0,0.0,0.0,0,404.0,0,0
388,2020,과천시상수도,55391.0,155.0,151.0,4.0,155.0,2.58,0.0,100,0.28
389,2020,고양시상수도,279740.0,3218.0,0.0,0.0,0.0,0,3218.0,0,0
390,2020,안산시상수도,443114.0,1042.0,0.0,0.0,0.0,0,1042.0,0,0
391,2020,동두천시상수도,176978.0,41038.0,0.0,0.0,0.0,0,41038.0,0,0
392,2020,광명시상수도,110839.0,4269.0,0.0,0.0,0.0,0,4269.0,0,0
393,2020,부천시상수도,368970.0,4162.0,0.0,0.0,0.0,0,4162.0,0,0
394,2020,안양시상수도,296671.0,1337.0,0.0,0.0,0.0,0,1337.0,0,0
395,2020,의정부시상수도,163703.0,5.0,0.0,5.0,5.0,100,0.0,100,0
396,2020,성남시상수도,480384.0,1697.0,0.0,0.0,0.0,0,1697.0,0,0
397,2020,수원시상수도,443300.0,2761.0,0.0,0.0,0.0,0,2761.0,0,0
398,2020,울산광역시상수도,718632.0,7280.0,6500.0,16.0,6516.0,0.25,764.0,89.51,0.91
399,2020,대전광역시상수도,821944.0,22352.0,0.0,0.0,0.0,0,22352.0,0,0
400,2020,광주광역시상수도,781725.0,8811.0,3200.0,0.0,3200.0,0,5611.0,36.32,0.41
401,2020,인천광역시상수도,1746794.0,13065.0,0.0,0.0,0.0,0,13065.0,0,0
402,2020,대구광역시상수도,1432531.0,34278.0,12018.0,1431.0,13449.0,10.64,20829.0,39.24,0.94
403,2020,부산광역시상수도,2170707.0,30538.0,0.0,0.0,0.0,0,30538.0,0,0
404,2020,서울특별시상수도,5186632.0,119926.0,0.0,0.0,0.0,0,119926.0,0,0
1,2021,양주도시공사,5905.0,605.0,0.0,0.0,0.0,0,605.0,0,0
2,2021,단양관광공사,0.0,603.0,0.0,0.0,0.0,0,603.0,0,0
3,2021,전남광주통합특별시 서구시설관리공단,0.0,0.0,0.0,0.0,0.0,0,0.0,0,0
4,2021,전남광주통합특별시북구시설관리공단,0.0,0.0,0.0,0.0,0.0,0,0.0,0,0
5,2021,김천시시설관리공단,0.0,0.0,0.0,0.0,0.0,0,0.0,0,0
6,2021,예산군하수도,204345.0,0.0,0.0,0.0,0.0,0,0.0,0,0
7,2021,평창군시설관리공단,0.0,0.0,0.0,0.0,0.0,0,0.0,0,0
8,2021,금산군하수도,122188.0,25141.0,22699.0,2442.0,25141.0,9.71,0.0,100,20.58
9,2021,서울물재생시설공단,0.0,0.0,0.0,0.0,0.0,0,0.0,0,0
10,2021,경기교통공사,102400.0,86370.0,0.0,435.0,435.0,100,85935.0,0.5,0.42
11,2021,원주시시설관리공단,928.0,628.0,0.0,0.0,0.0,0,628.0,0,0
12,2021,김포도시공사,175160.0,8993.0,0.0,0.0,0.0,0,8993.0,0,0
13,2021,파주도시공사,32917.0,349.0,0.0,0.0,0.0,0,349.0,0,0
14,2021,영천시시설관리공단,0.0,0.0,0.0,0.0,0.0,0,0.0,0,0
15,2021,과천도시공사,328993.0,141997.0,50000.0,0.0,50000.0,0,91997.0,35.21,15.2
16,2021,울산광역시북구시설관리공단,239.0,89.0,0.0,89.0,89.0,100,0.0,100,37.24
17,2021,포천도시공사,29177.0,1742.0,0.0,0.0,0.0,0,1742.0,0,0
18,2021,안양도시공사,95304.0,649.0,0.0,0.0,0.0,0,649.0,0,0
19,2021,예천군하수도,0.0,0.0,0.0,0.0,0.0,0,0.0,0,0
20,2021,예천군상수도,133899.0,16.0,0.0,0.0,0.0,0,16.0,0,0
21,2021,고성군하수도,97385.0,0.0,0.0,0.0,0.0,0,0.0,0,0
22,2021,고성군상수도,62843.0,0.0,0.0,0.0,0.0,0,0.0,0,0
23,2021,세종도시교통공사,46041.0,21455.0,0.0,0.0,0.0,0,21455.0,0,0
24,2021,사천시시설관리공단,1160.0,859.0,20.0,839.0,859.0,97.67,0.0,100,74.05
25,2021,제주특별자치도공영버스,0.0,0.0,0.0,0.0,0.0,0,0.0,0,0
26,2021,서울특별시하수도,7034397.0,7437.0,0.0,0.0,0.0,0,7437.0,0,0
27,2021,경주시시설관리공단,356.0,256.0,0.0,256.0,256.0,100,0.0,100,71.91
28,2021,인천광역시연수구시설안전관리공단,838.0,338.0,0.0,0.0,0.0,0,338.0,0,0
29,2021,서울교통공사,1.5084048E7,6607232.0,3396832.0,201516.0,3598348.0,5.6,3008884.0,54.46,23.86
30,2021,태안군하수도,121411.0,0.0,0.0,0.0,0.0,0,0.0,0,0
31,2021,태안군상수도,182988.0,0.0,0.0,0.0,0.0,0,0.0,0,0
32,2021,김제시하수도,217768.0,74723.0,68642.0,6081.0,74723.0,8.14,0.0,100,34.31
33,2021,부여군하수도,151499.0,0.0,0.0,0.0,0.0,0,0.0,0,0
34,2021,하남시하수도,293030.0,212.0,112.0,100.0,212.0,47.17,0.0,100,0.07
35,2021,서울에너지공사,501607.0,170298.0,86758.0,2749.0,89507.0,3.07,80791.0,52.56,17.84
36,2021,충주시시설관리공단,0.0,0.0,0.0,0.0,0.0,0,0.0,0,0
37,2021,세종특별자치시시설관리공단,3596.0,2596.0,0.0,0.0,0.0,0,2596.0,0,0
38,2021,밀양시시설관리공단,641.0,341.0,224.0,117.0,341.0,34.31,0.0,100,53.2
39,2021,군산시하수도,523691.0,57767.0,0.0,0.0,0.0,0,57767.0,0,0
40,2021,홍성군하수도,121207.0,56733.0,0.0,0.0,0.0,0,56733.0,0,0
41,2021,동해시하수도,145275.0,0.47,0.0,0.47,0.47,100,0.0,100,0
42,2021,원주시하수도,491950.0,87066.0,80234.0,6832.0,87066.0,7.85,0.0,100,17.7
43,2021,양주시하수도,468444.0,12.0,0.0,12.0,12.0,100,0.0,100,0
44,2021,서천군상수도,96421.0,884.0,0.0,0.0,0.0,0,884.0,0,0
45,2021,부여군상수도,111443.0,646.0,0.0,0.0,0.0,0,646.0,0,0
46,2021,금산군상수도,84599.0,553.0,0.0,553.0,553.0,100,0.0,100,0.65
47,2021,인천관광공사,68529.0,14871.0,0.0,0.0,0.0,0,14871.0,0,0
48,2021,광명도시공사,26129.0,997.0,0.0,0.0,0.0,0,997.0,0,0
49,2021,영덕군하수도,93875.0,22823.0,20174.0,2649.0,22823.0,11.61,0.0,100,24.31
50,2021,문경시하수도,175334.0,74858.0,68881.0,5808.0,74689.0,7.78,169.0,99.77,42.6
51,2021,논산시하수도,361176.0,20205.0,0.0,0.0,0.0,0,20205.0,0,0
52,2021,과천시지식정보타운조성사업,0.0,0.0,0.0,0.0,0.0,0,0.0,0,0
53,2021,아산시시설관리공단,1464.0,664.0,0.0,0.0,0.0,0,664.0,0,0
54,2021,장수한우지방공사,8493.0,1618.0,0.0,0.0,0.0,0,1618.0,0,0
55,2021,광주광역시광산구시설관리공단,1152.0,952.0,0.0,0.0,0.0,0,952.0,0,0
56,2021,대구광역시달성군시설관리공단,1535.0,1235.0,0.0,0.0,0.0,0,1235.0,0,0
57,2021,김해시도시개발공사,133026.0,54613.0,15106.0,20272.0,35378.0,57.3,19235.0,64.78,26.59
58,2021,합천군상수도,0.0,0.0,0.0,0.0,0.0,0,0.0,0,0
59,2021,성남도시개발공사,137692.0,22097.0,0.0,0.0,0.0,0,22097.0,0,0
60,2021,부여군시설관리공단,512.0,212.0,0.0,0.0,0.0,0,212.0,0,0
61,2021,세종특별자치시하수도,984380.0,1643.0,1075.0,568.0,1643.0,34.57,0.0,100,0.17
62,2021,진천군하수도,157746.0,29015.0,25759.0,3256.0,29015.0,11.22,0.0,100,18.39
63,2021,진천군상수도,96901.0,87.0,72.0,15.0,87.0,17.24,0.0,100,0.09
64,2021,울산광역시중구도시관리공단,335.0,235.0,0.0,0.0,0.0,0,235.0,0,0
65,2021,이천시시설관리공단,584.0,174.0,0.0,0.0,0.0,0,174.0,0,0
66,2021,부산관광공사,14321.0,2389.0,0.0,0.0,0.0,0,2389.0,0,0
67,2021,구리도시공사,56362.0,4275.0,0.0,1200.0,1200.0,100,3075.0,28.07,2.13
68,2021,경상북도문화관광공사,449835.0,113175.0,77863.0,9733.0,87596.0,11.11,25579.0,77.4,19.47
69,2021,제주에너지공사,162214.0,18219.0,10625.0,5312.0,15937.0,33.33,2282.0,87.47,9.82
70,2021,광양시하수도,355098.0,20.0,0.0,0.0,0.0,0,20.0,0,0
71,2021,세종특별자치시상수도,404552.0,82708.0,80460.0,2248.0,82708.0,2.72,0.0,100,20.44
72,2021,여수시하수도,394282.0,0.0,0.0,0.0,0.0,0,0.0,0,0
73,2021,옥천군하수도,155677.0,14224.0,12381.0,1843.0,14224.0,12.96,0.0,100,9.14
74,2021,남원시하수도,239616.0,541.0,541.0,0.0,541.0,0,0.0,100,0.23
75,2021,영광군하수도,114212.0,0.0,0.0,0.0,0.0,0,0.0,0,0
76,2021,영광군상수도,98006.0,0.0,0.0,0.0,0.0,0,0.0,0,0
77,2021,거제해양관광개발공사,57711.0,5630.0,3600.0,1200.0,4800.0,25,830.0,85.26,8.32
78,2021,대전관광공사,257087.0,39825.0,0.0,0.0,0.0,0,39825.0,0,0
79,2021,양평군하수도,355279.0,129.0,0.0,0.0,0.0,0,129.0,0,0
80,2021,천안시시설관리공단(폐지),2649.0,1649.0,0.0,0.0,0.0,0,1649.0,0,0
81,2021,여주도시관리공단(폐지),461.0,261.0,0.0,0.0,0.0,0,261.0,0,0
82,2021,영월군시설관리공단,180.0,80.0,0.0,0.0,0.0,0,80.0,0,0
83,2021,계룡시하수도,60917.0,20802.0,18459.0,2343.0,20802.0,11.26,0.0,100,34.15
84,2021,의왕도시공사,147628.0,2191.0,0.0,0.0,0.0,0,2191.0,0,0
85,2021,고양도시관리공사,292474.0,81372.0,42542.0,0.0,42542.0,0,38830.0,52.28,14.55
86,2021,양양군상수도,81942.0,229.0,189.0,40.0,229.0,17.47,0.0,100,0.28
87,2021,계룡시상수도,48458.0,379.0,0.0,379.0,379.0,100,0.0,100,0.78
88,2021,증평군하수도,100578.0,13520.0,0.0,0.0,0.0,0,13520.0,0,0
89,2021,고양시하수도,766914.0,1594.0,1269.0,325.0,1594.0,20.39,0.0,100,0.21
90,2021,음성군하수도,207991.0,30666.0,27601.0,3065.0,30666.0,9.99,0.0,100,14.74
91,2021,김천시하수도,79970.0,169.0,0.0,169.0,169.0,100,0.0,100,0.21
92,2021,화순군하수도,129760.0,0.0,0.0,0.0,0.0,0,0.0,0,0
93,2021,화순군상수도,162170.0,175.0,156.0,19.0,175.0,10.86,0.0,100,0.11
94,2021,영동군상수도,140563.0,317.0,0.0,0.0,0.0,0,317.0,0,0
95,2021,포항시시설관리공단,581.0,381.0,0.0,0.0,0.0,0,381.0,0,0
96,2021,춘천도시공사,31293.0,7300.0,0.0,0.0,0.0,0,7300.0,0,0
97,2021,이천시하수도,172841.0,32.0,23.0,9.0,32.0,28.13,0.0,100,0.02
98,2021,강릉관광개발공사,11476.0,1841.0,0.0,0.0,0.0,0,1841.0,0,0
99,2021,보령시시설관리공단,1291.0,991.0,0.0,0.0,0.0,0,991.0,0,0
100,2021,당진도시공사,4020.0,296.0,0.0,0.0,0.0,0,296.0,0,0
101,2021,연천군하수도,321856.0,385.0,1.0,384.0,385.0,99.74,0.0,100,0.12
102,2021,칠곡군하수도,301053.0,67427.0,61860.0,5567.0,67427.0,8.26,0.0,100,22.4
103,2021,의령친환경골프장관리사업소,8150.0,34.0,0.0,34.0,34.0,100,0.0,100,0.42
104,2021,경기도고덕국제화계획지구조성사업,142926.0,141658.0,0.0,0.0,0.0,0,141658.0,0,0
105,2021,인천광역시제물포구시설관리공단,794.0,335.0,0.0,0.0,0.0,0,335.0,0,0
106,2021,여수시도시관리공단,5743.0,5278.0,0.0,0.0,0.0,0,5278.0,0,0
107,2021,단양군상수도,0.0,0.0,0.0,0.0,0.0,0,0.0,0,0
108,2021,영덕군상수도,65180.0,925.0,594.0,331.0,925.0,35.78,0.0,100,1.42
109,2021,양산시시설관리공단,433.0,233.0,0.0,0.0,0.0,0,233.0,0,0
110,2021,동두천시하수도,127187.0,17.0,0.0,0.0,0.0,0,17.0,0,0
111,2021,부산광역시기장군도시관리공단,1058.0,558.0,0.0,0.0,0.0,0,558.0,0,0
112,2021,함안지방공사,10696.0,2407.0,0.0,0.0,0.0,0,2407.0,0,0
113,2021,의성군상수도,242064.0,0.0,0.0,0.0,0.0,0,0.0,0,0
114,2021,안산도시공사,234887.0,28080.0,0.0,9542.0,9542.0,100,18538.0,33.98,4.06
115,2021,파주시하수도,811438.0,134487.0,0.0,0.0,0.0,0,134487.0,0,0
116,2021,포항시하수도,992660.0,321534.0,304564.0,16970.0,321534.0,5.28,0.0,100,32.39
117,2021,보령시하수도,189590.0,26949.0,24560.0,2389.0,26949.0,8.86,0.0,100,14.21
118,2021,제주관광공사,39421.0,19036.0,12033.0,600.0,12633.0,4.75,6403.0,66.36,32.05
119,2021,울주군시설관리공단,589.0,489.0,0.0,0.0,0.0,0,489.0,0,0
120,2021,양평공사,2835.0,1870.0,0.0,0.0,0.0,0,1870.0,0,0
121,2021,당진시하수도,333172.0,29228.0,0.0,0.0,0.0,0,29228.0,0,0
122,2021,평택도시공사,1413973.0,912583.0,150000.0,510000.0,660000.0,77.27,252583.0,72.32,46.68
123,2021,강화군시설관리공단,2176.0,1208.0,0.0,0.0,0.0,0,1208.0,0,0
124,2021,군포도시공사,32418.0,1088.0,0.0,0.0,0.0,0,1088.0,0,0
125,2021,전주시시설관리공단,1661.0,1661.0,793.0,0.0,793.0,0,868.0,47.74,47.74
126,2021,화성도시공사,216125.0,48567.0,0.0,0.0,0.0,0,48567.0,0,0
127,2021,화성시하수도,616873.0,28.0,0.0,28.0,28.0,100,0.0,100,0
128,2021,울산광역시남구도시관리공단,209.0,59.0,0.0,0.0,0.0,0,59.0,0,0
129,2021,강릉시하수도,370164.0,47073.0,0.0,0.0,0.0,0,47073.0,0,0
130,2021,인천경제자유구역청,2.4223518E7,386820.0,0.0,0.0,0.0,0,386820.0,0,0
131,2021,거제시하수도,352389.0,362.0,0.0,0.0,0.0,0,362.0,0,0
132,2021,노원구시설관리공단,1547.0,1097.0,0.0,0.0,0.0,0,1097.0,0,0
133,2021,남양주도시공사,179248.0,96699.0,0.0,0.0,0.0,0,96699.0,0,0
134,2021,중구시설관리공단,750.0,1070.0,0.0,0.0,0.0,0,1070.0,0,0
135,2021,함안군상수도,119402.0,306.0,178.0,128.0,306.0,41.83,0.0,100,0.26
136,2021,양주시시설관리공단(폐지),5905.0,605.0,0.0,0.0,0.0,0,605.0,0,0
137,2021,통영관광개발공사,37263.0,1012.0,0.0,0.0,0.0,0,1012.0,0,0
138,2021,영양고추유통공사,42365.0,24961.0,0.0,23900.0,23900.0,100,1061.0,95.75,56.41
139,2021,음성군상수도,124407.0,21.0,0.0,0.0,0.0,0,21.0,0,0
140,2021,울산광역시도시공사,567538.0,286820.0,136640.0,498.0,137138.0,0.36,149682.0,47.81,24.16
141,2021,문경관광진흥공단(폐지),304.0,204.0,0.0,0.0,0.0,0,204.0,0,0
142,2021,부안군상수도,57645.0,438.0,0.0,0.0,0.0,0,438.0,0,0
143,2021,관악구시설관리공단,1299.0,599.0,0.0,0.0,0.0,0,599.0,0,0
144,2021,안동시시설관리공단,627.0,427.0,0.0,0.0,0.0,0,427.0,0,0
145,2021,인천환경공단,12022.0,10522.0,0.0,0.0,0.0,0,10522.0,0,0
146,2021,제천시하수도,353687.0,100495.0,93399.0,7096.0,100495.0,7.06,0.0,100,28.41
147,2021,은평구시설관리공단,749.0,249.0,0.0,0.0,0.0,0,249.0,0,0
148,2021,충주시하수도,402086.0,65377.0,60216.0,5161.0,65377.0,7.89,0.0,100,16.26
149,2021,충청남도개발공사,1001572.0,441881.0,220113.0,66782.0,286895.0,23.28,154986.0,64.93,28.64
150,2021,창원레포츠파크,1313.0,712.0,0.0,0.0,0.0,0,712.0,0,0
151,2021,부산지방공단스포원(부산시설공단 통합),15149.0,15149.0,0.0,0.0,0.0,0,15149.0,0,0
152,2021,광주환경공단,4043.0,3543.0,0.0,0.0,0.0,0,3543.0,0,0
153,2021,대구공공시설관리공단,591841.0,6772.0,0.0,0.0,0.0,0,6772.0,0,0
154,2021,부산환경공단,13406.0,13406.0,0.0,0.0,0.0,0,13406.0,0,0
155,2021,창원시설공단,7888.0,5888.0,0.0,0.0,0.0,0,5888.0,0,0
156,2021,구미시설공단(폐지),3850.0,3349.0,0.0,0.0,0.0,0,3349.0,0,0
157,2021,청주시시설관리공단,1473.0,960.0,0.0,0.0,0.0,0,960.0,0,0
158,2021,정선군시설관리공단,113.0,13.0,0.0,0.0,0.0,0,13.0,0,0
159,2021,동해시시설관리공단,1173.0,652.0,0.0,0.0,0.0,0,652.0,0,0
160,2021,속초시시설관리공단,0.0,0.0,0.0,0.0,0.0,0,0.0,0,0
161,2021,연천군시설관리공단,442.0,232.0,0.0,0.0,0.0,0,232.0,0,0
162,2021,가평군시설관리공단,1124.0,924.0,0.0,0.0,0.0,0,924.0,0,0
163,2021,의정부시시설관리공단(폐지),8266.0,6266.0,0.0,0.0,0.0,0,6266.0,0,0
164,2021,오산시시설관리공단(폐지),255.0,55.0,0.0,0.0,0.0,0,55.0,0,0
165,2021,안성시시설관리공단,2487.0,2437.0,0.0,0.0,0.0,0,2437.0,0,0
166,2021,시흥도시공사,236396.0,70757.0,29900.0,0.0,29900.0,0,40857.0,42.26,12.65
167,2021,부천도시공사,137874.0,37252.0,0.0,0.0,0.0,0,37252.0,0,0
168,2021,수원도시공사,85810.0,11582.0,0.0,0.0,0.0,0,11582.0,0,0
169,2021,울산시설공단,1638.0,1068.0,0.0,0.0,0.0,0,1068.0,0,0
170,2021,대전광역시시설관리공단,9274.0,7063.0,0.0,0.0,0.0,0,7063.0,0,0
171,2021,인천광역시서구시설관리공단,1661.0,961.0,0.0,0.0,0.0,0,961.0,0,0
172,2021,인천광역시계양구시설관리공단,780.0,355.0,0.0,0.0,0.0,0,355.0,0,0
173,2021,인천광역시부평구시설관리공단,1535.0,1135.0,0.0,0.0,0.0,0,1135.0,0,0
174,2021,남동구도시관리공단,773.0,373.0,0.0,0.0,0.0,0,373.0,0,0
175,2021,인천광역시미추홀구시설관리공단,931.0,431.0,0.0,0.0,0.0,0,431.0,0,0
176,2021,인천시설공단,21180.0,10599.0,0.0,0.0,0.0,0,10599.0,0,0
177,2021,대구시설공단(대구공공시설관리공단 통합),19790.0,6502.0,0.0,0.0,0.0,0,6502.0,0,0
178,2021,부산시설공단,59676.0,52510.0,0.0,0.0,0.0,0,52510.0,0,0
179,2021,중랑구시설관리공단,817.0,567.0,0.0,0.0,0.0,0,567.0,0,0
180,2021,종로구시설관리공단,1816.0,957.0,0.0,0.0,0.0,0,957.0,0,0
181,2021,용산구시설관리공단,1229.0,729.0,0.0,0.0,0.0,0,729.0,0,0
182,2021,영등포구시설관리공단,2814.0,861.0,0.0,0.0,0.0,0,861.0,0,0
183,2021,양천구시설관리공단,1661.0,661.0,0.0,0.0,0.0,0,661.0,0,0
184,2021,송파구시설관리공단,0.0,0.0,0.0,0.0,0.0,0,0.0,0,0
185,2021,성북구도시관리공단,2383.0,1983.0,0.0,0.0,0.0,0,1983.0,0,0
186,2021,성동구도시관리공단,1671.0,1071.0,0.0,0.0,0.0,0,1071.0,0,0
187,2021,서대문구도시관리공단,1273.0,593.0,0.0,0.0,0.0,0,593.0,0,0
188,2021,마포구시설관리공단,2580.0,1780.0,0.0,0.0,0.0,0,1780.0,0,0
189,2021,동작구시설관리공단,1185.0,485.0,0.0,0.0,0.0,0,485.0,0,0
190,2021,동대문구시설관리공단,1394.0,594.0,0.0,0.0,0.0,0,594.0,0,0
191,2021,도봉구시설관리공단,1414.0,914.0,0.0,0.0,0.0,0,914.0,0,0
192,2021,금천구시설관리공단,1027.0,527.0,0.0,0.0,0.0,0,527.0,0,0
193,2021,구로구시설관리공단,1178.0,678.0,0.0,0.0,0.0,0,678.0,0,0
194,2021,광진구시설관리공단,879.0,479.0,0.0,0.0,0.0,0,479.0,0,0
195,2021,강서구시설관리공단,1962.0,962.0,0.0,0.0,0.0,0,962.0,0,0
196,2021,강북구도시관리공단,717.0,457.0,0.0,457.0,457.0,100,0.0,100,63.74
197,2021,강동구도시관리공단,1865.0,1265.0,0.0,0.0,0.0,0,1265.0,0,0
198,2021,강남구도시관리공단,2092.0,892.0,0.0,0.0,0.0,0,892.0,0,0
199,2021,서울시설공단,215665.0,186577.0,0.0,0.0,0.0,0,186577.0,0,0
200,2021,창녕군시설관리공단,2038.0,1581.0,0.0,0.0,0.0,0,1581.0,0,0
201,2021,청도공영사업공사,3921.0,0.0,0.0,0.0,0.0,0,0.0,0,0
202,2021,하남도시공사,614517.0,272354.0,26305.0,207726.0,234031.0,88.76,38323.0,85.93,38.08
203,2021,용인도시공사,303365.0,174173.0,5154.0,0.0,5154.0,0,169019.0,2.96,1.7
204,2021,경기평택항만공사,113201.0,12609.0,0.0,0.0,0.0,0,12609.0,0,0
205,2021,광주도시관리공사,67188.0,33552.0,0.0,0.0,0.0,0,33552.0,0,0
206,2021,경기관광공사,115383.0,7918.0,0.0,0.0,0.0,0,7918.0,0,0
207,2021,구리농수산물공사,200069.0,12612.0,0.0,0.0,0.0,0,12612.0,0,0
208,2021,광주광역시 관광공사,140253.0,1909.0,0.0,0.0,0.0,0,1909.0,0,0
209,2021,서울특별시농수산식품공사,1110281.0,147394.0,40455.0,13172.0,53627.0,24.56,93767.0,36.38,4.83
210,2021,제주특별자치도개발공사,690599.0,165665.0,61857.0,0.0,61857.0,0,103808.0,37.34,8.96
211,2021,경남개발공사,1115858.0,658966.0,292278.0,74168.0,366446.0,20.24,292520.0,55.61,32.84
212,2021,경상북도개발공사,1085825.0,248623.0,52335.0,4422.0,56757.0,7.79,191866.0,22.83,5.23
213,2021,전남개발공사,1063333.0,369704.0,235962.0,50000.0,285962.0,17.48,83742.0,77.35,26.89
214,2021,전북개발공사,719377.0,379324.0,140634.0,0.0,140634.0,0,238690.0,37.07,19.55
215,2021,충북개발공사,703643.0,403032.0,97407.0,97842.0,195249.0,50.11,207783.0,48.45,27.75
216,2021,강원개발공사,1408035.0,1267573.0,716012.0,23130.0,739142.0,3.13,528431.0,58.31,52.49
217,2021,경기주택도시공사,1.0677561E7,6036755.0,1160368.0,708.0,1161076.0,0.06,4875679.0,19.23,10.87
218,2021,대전도시공사,1048806.0,594496.0,314877.0,59989.0,374866.0,16,219630.0,63.06,35.74
219,2021,광주광역시도시공사,1094408.0,649903.0,399672.0,18552.0,418224.0,4.44,231679.0,64.35,38.21
220,2021,인천도시공사,8803009.0,5912500.0,2840188.0,1362372.0,4202560.0,32.42,1709940.0,71.08,47.74
221,2021,대구도시개발공사,1920148.0,1225572.0,230594.0,464369.0,694963.0,66.82,530609.0,56.71,36.19
222,2021,부산도시공사,2961407.0,1036616.0,593118.0,100000.0,693118.0,14.43,343498.0,66.86,23.41
223,2021,서울주택도시개발공사,2.7148162E7,1.7634093E7,5296292.0,207943.0,5504235.0,3.78,1.2129858E7,31.21,20.27
224,2021,대전교통공사,1431437.0,43953.0,0.0,0.0,0.0,0,43953.0,0,0
225,2021,광주교통공사,1153330.0,46608.0,0.0,0.0,0.0,0,46608.0,0,0
226,2021,인천교통공사,4394844.0,297044.0,117900.0,0.0,117900.0,0,179144.0,39.69,2.68
227,2021,대구교통공사,4325098.0,607466.0,190535.0,151343.0,341878.0,44.27,265588.0,56.28,7.9
228,2021,부산교통공사,4137498.0,1264980.0,613200.0,180000.0,793200.0,22.69,471780.0,62.7,19.17
229,2021,진주시공영개발,203246.0,4195.0,0.0,4195.0,4195.0,100,0.0,100,2.06
230,2021,창원시주택건설사업,71613.0,33708.0,0.0,0.0,0.0,0,33708.0,0,0
231,2021,광양시공영개발,131067.0,0.0,0.0,0.0,0.0,0,0.0,0,0
232,2021,순천시공영개발,67269.0,0.0,0.0,0.0,0.0,0,0.0,0,0
233,2021,목포시공영개발,111063.0,1068.0,0.0,0.0,0.0,0,1068.0,0,0
234,2021,익산시공영개발,181466.0,31744.0,0.0,0.0,0.0,0,31744.0,0,0
235,2021,계룡시공영개발,44467.0,0.0,0.0,0.0,0.0,0,0.0,0,0
236,2021,세종특별자치시공영개발,157568.0,4425.0,2025.0,2400.0,4425.0,54.24,0.0,100,2.81
237,2021,아산시공영개발,4350.0,0.0,0.0,0.0,0.0,0,0.0,0,0
238,2021,천안시공영개발,131185.0,29.0,0.0,0.0,0.0,0,29.0,0,0
239,2021,음성군공영개발,57440.0,15071.0,0.0,0.0,0.0,0,15071.0,0,0
240,2021,충주시공영개발,0.0,0.0,0.0,0.0,0.0,0,0.0,0,0
241,2021,강릉시공영개발,80324.0,1200.0,0.0,1200.0,1200.0,100,0.0,100,1.49
242,2021,원주시공영개발,133271.0,11082.0,0.0,11082.0,11082.0,100,0.0,100,8.32
243,2021,춘천시공영개발,276221.0,0.0,0.0,0.0,0.0,0,0.0,0,0
244,2021,경기도판교테크노밸리조성사업,473460.0,37.0,0.0,0.0,0.0,0,37.0,0,0
245,2021,안성시공영개발,76905.0,1895.0,0.0,0.0,0.0,0,1895.0,0,0
246,2021,의왕시공영개발,0.0,0.0,0.0,0.0,0.0,0,0.0,0,0
247,2021,시흥시공영개발,0.0,0.0,0.0,0.0,0.0,0,0.0,0,0
248,2021,의정부시공영개발,0.0,0.0,0.0,0.0,0.0,0,0.0,0,0
249,2021,성남시공영개발,125863.0,7729.0,0.0,0.0,0.0,0,7729.0,0,0
250,2021,제주특별자치도하수도,1684666.0,520276.0,476745.0,43531.0,520276.0,8.37,0.0,100,30.88
251,2021,창녕군하수도,194162.0,0.0,0.0,0.0,0.0,0,0.0,0,0
252,2021,양산시하수도,413018.0,60671.0,60663.0,8.0,60671.0,0.01,0.0,100,14.69
253,2021,밀양시하수도,363969.0,1.0,0.0,1.0,1.0,100,0.0,100,0
254,2021,통영시하수도,115231.0,65246.0,0.0,0.0,0.0,0,65246.0,0,0
255,2021,거창군하수도,166137.0,21114.0,0.0,0.0,0.0,0,21114.0,0,0
256,2021,사천시하수도,0.0,0.0,0.0,0.0,0.0,0,0.0,0,0
257,2021,김해시하수도,0.0,0.0,0.0,0.0,0.0,0,0.0,0,0
258,2021,진주시하수도,541237.0,129836.0,0.0,0.0,0.0,0,129836.0,0,0
259,2021,창원시하수도,748764.0,88292.0,0.0,0.0,0.0,0,88292.0,0,0
260,2021,영주시하수도,182717.0,98246.0,0.0,0.0,0.0,0,98246.0,0,0
261,2021,상주시하수도,11393.0,82374.0,73961.0,8413.0,82374.0,10.21,0.0,100,723.02
262,2021,경산시하수도,233756.0,0.0,0.0,0.0,0.0,0,0.0,0,0
263,2021,영천시하수도,271652.0,160.0,0.0,0.0,0.0,0,160.0,0,0
264,2021,안동시하수도,360196.0,9.0,0.0,0.0,0.0,0,9.0,0,0
265,2021,구미시하수도,720910.0,47724.0,47703.0,21.0,47724.0,0.04,0.0,100,6.62
266,2021,경주시하수도,386566.0,119097.0,108115.0,10982.0,119097.0,9.22,0.0,100,30.81
267,2021,영암군하수도,226593.0,0.0,0.0,0.0,0.0,0,0.0,0,0
268,2021,나주시하수도,233877.0,41777.0,0.0,0.0,0.0,0,41777.0,0,0
269,2021,순천시하수도,498406.0,64854.0,59905.0,4949.0,64854.0,7.63,0.0,100,13.01
270,2021,목포시하수도,457994.0,92951.0,0.0,0.0,0.0,0,92951.0,0,0
271,2021,정읍시하수도,193381.0,24101.0,0.0,36.0,36.0,100,24065.0,0.15,0.02
272,2021,익산시하수도,423600.0,99133.0,0.0,0.0,0.0,0,99133.0,0,0
273,2021,완주군하수도,30952.0,0.0,0.0,0.0,0.0,0,0.0,0,0
274,2021,전주시하수도,630973.0,76117.0,0.0,0.0,0.0,0,76117.0,0,0
275,2021,서산시하수도,345391.0,56922.0,52385.0,4537.0,56922.0,7.97,0.0,100,16.48
276,2021,아산시하수도,579209.0,53180.0,47366.0,5814.0,53180.0,10.93,0.0,100,9.18
277,2021,천안시하수도,761728.0,118945.0,108574.0,10371.0,118945.0,8.72,0.0,100,15.62
278,2021,공주시하수도,281626.0,14056.0,7047.0,7009.0,14056.0,49.86,0.0,100,4.99
279,2021,청주시하수도,887346.0,18839.0,16836.0,2003.0,18839.0,10.63,0.0,100,2.12
280,2021,속초시하수도,163190.0,5366.0,5348.0,18.0,5366.0,0.34,0.0,100,3.29
281,2021,춘천시하수도,520214.0,88114.0,82318.0,5796.0,88114.0,6.58,0.0,100,16.94
282,2021,가평군하수도,333770.0,108.0,84.0,24.0,108.0,22.22,0.0,100,0.03
283,2021,김포시하수도,414608.0,143506.0,0.0,0.0,0.0,0,143506.0,0,0
284,2021,안양시하수도,806049.0,9516.0,0.0,0.0,0.0,0,9516.0,0,0
285,2021,평택시하수도,955464.0,107694.0,100318.0,7376.0,107694.0,6.85,0.0,100,11.27
286,2021,광주시하수도,598051.0,491.0,378.0,113.0,491.0,23.01,0.0,100,0.08
287,2021,안성시하수도,367957.0,48195.0,0.0,0.0,0.0,0,48195.0,0,0
288,2021,남양주시하수도,632563.0,599.0,0.0,0.0,0.0,0,599.0,0,0
289,2021,의왕시하수도,125572.0,1555.0,362.0,1193.0,1555.0,76.72,0.0,100,1.24
290,2021,용인시하수도,1264357.0,108764.0,0.0,0.0,0.0,0,108764.0,0,0
291,2021,군포시하수도,108125.0,209.0,0.0,19.0,19.0,100,190.0,9.09,0.02
292,2021,여주시하수도,157988.0,143.0,0.0,143.0,143.0,100,0.0,100,0.09
293,2021,오산시하수도,298076.0,52.0,0.0,0.0,0.0,0,52.0,0,0
294,2021,포천시하수도,512926.0,9.0,0.0,9.0,9.0,100,0.0,100,0
295,2021,시흥시하수도,492004.0,66170.0,40152.0,26018.0,66170.0,39.32,0.0,100,13.45
296,2021,구리시하수도,305056.0,316.0,0.0,0.0,0.0,0,316.0,0,0
297,2021,성남시하수도,413421.0,1255.0,0.0,0.0,0.0,0,1255.0,0,0
298,2021,과천시하수도,45758.0,6954.0,0.0,0.0,0.0,0,6954.0,0,0
299,2021,안산시하수도,484249.0,1461.0,0.0,317.0,317.0,100,1144.0,21.7,0.07
300,2021,부천시하수도,909759.0,599.0,558.0,41.0,599.0,6.84,0.0,100,0.07
301,2021,광명시하수도,84652.0,681.0,0.0,0.0,0.0,0,681.0,0,0
302,2021,의정부시하수도,345957.0,2.0,0.0,2.0,2.0,100,0.0,100,0
303,2021,수원시하수도,784002.0,1987.0,1392.0,595.0,1987.0,29.94,0.0,100,0.25
304,2021,울산광역시하수도,1048601.0,151386.0,138499.0,12887.0,151386.0,8.51,0.0,100,14.44
305,2021,대전광역시하수도,778707.0,170066.0,0.0,0.0,0.0,0,170066.0,0,0
306,2021,광주광역시하수도,998888.0,176046.0,163108.0,12938.0,176046.0,7.35,0.0,100,17.62
307,2021,인천광역시하수도,1474762.0,95846.0,75340.0,16737.0,92077.0,18.18,3769.0,96.07,6.24
308,2021,대구광역시하수도,2009594.0,256039.0,0.0,0.0,0.0,0,256039.0,0,0
309,2021,부산광역시하수도,3049914.0,493039.0,471664.0,21375.0,493039.0,4.34,0.0,100,16.17
310,2021,제주특별자치도상수도,742272.0,89907.0,71010.0,18897.0,89907.0,21.02,0.0,100,12.11
311,2021,거창군상수도,100384.0,74.0,73.0,1.0,74.0,1.35,0.0,100,0.07
312,2021,창녕군상수도,99445.0,336.0,0.0,0.0,0.0,0,336.0,0,0
313,2021,양산시상수도,256541.0,110.0,0.0,110.0,110.0,100,0.0,100,0.04
314,2021,거제시상수도,187802.0,11886.0,0.0,0.0,0.0,0,11886.0,0,0
315,2021,밀양시상수도,133896.0,309.0,306.0,3.0,309.0,0.97,0.0,100,0.23
316,2021,김해시상수도,540439.0,53.0,0.0,53.0,53.0,100,0.0,100,0.01
317,2021,사천시상수도,111807.0,440.0,0.0,0.0,0.0,0,440.0,0,0
318,2021,통영시상수도,64923.0,0.0,0.0,0.0,0.0,0,0.0,0,0
319,2021,진주시상수도,272138.0,611.0,0.0,0.0,0.0,0,611.0,0,0
320,2021,창원시상수도,675897.0,1928.0,1818.0,110.0,1928.0,5.71,0.0,100,0.29
321,2021,경산시상수도,280069.0,5878.0,5868.0,10.0,5878.0,0.17,0.0,100,2.1
322,2021,문경시상수도,143818.0,647.0,0.0,0.0,0.0,0,647.0,0,0
323,2021,상주시상수도,280587.0,112.0,107.0,5.0,112.0,4.46,0.0,100,0.04
324,2021,칠곡군상수도,101558.0,0.0,0.0,0.0,0.0,0,0.0,0,0
325,2021,울진군상수도,220153.0,159.0,0.0,0.0,0.0,0,159.0,0,0
326,2021,영천시상수도,0.0,0.0,0.0,0.0,0.0,0,0.0,0,0
327,2021,영주시상수도,181459.0,931.0,930.0,1.0,931.0,0.11,0.0,100,0.51
328,2021,구미시상수도,230334.0,3803.0,3664.0,139.0,3803.0,3.66,0.0,100,1.65
329,2021,안동시상수도,395048.0,72.0,0.0,0.0,0.0,0,72.0,0,0
330,2021,김천시상수도,164909.0,89.0,29.0,60.0,89.0,67.42,0.0,100,0.05
331,2021,경주시상수도,248182.0,168.0,0.0,168.0,168.0,100,0.0,100,0.07
332,2021,포항시상수도,322964.0,1799.0,0.0,0.0,0.0,0,1799.0,0,0
333,2021,영암군상수도,145096.0,0.0,0.0,0.0,0.0,0,0.0,0,0
334,2021,광양시상수도,145795.0,0.0,0.0,0.0,0.0,0,0.0,0,0
335,2021,나주시상수도,137190.0,11428.0,0.0,0.0,0.0,0,11428.0,0,0
336,2021,순천시상수도,234725.0,159.0,103.0,56.0,159.0,35.22,0.0,100,0.07
337,2021,여수시상수도,0.0,0.0,0.0,0.0,0.0,0,0.0,0,0
338,2021,목포시상수도,143804.0,546.0,0.0,0.0,0.0,0,546.0,0,0
339,2021,고창군상수도,89960.0,181.0,31.0,150.0,181.0,82.87,0.0,100,0.2
340,2021,완주군상수도,24880.0,63.0,0.0,63.0,63.0,100,0.0,100,0.25
341,2021,김제시상수도,109348.0,943.0,0.0,0.0,0.0,0,943.0,0,0
342,2021,남원시상수도,0.0,0.0,0.0,0.0,0.0,0,0.0,0,0
343,2021,정읍시상수도,97628.0,11793.0,0.0,807.0,807.0,100,10986.0,6.84,0.83
344,2021,익산시상수도,170702.0,300.0,299.0,1.0,300.0,0.33,0.0,100,0.18
345,2021,군산시상수도,259748.0,1696.0,0.0,0.0,0.0,0,1696.0,0,0
346,2021,전주시상수도,374022.0,15900.0,0.0,0.0,0.0,0,15900.0,0,0
347,2021,홍성군상수도,143631.0,101.0,101.0,0.0,101.0,0,0.0,100,0.07
348,2021,당진시상수도,225199.0,1151.0,0.0,0.0,0.0,0,1151.0,0,0
349,2021,예산군상수도,74987.0,0.0,0.0,0.0,0.0,0,0.0,0,0
350,2021,논산시상수도,169865.0,0.0,0.0,0.0,0.0,0,0.0,0,0
351,2021,서산시상수도,204700.0,59.0,27.0,32.0,59.0,54.24,0.0,100,0.03
352,2021,아산시상수도,291762.0,426.0,0.0,0.0,0.0,0,426.0,0,0
353,2021,보령시상수도,187983.0,6425.0,0.0,0.0,0.0,0,6425.0,0,0
354,2021,공주시상수도,153549.0,1067.0,905.0,162.0,1067.0,15.18,0.0,100,0.69
355,2021,천안시상수도,466332.0,3207.0,1247.0,1960.0,3207.0,61.12,0.0,100,0.69
356,2021,옥천군상수도,133681.0,20.0,0.0,20.0,20.0,100,0.0,100,0.01
357,2021,제천시상수도,183633.0,649.0,0.0,0.0,0.0,0,649.0,0,0
358,2021,충주시상수도,0.0,0.0,0.0,0.0,0.0,0,0.0,0,0
359,2021,청주시상수도,698565.0,6588.0,0.0,0.0,0.0,0,6588.0,0,0
360,2021,고성군상수도,0.0,4000.0,4000.0,0.0,4000.0,0,0.0,100,0
361,2021,철원군상수도,138901.0,643.0,0.0,643.0,643.0,100,0.0,100,0.46
362,2021,정선군상수도,82998.0,0.0,0.0,0.0,0.0,0,0.0,0,0
363,2021,홍천군상수도,204815.0,210.0,0.0,0.0,0.0,0,210.0,0,0
364,2021,삼척시상수도,158307.0,0.0,0.0,0.0,0.0,0,0.0,0,0
365,2021,속초시상수도,118208.0,547.0,511.0,36.0,547.0,6.58,0.0,100,0.46
366,2021,태백시상수도,111614.0,287.0,25.0,262.0,287.0,91.29,0.0,100,0.26
367,2021,동해시상수도,82027.0,866.0,802.0,64.0,866.0,7.39,0.0,100,1.06
368,2021,강릉시상수도,237192.0,1167.0,0.0,0.0,0.0,0,1167.0,0,0
369,2021,원주시상수도,274153.0,1189.0,0.0,0.0,0.0,0,1189.0,0,0
370,2021,춘천시상수도,322373.0,7999.0,7301.0,698.0,7999.0,8.73,0.0,100,2.48
371,2021,인제군상수도,197233.0,3649.0,24.0,3625.0,3649.0,99.34,0.0,100,1.85
372,2021,평창군상수도,276988.0,1.0,0.0,1.0,1.0,100,0.0,100,0
373,2021,영월군상수도,140669.0,64.0,0.0,64.0,64.0,100,0.0,100,0.05
374,2021,가평군상수도,135119.0,937.0,866.0,71.0,937.0,7.58,0.0,100,0.69
375,2021,여주시상수도,194760.0,1661.0,0.0,0.0,0.0,0,1661.0,0,0
376,2021,양평군상수도,216044.0,1412.0,0.0,0.0,0.0,0,1412.0,0,0
377,2021,포천시상수도,195407.0,116.0,0.0,72.0,72.0,100,44.0,62.07,0.04
378,2021,안성시상수도,232523.0,30.0,0.0,0.0,0.0,0,30.0,0,0
379,2021,연천군상수도,229974.0,200.0,0.0,200.0,200.0,100,0.0,100,0.09
380,2021,광주시상수도,422080.0,107.0,62.0,45.0,107.0,42.06,0.0,100,0.03
381,2021,화성시상수도,685270.0,4832.0,3552.0,1280.0,4832.0,26.49,0.0,100,0.71
382,2021,이천시상수도,292001.0,7750.0,493.0,7257.0,7750.0,93.64,0.0,100,2.65
383,2021,파주시상수도,385933.0,589.0,0.0,0.0,0.0,0,589.0,0,0
384,2021,용인시상수도,556953.0,5772.0,0.0,0.0,0.0,0,5772.0,0,0
385,2021,하남시상수도,0.0,0.0,0.0,0.0,0.0,0,0.0,0,0
386,2021,양주시상수도,251223.0,38.0,0.0,38.0,38.0,100,0.0,100,0.02
387,2021,의왕시상수도,120064.0,39.0,9.0,0.0,9.0,0,30.0,23.08,0.01
388,2021,군포시상수도,175882.0,671.0,110.0,561.0,671.0,83.61,0.0,100,0.38
389,2021,시흥시상수도,273551.0,169.0,44.0,125.0,169.0,73.96,0.0,100,0.06
390,2021,오산시상수도,94012.0,551.0,0.0,0.0,0.0,0,551.0,0,0
391,2021,남양주시상수도,340914.0,888.0,0.0,0.0,0.0,0,888.0,0,0
392,2021,평택시상수도,780844.0,4078.0,0.0,0.0,0.0,0,4078.0,0,0
393,2021,김포시상수도,500118.0,854.0,0.0,0.0,0.0,0,854.0,0,0
394,2021,구리시상수도,113597.0,356.0,0.0,0.0,0.0,0,356.0,0,0
395,2021,과천시상수도,56170.0,219.0,0.0,219.0,219.0,100,0.0,100,0.39
396,2021,고양시상수도,280509.0,3272.0,0.0,0.0,0.0,0,3272.0,0,0
397,2021,안산시상수도,440308.0,1024.0,0.0,0.0,0.0,0,1024.0,0,0
398,2021,동두천시상수도,170933.0,33619.0,0.0,0.0,0.0,0,33619.0,0,0
399,2021,광명시상수도,119712.0,2129.0,0.0,0.0,0.0,0,2129.0,0,0
400,2021,부천시상수도,372531.0,4395.0,0.0,0.0,0.0,0,4395.0,0,0
401,2021,안양시상수도,315287.0,1362.0,0.0,0.0,0.0,0,1362.0,0,0
402,2021,의정부시상수도,153195.0,2.0,0.0,2.0,2.0,100,0.0,100,0
403,2021,성남시상수도,471467.0,1491.0,0.0,0.0,0.0,0,1491.0,0,0
404,2021,수원시상수도,436346.0,2653.0,0.0,0.0,0.0,0,2653.0,0,0
405,2021,울산광역시상수도,756499.0,28218.0,27500.0,15.0,27515.0,0.05,703.0,97.51,3.64
406,2021,대전광역시상수도,869125.0,34454.0,0.0,0.0,0.0,0,34454.0,0,0
407,2021,광주광역시상수도,812207.0,9478.0,2880.0,0.0,2880.0,0,6598.0,30.39,0.35
408,2021,인천광역시상수도,1776542.0,15307.0,0.0,0.0,0.0,0,15307.0,0,0
409,2021,대구광역시상수도,1487115.0,62250.0,41208.0,810.0,42018.0,1.93,20232.0,67.5,2.83
410,2021,부산광역시상수도,2240134.0,46301.0,0.0,0.0,0.0,0,46301.0,0,0
411,2021,서울특별시상수도,5125699.0,119005.0,0.0,0.0,0.0,0,119005.0,0,0
1,2022,부산광역시남구시설관리공단,2261.0,1761.0,0.0,0.0,0.0,0,1761.0,0,0
2,2022,양주도시공사,11428.0,1156.0,0.0,0.0,0.0,0,1156.0,0,0
3,2022,합천군시설관리공단,0.0,0.0,0.0,0.0,0.0,0,0.0,0,0
4,2022,단양관광공사,0.0,591.0,0.0,0.0,0.0,0,591.0,0,0
5,2022,전남광주통합특별시 서구시설관리공단,0.0,0.0,0.0,0.0,0.0,0,0.0,0,0
6,2022,전남광주통합특별시북구시설관리공단,1560.0,1410.0,0.0,1410.0,1410.0,100,0.0,100,90.38
7,2022,김천시시설관리공단,0.0,0.0,0.0,0.0,0.0,0,0.0,0,0
8,2022,예산군하수도,211335.0,0.0,0.0,0.0,0.0,0,0.0,0,0
9,2022,평창군시설관리공단,0.0,0.0,0.0,0.0,0.0,0,0.0,0,0
10,2022,금산군하수도,120365.0,22694.0,20191.0,2503.0,22694.0,11.03,0.0,100,18.85
11,2022,서울물재생시설공단,0.0,0.0,0.0,0.0,0.0,0,0.0,0,0
12,2022,경기교통공사,32548.0,19487.0,0.0,0.0,0.0,0,19487.0,0,0
13,2022,원주시시설관리공단,1122.0,822.0,0.0,0.0,0.0,0,822.0,0,0
14,2022,김포도시공사,178579.0,10122.0,0.0,0.0,0.0,0,10122.0,0,0
15,2022,파주도시공사,35953.0,2827.0,0.0,0.0,0.0,0,2827.0,0,0
16,2022,영천시시설관리공단,1674.0,1174.0,0.0,0.0,0.0,0,1174.0,0,0
17,2022,과천도시공사,522136.0,333302.0,60000.0,170000.0,230000.0,73.91,103302.0,69.01,44.05
18,2022,울산광역시북구시설관리공단,233.0,83.0,0.0,83.0,83.0,100,0.0,100,35.62
19,2022,포천도시공사,32565.0,4875.0,0.0,0.0,0.0,0,4875.0,0,0
20,2022,안양도시공사,95036.0,786.0,0.0,0.0,0.0,0,786.0,0,0
21,2022,예천군하수도,0.0,0.0,0.0,0.0,0.0,0,0.0,0,0
22,2022,예천군상수도,138010.0,18.0,0.0,0.0,0.0,0,18.0,0,0
23,2022,고성군하수도,110838.0,0.0,0.0,0.0,0.0,0,0.0,0,0
24,2022,고성군상수도,77318.0,0.0,0.0,0.0,0.0,0,0.0,0,0
25,2022,세종도시교통공사,58335.0,28795.0,0.0,0.0,0.0,0,28795.0,0,0
26,2022,사천시시설관리공단,1762.0,1462.0,389.0,1073.0,1462.0,73.39,0.0,100,82.97
27,2022,제주특별자치도공영버스,0.0,0.0,0.0,0.0,0.0,0,0.0,0,0
28,2022,서울특별시하수도,7082670.0,3791.0,0.0,0.0,0.0,0,3791.0,0,0
29,2022,경주시시설관리공단,303.0,203.0,0.0,203.0,203.0,100,0.0,100,67
30,2022,인천광역시연수구시설안전관리공단,954.0,454.0,0.0,0.0,0.0,0,454.0,0,0
31,2022,서울교통공사,1.5422679E7,6556960.0,2877255.0,661034.0,3538289.0,18.68,3018671.0,53.96,22.94
32,2022,태안군하수도,114381.0,0.0,0.0,0.0,0.0,0,0.0,0,0
33,2022,태안군상수도,169648.0,0.0,0.0,0.0,0.0,0,0.0,0,0
34,2022,김제시하수도,212289.0,68721.0,62466.0,6255.0,68721.0,9.1,0.0,100,32.37
35,2022,부여군하수도,162191.0,105.0,0.0,0.0,0.0,0,105.0,0,0
36,2022,하남시하수도,283972.0,117.0,101.0,16.0,117.0,13.68,0.0,100,0.04
37,2022,서울에너지공사,534537.0,307277.0,170553.0,11413.0,181966.0,6.27,125311.0,59.22,34.04
38,2022,충주시시설관리공단,0.0,0.0,0.0,0.0,0.0,0,0.0,0,0
39,2022,세종특별자치시시설관리공단,3761.0,2761.0,0.0,0.0,0.0,0,2761.0,0,0
40,2022,밀양시시설관리공단,900.0,600.0,163.0,437.0,600.0,72.83,0.0,100,66.67
41,2022,군산시하수도,526646.0,53284.0,0.0,0.0,0.0,0,53284.0,0,0
42,2022,홍성군하수도,126241.0,52826.0,0.0,0.0,0.0,0,52826.0,0,0
43,2022,동해시하수도,143772.0,16.0,0.0,16.0,16.0,100,0.0,100,0.01
44,2022,원주시하수도,499385.0,80414.0,73914.0,6500.0,80414.0,8.08,0.0,100,16.1
45,2022,양주시하수도,471179.0,690.0,0.0,690.0,690.0,100,0.0,100,0.15
46,2022,서천군상수도,102659.0,1073.0,0.0,0.0,0.0,0,1073.0,0,0
47,2022,부여군상수도,129187.0,600.0,0.0,0.0,0.0,0,600.0,0,0
48,2022,금산군상수도,92136.0,288.0,0.0,288.0,288.0,100,0.0,100,0.31
49,2022,인천관광공사,70345.0,14025.0,0.0,0.0,0.0,0,14025.0,0,0
50,2022,광명도시공사,25680.0,680.0,0.0,0.0,0.0,0,680.0,0,0
51,2022,영덕군하수도,91101.0,20187.0,17462.0,2725.0,20187.0,13.5,0.0,100,22.16
52,2022,문경시하수도,175741.0,69040.0,63075.0,5794.0,68869.0,8.41,171.0,99.75,39.19
53,2022,논산시하수도,355498.0,19232.0,0.0,0.0,0.0,0,19232.0,0,0
54,2022,과천시지식정보타운조성사업,138326.0,79.0,0.0,79.0,79.0,100,0.0,100,0.06
55,2022,아산시시설관리공단,1699.0,899.0,0.0,0.0,0.0,0,899.0,0,0
56,2022,장수한우지방공사,8980.0,1917.0,0.0,0.0,0.0,0,1917.0,0,0
57,2022,광주광역시광산구시설관리공단,1483.0,1283.0,0.0,0.0,0.0,0,1283.0,0,0
58,2022,대구광역시달성군시설관리공단,1394.0,1094.0,0.0,0.0,0.0,0,1094.0,0,0
59,2022,김해시도시개발공사,119455.0,36187.0,15000.0,15106.0,30106.0,50.18,6081.0,83.2,25.2
60,2022,합천군상수도,0.0,0.0,0.0,0.0,0.0,0,0.0,0,0
61,2022,성남도시개발공사,135950.0,18860.0,0.0,0.0,0.0,0,18860.0,0,0
62,2022,부여군시설관리공단,658.0,358.0,0.0,0.0,0.0,0,358.0,0,0
63,2022,세종특별자치시하수도,966480.0,7390.0,6833.0,557.0,7390.0,7.54,0.0,100,0.76
64,2022,진천군하수도,173546.0,25801.0,22409.0,3392.0,25801.0,13.15,0.0,100,14.87
65,2022,진천군상수도,108420.0,174.0,80.0,94.0,174.0,54.02,0.0,100,0.16
66,2022,울산광역시중구도시관리공단,313.0,213.0,0.0,0.0,0.0,0,213.0,0,0
67,2022,이천시시설관리공단,624.0,214.0,0.0,0.0,0.0,0,214.0,0,0
68,2022,부산관광공사,15499.0,4843.0,0.0,0.0,0.0,0,4843.0,0,0
69,2022,구리도시공사,130735.0,10275.0,0.0,1600.0,1600.0,100,8675.0,15.57,1.22
70,2022,경상북도문화관광공사,405527.0,58304.0,37019.0,5288.0,42307.0,12.5,15997.0,72.56,10.43
71,2022,제주에너지공사,165105.0,14879.0,5312.0,5312.0,10624.0,50,4255.0,71.4,6.43
72,2022,광양시하수도,358574.0,14.0,0.0,0.0,0.0,0,14.0,0,0
73,2022,세종특별자치시상수도,409369.0,116816.0,111871.0,4945.0,116816.0,4.23,0.0,100,28.54
74,2022,여수시하수도,399382.0,0.0,0.0,0.0,0.0,0,0.0,0,0
75,2022,옥천군하수도,159007.0,12751.0,10908.0,1843.0,12751.0,14.45,0.0,100,8.02
76,2022,남원시하수도,254715.0,609.0,609.0,0.0,609.0,0,0.0,100,0.24
77,2022,영광군하수도,125579.0,0.0,0.0,0.0,0.0,0,0.0,0,0
78,2022,영광군상수도,105432.0,0.0,0.0,0.0,0.0,0,0.0,0,0
79,2022,거제해양관광개발공사,53768.0,4317.0,2300.0,1300.0,3600.0,36.11,717.0,83.39,6.7
80,2022,대전관광공사,257522.0,31833.0,0.0,0.0,0.0,0,31833.0,0,0
81,2022,양평군하수도,384557.0,234.0,0.0,0.0,0.0,0,234.0,0,0
82,2022,천안시시설관리공단(폐지),2260.0,1260.0,0.0,0.0,0.0,0,1260.0,0,0
83,2022,여주도시관리공단(폐지),526.0,326.0,0.0,0.0,0.0,0,326.0,0,0
84,2022,영월군시설관리공단,577.0,477.0,0.0,0.0,0.0,0,477.0,0,0
85,2022,계룡시하수도,60494.0,18459.0,16057.0,2402.0,18459.0,13.01,0.0,100,30.51
86,2022,의왕도시공사,172509.0,23609.0,0.0,0.0,0.0,0,23609.0,0,0
87,2022,고양도시관리공사,626809.0,161119.0,57460.0,59966.0,117426.0,51.07,43693.0,72.88,18.73
88,2022,양양군상수도,92438.0,550.0,199.0,351.0,550.0,63.82,0.0,100,0.59
89,2022,계룡시상수도,48357.0,170.0,0.0,170.0,170.0,100,0.0,100,0.35
90,2022,증평군하수도,101876.0,12050.0,0.0,0.0,0.0,0,12050.0,0,0
91,2022,고양시하수도,769572.0,1508.0,1456.0,52.0,1508.0,3.45,0.0,100,0.2
92,2022,음성군하수도,211288.0,27619.0,24433.0,3186.0,27619.0,11.54,0.0,100,13.07
93,2022,김천시하수도,79781.0,30.0,0.0,30.0,30.0,100,0.0,100,0.04
94,2022,화순군하수도,140743.0,0.0,0.0,0.0,0.0,0,0.0,0,0
95,2022,화순군상수도,161105.0,116.0,94.0,22.0,116.0,18.97,0.0,100,0.07
96,2022,영동군상수도,153395.0,333.0,0.0,0.0,0.0,0,333.0,0,0
97,2022,포항시시설관리공단,734.0,534.0,0.0,0.0,0.0,0,534.0,0,0
98,2022,춘천도시공사,34428.0,10044.0,0.0,0.0,0.0,0,10044.0,0,0
99,2022,이천시하수도,180824.0,44.0,36.0,8.0,44.0,18.18,0.0,100,0.02
100,2022,강릉관광개발공사,11886.0,2541.0,0.0,0.0,0.0,0,2541.0,0,0
101,2022,보령시시설관리공단,1290.0,990.0,0.0,0.0,0.0,0,990.0,0,0
102,2022,당진도시공사,4245.0,523.0,0.0,0.0,0.0,0,523.0,0,0
103,2022,연천군하수도,333606.0,21.0,0.0,21.0,21.0,100,0.0,100,0.01
104,2022,칠곡군하수도,299599.0,61860.0,56133.0,5727.0,61860.0,9.26,0.0,100,20.65
105,2022,의령친환경골프장관리사업소,8148.0,18.0,0.0,18.0,18.0,100,0.0,100,0.22
106,2022,경기도고덕국제화계획지구조성사업,144329.0,143004.0,0.0,0.0,0.0,0,143004.0,0,0
107,2022,인천광역시제물포구시설관리공단,836.0,377.0,0.0,0.0,0.0,0,377.0,0,0
108,2022,여수시도시관리공단,940.0,475.0,0.0,0.0,0.0,0,475.0,0,0
109,2022,단양군상수도,48472.0,1134.0,1134.0,0.0,1134.0,0,0.0,100,2.34
110,2022,영덕군상수도,67033.0,1111.0,813.0,298.0,1111.0,26.82,0.0,100,1.66
111,2022,양산시시설관리공단,492.0,292.0,0.0,0.0,0.0,0,292.0,0,0
112,2022,동두천시하수도,133042.0,20.0,0.0,0.0,0.0,0,20.0,0,0
113,2022,부산광역시기장군도시관리공단,1184.0,684.0,0.0,0.0,0.0,0,684.0,0,0
114,2022,함안지방공사,9912.0,762.0,0.0,0.0,0.0,0,762.0,0,0
115,2022,의성군상수도,224897.0,0.0,0.0,0.0,0.0,0,0.0,0,0
116,2022,안산도시공사,294287.0,85001.0,0.0,8345.0,8345.0,100,76656.0,9.82,2.84
117,2022,파주시하수도,839913.0,125085.0,0.0,0.0,0.0,0,125085.0,0,0
118,2022,포항시하수도,1006488.0,304555.0,285719.0,18836.0,304555.0,6.18,0.0,100,30.26
119,2022,보령시하수도,214622.0,24685.0,22221.0,2464.0,24685.0,9.98,0.0,100,11.5
120,2022,제주관광공사,41997.0,17211.0,10233.0,1800.0,12033.0,14.96,5178.0,69.91,28.65
121,2022,울주군시설관리공단,549.0,449.0,0.0,0.0,0.0,0,449.0,0,0
122,2022,양평공사,3760.0,1658.0,0.0,0.0,0.0,0,1658.0,0,0
123,2022,당진시하수도,343850.0,26278.0,0.0,0.0,0.0,0,26278.0,0,0
124,2022,평택도시공사,1494657.0,945866.0,171117.0,510000.0,681117.0,74.88,264749.0,72.01,45.57
125,2022,강화군시설관리공단,1250.0,282.0,0.0,0.0,0.0,0,282.0,0,0
126,2022,군포도시공사,32375.0,1132.0,0.0,0.0,0.0,0,1132.0,0,0
127,2022,전주시시설관리공단,1559.0,766.0,0.0,0.0,0.0,0,766.0,0,0
128,2022,화성도시공사,228818.0,59837.0,0.0,0.0,0.0,0,59837.0,0,0
129,2022,화성시하수도,746651.0,157.0,0.0,157.0,157.0,100,0.0,100,0.02
130,2022,울산광역시남구도시관리공단,221.0,71.0,0.0,0.0,0.0,0,71.0,0,0
131,2022,강릉시하수도,376290.0,42539.0,0.0,0.0,0.0,0,42539.0,0,0
132,2022,인천경제자유구역청,2.4335825E7,274116.0,0.0,0.0,0.0,0,274116.0,0,0
133,2022,거제시하수도,424279.0,14492.0,0.0,0.0,0.0,0,14492.0,0,0
134,2022,노원구시설관리공단,2047.0,1597.0,0.0,1597.0,1597.0,100,0.0,100,78.02
135,2022,남양주도시공사,174962.0,92215.0,0.0,0.0,0.0,0,92215.0,0,0
136,2022,중구시설관리공단,750.0,3158.0,0.0,0.0,0.0,0,3158.0,0,0
137,2022,함안군상수도,127035.0,578.0,206.0,372.0,578.0,64.36,0.0,100,0.45
138,2022,통영관광개발공사,37457.0,922.0,0.0,0.0,0.0,0,922.0,0,0
139,2022,영양고추유통공사,42504.0,24930.0,0.0,17600.0,17600.0,100,7330.0,70.6,41.41
140,2022,음성군상수도,141617.0,25.0,0.0,0.0,0.0,0,25.0,0,0
141,2022,울산광역시도시공사,669152.0,383549.0,114219.0,48397.0,162616.0,29.76,220933.0,42.4,24.3
142,2022,문경관광진흥공단(폐지),397.0,297.0,0.0,0.0,0.0,0,297.0,0,0
143,2022,부안군상수도,61435.0,434.0,0.0,0.0,0.0,0,434.0,0,0
144,2022,관악구시설관리공단,1422.0,722.0,0.0,0.0,0.0,0,722.0,0,0
145,2022,안동시시설관리공단,649.0,449.0,0.0,0.0,0.0,0,449.0,0,0
146,2022,인천환경공단,13035.0,7035.0,0.0,0.0,0.0,0,7035.0,0,0
147,2022,제천시하수도,279980.0,89205.0,82379.0,6826.0,89205.0,7.65,0.0,100,31.86
148,2022,은평구시설관리공단,825.0,325.0,0.0,0.0,0.0,0,325.0,0,0
149,2022,충주시하수도,411728.0,59882.0,54292.0,5590.0,59882.0,9.34,0.0,100,14.54
150,2022,충청남도개발공사,1041346.0,455361.0,141452.0,133486.0,274938.0,48.55,180423.0,60.38,26.4
151,2022,창원레포츠파크,1149.0,547.0,0.0,0.0,0.0,0,547.0,0,0
152,2022,부산지방공단스포원(부산시설공단 통합),17370.0,17370.0,0.0,0.0,0.0,0,17370.0,0,0
153,2022,광주환경공단,5161.0,4661.0,0.0,0.0,0.0,0,4661.0,0,0
154,2022,대구공공시설관리공단,618446.0,19632.0,0.0,0.0,0.0,0,19632.0,0,0
155,2022,부산환경공단,11738.0,11738.0,0.0,0.0,0.0,0,11738.0,0,0
156,2022,창원시설공단,5369.0,3369.0,0.0,0.0,0.0,0,3369.0,0,0
157,2022,구미시설공단(폐지),4192.0,3691.0,0.0,0.0,0.0,0,3691.0,0,0
158,2022,청주시시설관리공단,2308.0,1808.0,0.0,0.0,0.0,0,1808.0,0,0
159,2022,정선군시설관리공단,121.0,21.0,0.0,0.0,0.0,0,21.0,0,0
160,2022,동해시시설관리공단,1259.0,738.0,0.0,0.0,0.0,0,738.0,0,0
161,2022,속초시시설관리공단,0.0,0.0,0.0,0.0,0.0,0,0.0,0,0
162,2022,연천군시설관리공단,459.0,249.0,0.0,0.0,0.0,0,249.0,0,0
163,2022,가평군시설관리공단,1979.0,1779.0,0.0,0.0,0.0,0,1779.0,0,0
164,2022,의정부시시설관리공단(폐지),8074.0,6074.0,0.0,0.0,0.0,0,6074.0,0,0
165,2022,오산시시설관리공단(폐지),348.0,148.0,0.0,0.0,0.0,0,148.0,0,0
166,2022,안성시시설관리공단,3163.0,3113.0,0.0,0.0,0.0,0,3113.0,0,0
167,2022,시흥도시공사,234885.0,65079.0,6465.0,29900.0,36365.0,82.22,28714.0,55.88,15.48
168,2022,부천도시공사,161438.0,61755.0,0.0,13000.0,13000.0,100,48755.0,21.05,8.05
169,2022,수원도시공사,116074.0,43427.0,0.0,0.0,0.0,0,43427.0,0,0
170,2022,울산시설공단,3085.0,2515.0,0.0,0.0,0.0,0,2515.0,0,0
171,2022,대전광역시시설관리공단,8219.0,5980.0,0.0,0.0,0.0,0,5980.0,0,0
172,2022,인천광역시서구시설관리공단,2022.0,1022.0,0.0,0.0,0.0,0,1022.0,0,0
173,2022,인천광역시계양구시설관리공단,802.0,377.0,0.0,0.0,0.0,0,377.0,0,0
174,2022,인천광역시부평구시설관리공단,1075.0,675.0,0.0,0.0,0.0,0,675.0,0,0
175,2022,남동구도시관리공단,770.0,370.0,0.0,0.0,0.0,0,370.0,0,0
176,2022,인천광역시미추홀구시설관리공단,970.0,470.0,0.0,0.0,0.0,0,470.0,0,0
177,2022,인천시설공단,24215.0,13634.0,0.0,0.0,0.0,0,13634.0,0,0
178,2022,부산시설공단,46303.0,39114.0,0.0,0.0,0.0,0,39114.0,0,0
179,2022,중랑구시설관리공단,834.0,584.0,0.0,0.0,0.0,0,584.0,0,0
180,2022,종로구시설관리공단,1938.0,1079.0,0.0,0.0,0.0,0,1079.0,0,0
181,2022,용산구시설관리공단,1420.0,920.0,0.0,0.0,0.0,0,920.0,0,0
182,2022,영등포구시설관리공단,3179.0,1226.0,0.0,0.0,0.0,0,1226.0,0,0
183,2022,양천구시설관리공단,1661.0,661.0,0.0,0.0,0.0,0,661.0,0,0
184,2022,송파구시설관리공단,0.0,0.0,0.0,0.0,0.0,0,0.0,0,0
185,2022,성북구도시관리공단,2123.0,1723.0,0.0,0.0,0.0,0,1723.0,0,0
186,2022,성동구도시관리공단,2212.0,1612.0,0.0,0.0,0.0,0,1612.0,0,0
187,2022,서대문구도시관리공단,1506.0,826.0,0.0,0.0,0.0,0,826.0,0,0
188,2022,마포구시설관리공단,2876.0,2076.0,0.0,0.0,0.0,0,2076.0,0,0
189,2022,동작구시설관리공단,1153.0,453.0,0.0,0.0,0.0,0,453.0,0,0
190,2022,동대문구시설관리공단,1656.0,856.0,0.0,0.0,0.0,0,856.0,0,0
191,2022,도봉구시설관리공단,1740.0,1240.0,0.0,0.0,0.0,0,1240.0,0,0
192,2022,금천구시설관리공단,1099.0,599.0,0.0,0.0,0.0,0,599.0,0,0
193,2022,구로구시설관리공단,1349.0,849.0,0.0,0.0,0.0,0,849.0,0,0
194,2022,광진구시설관리공단,722.0,322.0,0.0,0.0,0.0,0,322.0,0,0
195,2022,강서구시설관리공단,2637.0,1637.0,0.0,0.0,0.0,0,1637.0,0,0
196,2022,강북구도시관리공단,1465.0,1205.0,0.0,1205.0,1205.0,100,0.0,100,82.25
197,2022,강동구도시관리공단,2123.0,1523.0,0.0,0.0,0.0,0,1523.0,0,0
198,2022,강남구도시관리공단,3042.0,1842.0,0.0,0.0,0.0,0,1842.0,0,0
199,2022,서울시설공단,228437.0,199349.0,0.0,0.0,0.0,0,199349.0,0,0
200,2022,창녕군시설관리공단,2436.0,2136.0,0.0,0.0,0.0,0,2136.0,0,0
201,2022,청도공영사업공사,4878.0,1842.0,0.0,0.0,0.0,0,1842.0,0,0
202,2022,하남도시공사,681402.0,343689.0,274388.0,0.0,274388.0,0,69301.0,79.84,40.27
203,2022,용인도시공사,286022.0,144222.0,0.0,4254.0,4254.0,100,139968.0,2.95,1.49
204,2022,경기평택항만공사,115417.0,13237.0,0.0,0.0,0.0,0,13237.0,0,0
205,2022,광주도시관리공사,87127.0,27692.0,0.0,0.0,0.0,0,27692.0,0,0
206,2022,경기관광공사,112296.0,3719.0,0.0,0.0,0.0,0,3719.0,0,0
207,2022,구리농수산물공사,201712.0,13024.0,0.0,0.0,0.0,0,13024.0,0,0
208,2022,광주광역시 관광공사,137085.0,1962.0,0.0,0.0,0.0,0,1962.0,0,0
209,2022,서울특별시농수산식품공사,1139152.0,172091.0,58493.0,12705.0,71198.0,17.84,100893.0,41.37,6.25
210,2022,제주특별자치도개발공사,775717.0,182745.0,75678.0,0.0,75678.0,0,107067.0,41.41,9.76
211,2022,경남개발공사,1227425.0,761954.0,389970.0,8876.0,398846.0,2.23,363108.0,52.35,32.49
212,2022,경상북도개발공사,1149927.0,289744.0,57500.0,52538.0,110038.0,47.75,179706.0,37.98,9.57
213,2022,전남개발공사,1139661.0,413467.0,260000.0,60962.0,320962.0,18.99,92505.0,77.63,28.16
214,2022,전북개발공사,815074.0,474764.0,168237.0,0.0,168237.0,0,306527.0,35.44,20.64
215,2022,충북개발공사,802300.0,487722.0,179618.0,61562.0,241180.0,25.53,246542.0,49.45,30.06
216,2022,강원개발공사,758782.0,663960.0,384628.0,15764.0,400392.0,3.94,263568.0,60.3,52.77
217,2022,경기주택도시공사,1.4913887E7,9987740.0,4247059.0,444315.0,4691374.0,9.47,5296366.0,46.97,31.46
218,2022,대전도시공사,1035434.0,567902.0,182910.0,201571.0,384481.0,52.43,183421.0,67.7,37.13
219,2022,광주광역시도시공사,1479124.0,1008190.0,230343.0,116717.0,347060.0,33.63,661130.0,34.42,23.46
220,2022,인천도시공사,9007232.0,5989429.0,3012385.0,1294277.0,4306662.0,30.05,1682767.0,71.9,47.81
221,2022,대구도시개발공사,1693008.0,993709.0,111969.0,390428.0,502397.0,77.71,491312.0,50.56,29.67
222,2022,부산도시공사,3158660.0,1193656.0,331661.0,320000.0,651661.0,49.11,541995.0,54.59,20.63
223,2022,서울주택도시개발공사,2.7962517E7,1.8168757E7,5817742.0,510571.0,6328313.0,8.07,1.1840444E7,34.83,22.63
224,2022,대전교통공사,1400349.0,46112.0,0.0,0.0,0.0,0,46112.0,0,0
225,2022,광주교통공사,1117417.0,48736.0,0.0,0.0,0.0,0,48736.0,0,0
226,2022,인천교통공사,4369064.0,342566.0,127900.0,0.0,127900.0,0,214666.0,37.34,2.93
227,2022,대구교통공사,4221417.0,641424.0,188793.0,160656.0,349449.0,45.97,291975.0,54.48,8.28
228,2022,부산교통공사,4093202.0,1422519.0,733200.0,232000.0,965200.0,24.04,457319.0,67.85,23.58
229,2022,진주시공영개발,231340.0,0.0,0.0,0.0,0.0,0,0.0,0,0
230,2022,창원시주택건설사업,69729.0,34173.0,0.0,0.0,0.0,0,34173.0,0,0
231,2022,광양시공영개발,134104.0,0.0,0.0,0.0,0.0,0,0.0,0,0
232,2022,순천시공영개발,68802.0,0.0,0.0,0.0,0.0,0,0.0,0,0
233,2022,목포시공영개발,110390.0,252.0,0.0,0.0,0.0,0,252.0,0,0
234,2022,익산시공영개발,180155.0,27296.0,0.0,0.0,0.0,0,27296.0,0,0
235,2022,계룡시공영개발,82280.0,0.0,0.0,0.0,0.0,0,0.0,0,0
236,2022,세종특별자치시공영개발,159662.0,4267.0,1371.0,2896.0,4267.0,67.87,0.0,100,2.67
237,2022,아산시공영개발,4593.0,0.0,0.0,0.0,0.0,0,0.0,0,0
238,2022,천안시공영개발,133692.0,0.0,0.0,0.0,0.0,0,0.0,0,0
239,2022,음성군공영개발,45323.0,5382.0,0.0,0.0,0.0,0,5382.0,0,0
240,2022,충주시공영개발,0.0,0.0,0.0,0.0,0.0,0,0.0,0,0
241,2022,강릉시공영개발,80087.0,2651.0,0.0,2651.0,2651.0,100,0.0,100,3.31
242,2022,원주시공영개발,156851.0,34125.0,0.0,34125.0,34125.0,100,0.0,100,21.76
243,2022,춘천시공영개발,277644.0,0.0,0.0,0.0,0.0,0,0.0,0,0
244,2022,경기도판교테크노밸리조성사업,463548.0,17.0,0.0,0.0,0.0,0,17.0,0,0
245,2022,안성시공영개발,75640.0,129.0,0.0,0.0,0.0,0,129.0,0,0
246,2022,의왕시공영개발,0.0,0.0,0.0,0.0,0.0,0,0.0,0,0
247,2022,시흥시공영개발,0.0,0.0,0.0,0.0,0.0,0,0.0,0,0
248,2022,의정부시공영개발,0.0,0.0,0.0,0.0,0.0,0,0.0,0,0
249,2022,성남시공영개발,0.0,7753.0,0.0,0.0,0.0,0,7753.0,0,0
250,2022,제주특별자치도하수도,1483182.0,516095.0,467060.0,49035.0,516095.0,9.5,0.0,100,34.8
251,2022,창녕군하수도,207538.0,0.0,0.0,0.0,0.0,0,0.0,0,0
252,2022,양산시하수도,430405.0,56266.0,55892.0,374.0,56266.0,0.66,0.0,100,13.07
253,2022,밀양시하수도,375462.0,0.7,0.0,0.7,0.7,100,0.0,100,0
254,2022,통영시하수도,108169.0,60554.0,0.0,0.0,0.0,0,60554.0,0,0
255,2022,거창군하수도,172762.0,19331.0,0.0,0.0,0.0,0,19331.0,0,0
256,2022,사천시하수도,0.0,0.0,0.0,0.0,0.0,0,0.0,0,0
257,2022,김해시하수도,0.0,0.0,0.0,0.0,0.0,0,0.0,0,0
258,2022,진주시하수도,545947.0,120024.0,0.0,0.0,0.0,0,120024.0,0,0
259,2022,창원시하수도,737057.0,80391.0,0.0,0.0,0.0,0,80391.0,0,0
260,2022,영주시하수도,172982.0,91659.0,0.0,0.0,0.0,0,91659.0,0,0
261,2022,상주시하수도,111750.0,73961.0,65265.0,8696.0,73961.0,11.76,0.0,100,66.18
262,2022,경산시하수도,259907.0,0.0,0.0,0.0,0.0,0,0.0,0,0
263,2022,영천시하수도,286483.0,1.78,0.0,1.78,1.78,100,0.0,100,0
264,2022,안동시하수도,359275.0,11.0,0.0,0.0,0.0,0,11.0,0,0
265,2022,구미시하수도,751182.0,72475.0,72453.0,22.0,72475.0,0.03,0.0,100,9.65
266,2022,경주시하수도,384515.0,108206.0,96961.0,11245.0,108206.0,10.39,0.0,100,28.14
267,2022,영암군하수도,233224.0,0.0,0.0,0.0,0.0,0,0.0,0,0
268,2022,나주시하수도,237805.0,39143.0,0.0,0.0,0.0,0,39143.0,0,0
269,2022,순천시하수도,496155.0,61937.0,56977.0,4960.0,61937.0,8.01,0.0,100,12.48
270,2022,목포시하수도,456310.0,83640.0,0.0,0.0,0.0,0,83640.0,0,0
271,2022,정읍시하수도,191428.0,21507.0,0.0,41.0,41.0,100,21466.0,0.19,0.02
272,2022,익산시하수도,425587.0,92388.0,0.0,0.0,0.0,0,92388.0,0,0
273,2022,완주군하수도,30184.0,0.0,0.0,0.0,0.0,0,0.0,0,0
274,2022,전주시하수도,643760.0,71549.0,0.0,0.0,0.0,0,71549.0,0,0
275,2022,서산시하수도,345783.0,52398.0,47855.0,4543.0,52398.0,8.67,0.0,100,15.15
276,2022,아산시하수도,606193.0,47344.0,41375.0,5969.0,47344.0,12.61,0.0,100,7.81
277,2022,천안시하수도,765376.0,108734.0,98084.0,10650.0,108734.0,9.79,0.0,100,14.21
278,2022,공주시하수도,278589.0,76.0,66.0,10.0,76.0,13.16,0.0,100,0.03
279,2022,청주시하수도,973055.0,19069.0,15469.0,3600.0,19069.0,18.88,0.0,100,1.96
280,2022,속초시하수도,166830.0,5444.0,5426.0,18.0,5444.0,0.33,0.0,100,3.26
281,2022,춘천시하수도,543931.0,82437.0,76492.0,5945.0,82437.0,7.21,0.0,100,15.16
282,2022,가평군하수도,339974.0,98.0,64.0,34.0,98.0,34.69,0.0,100,0.03
283,2022,김포시하수도,429305.0,135540.0,0.0,0.0,0.0,0,135540.0,0,0
284,2022,안양시하수도,790085.0,7822.0,0.0,0.0,0.0,0,7822.0,0,0
285,2022,평택시하수도,973583.0,100393.0,92741.0,7652.0,100393.0,7.62,0.0,100,10.31
286,2022,광주시하수도,624585.0,96.0,0.0,0.0,0.0,0,96.0,0,0
287,2022,안성시하수도,373951.0,44821.0,0.0,0.0,0.0,0,44821.0,0,0
288,2022,남양주시하수도,611093.0,439.0,0.0,0.0,0.0,0,439.0,0,0
289,2022,의왕시하수도,129950.0,465.0,436.0,29.0,465.0,6.24,0.0,100,0.36
290,2022,용인시하수도,1251538.0,109558.0,0.0,0.0,0.0,0,109558.0,0,0
291,2022,군포시하수도,107461.0,259.0,0.0,52.0,52.0,100,207.0,20.08,0.05
292,2022,여주시하수도,157530.0,358.0,0.0,358.0,358.0,100,0.0,100,0.23
293,2022,오산시하수도,303820.0,151.0,0.0,0.0,0.0,0,151.0,0,0
294,2022,포천시하수도,532380.0,11.0,0.0,0.0,0.0,0,11.0,0,0
295,2022,시흥시하수도,512054.0,61527.0,38192.0,23335.0,61527.0,37.93,0.0,100,12.02
296,2022,구리시하수도,310498.0,367.0,0.0,0.0,0.0,0,367.0,0,0
297,2022,성남시하수도,428355.0,1199.0,0.0,0.0,0.0,0,1199.0,0,0
298,2022,과천시하수도,45225.0,7654.0,0.0,0.0,0.0,0,7654.0,0,0
299,2022,안산시하수도,506721.0,1334.0,0.0,405.0,405.0,100,929.0,30.36,0.08
300,2022,부천시하수도,920243.0,694.0,653.0,41.0,694.0,5.91,0.0,100,0.08
301,2022,광명시하수도,82483.0,741.0,0.0,0.0,0.0,0,741.0,0,0
302,2022,의정부시하수도,345199.0,78.0,76.0,2.0,78.0,2.56,0.0,100,0.02
303,2022,수원시하수도,842376.0,1747.0,1537.0,210.0,1747.0,12.02,0.0,100,0.21
304,2022,울산광역시하수도,1071676.0,144158.0,130599.0,13559.0,144158.0,9.41,0.0,100,13.45
305,2022,대전광역시하수도,803288.0,156751.0,0.0,0.0,0.0,0,156751.0,0,0
306,2022,광주광역시하수도,1005303.0,163159.0,149756.0,13403.0,163159.0,8.21,0.0,100,16.23
307,2022,인천광역시하수도,1461490.0,83159.0,62285.0,11928.0,74213.0,16.07,8946.0,89.24,5.08
308,2022,대구광역시하수도,2086049.0,263197.0,0.0,0.0,0.0,0,263197.0,0,0
309,2022,부산광역시하수도,2979610.0,471665.0,449517.0,22148.0,471665.0,4.7,0.0,100,15.83
310,2022,제주특별자치도상수도,838516.0,111324.0,93516.0,17808.0,111324.0,16,0.0,100,13.28
311,2022,거창군상수도,118154.0,84.0,84.0,0.0,84.0,0,0.0,100,0.07
312,2022,창녕군상수도,98107.0,351.0,0.0,0.0,0.0,0,351.0,0,0
313,2022,양산시상수도,254726.0,386.0,0.0,386.0,386.0,100,0.0,100,0.15
314,2022,거제시상수도,199141.0,10870.0,0.0,0.0,0.0,0,10870.0,0,0
315,2022,밀양시상수도,165626.0,667.0,658.0,9.0,667.0,1.35,0.0,100,0.4
316,2022,김해시상수도,569070.0,6046.0,0.0,6046.0,6046.0,100,0.0,100,1.06
317,2022,사천시상수도,117158.0,0.0,0.0,0.0,0.0,0,0.0,0,0
318,2022,통영시상수도,66518.0,0.0,0.0,0.0,0.0,0,0.0,0,0
319,2022,진주시상수도,293607.0,494.0,0.0,0.0,0.0,0,494.0,0,0
320,2022,창원시상수도,689106.0,1986.0,1877.0,109.0,1986.0,5.49,0.0,100,0.29
321,2022,경산시상수도,297463.0,5878.0,5868.0,10.0,5878.0,0.17,0.0,100,1.98
322,2022,문경시상수도,171983.0,464.0,0.0,0.0,0.0,0,464.0,0,0
323,2022,상주시상수도,328002.0,177.0,170.0,7.0,177.0,3.95,0.0,100,0.05
324,2022,칠곡군상수도,115613.0,0.0,0.0,0.0,0.0,0,0.0,0,0
325,2022,울진군상수도,206205.0,202.0,0.0,0.0,0.0,0,202.0,0,0
326,2022,영천시상수도,0.0,0.0,0.0,0.0,0.0,0,0.0,0,0
327,2022,영주시상수도,0.0,0.0,0.0,0.0,0.0,0,0.0,0,0
328,2022,구미시상수도,260353.0,3874.0,3713.0,161.0,3874.0,4.16,0.0,100,1.49
329,2022,안동시상수도,434162.0,68.0,0.0,0.0,0.0,0,68.0,0,0
330,2022,김천시상수도,187227.0,118.0,55.0,63.0,118.0,53.39,0.0,100,0.06
331,2022,경주시상수도,272127.0,1152.0,0.0,0.0,0.0,0,1152.0,0,0
332,2022,포항시상수도,338401.0,2031.0,0.0,0.0,0.0,0,2031.0,0,0
333,2022,영암군상수도,161827.0,0.0,0.0,0.0,0.0,0,0.0,0,0
334,2022,광양시상수도,162314.0,0.0,0.0,0.0,0.0,0,0.0,0,0
335,2022,나주시상수도,145053.0,10364.0,0.0,0.0,0.0,0,10364.0,0,0
336,2022,순천시상수도,255242.0,115.0,53.0,62.0,115.0,53.91,0.0,100,0.05
337,2022,여수시상수도,0.0,0.0,0.0,0.0,0.0,0,0.0,0,0
338,2022,목포시상수도,152955.0,565.0,0.0,0.0,0.0,0,565.0,0,0
339,2022,고창군상수도,96642.0,54.0,0.0,54.0,54.0,100,0.0,100,0.06
340,2022,완주군상수도,25410.0,47.0,0.0,47.0,47.0,100,0.0,100,0.18
341,2022,김제시상수도,122523.0,782.0,0.0,0.0,0.0,0,782.0,0,0
342,2022,남원시상수도,0.0,0.0,0.0,0.0,0.0,0,0.0,0,0
343,2022,정읍시상수도,100796.0,9195.0,0.0,673.0,673.0,100,8522.0,7.32,0.67
344,2022,익산시상수도,182500.0,372.0,320.0,52.0,372.0,13.98,0.0,100,0.2
345,2022,군산시상수도,281965.0,566.0,0.0,0.0,0.0,0,566.0,0,0
346,2022,전주시상수도,386424.0,13022.0,0.0,0.0,0.0,0,13022.0,0,0
347,2022,홍성군상수도,143936.0,117.0,0.0,117.0,117.0,100,0.0,100,0.08
348,2022,당진시상수도,249272.0,1720.0,756.0,104.0,860.0,12.09,860.0,50,0.35
349,2022,예산군상수도,83341.0,0.0,0.0,0.0,0.0,0,0.0,0,0
350,2022,논산시상수도,185416.0,0.0,0.0,0.0,0.0,0,0.0,0,0
351,2022,아산시상수도,318238.0,379.0,0.0,0.0,0.0,0,379.0,0,0
352,2022,보령시상수도,219728.0,957.0,0.0,957.0,957.0,100,0.0,100,0.44
353,2022,공주시상수도,165964.0,1013.0,893.0,120.0,1013.0,11.85,0.0,100,0.61
354,2022,천안시상수도,479097.0,2374.0,1179.0,1195.0,2374.0,50.34,0.0,100,0.5
355,2022,옥천군상수도,145115.0,20.0,0.0,20.0,20.0,100,0.0,100,0.01
356,2022,제천시상수도,193341.0,754.0,0.0,0.0,0.0,0,754.0,0,0
357,2022,충주시상수도,247197.0,475.0,441.0,34.0,475.0,7.16,0.0,100,0.19
358,2022,청주시상수도,744465.0,5163.0,0.0,0.0,0.0,0,5163.0,0,0
359,2022,고성군상수도,0.0,4000.0,4000.0,0.0,4000.0,0,0.0,100,0
360,2022,철원군상수도,150932.0,709.0,0.0,709.0,709.0,100,0.0,100,0.47
361,2022,정선군상수도,93928.0,0.0,0.0,0.0,0.0,0,0.0,0,0
362,2022,홍천군상수도,223205.0,263.0,0.0,0.0,0.0,0,263.0,0,0
363,2022,삼척시상수도,176759.0,0.0,0.0,0.0,0.0,0,0.0,0,0
364,2022,속초시상수도,121361.0,435.0,400.0,35.0,435.0,8.05,0.0,100,0.36
365,2022,태백시상수도,118225.0,203.0,30.0,173.0,203.0,85.22,0.0,100,0.17
366,2022,동해시상수도,95938.0,1017.0,785.0,232.0,1017.0,22.81,0.0,100,1.06
367,2022,강릉시상수도,258947.0,986.0,0.0,0.0,0.0,0,986.0,0,0
368,2022,원주시상수도,296309.0,1258.0,0.0,0.0,0.0,0,1258.0,0,0
369,2022,춘천시상수도,351854.0,8217.0,5882.0,2335.0,8217.0,28.42,0.0,100,2.34
370,2022,인제군상수도,233815.0,4710.0,30.0,4680.0,4710.0,99.36,0.0,100,2.01
371,2022,평창군상수도,297542.0,10.0,0.0,10.0,10.0,100,0.0,100,0
372,2022,영월군상수도,161146.0,72.0,0.0,72.0,72.0,100,0.0,100,0.04
373,2022,가평군상수도,150102.0,989.0,931.0,58.0,989.0,5.86,0.0,100,0.66
374,2022,여주시상수도,229195.0,50.0,0.0,0.0,0.0,0,50.0,0,0
375,2022,양평군상수도,251420.0,961.0,0.0,0.0,0.0,0,961.0,0,0
376,2022,포천시상수도,211029.0,2460.0,0.0,70.0,70.0,100,2390.0,2.85,0.03
377,2022,안성시상수도,249341.0,1247.0,0.0,0.0,0.0,0,1247.0,0,0
378,2022,연천군상수도,246309.0,92.0,0.0,92.0,92.0,100,0.0,100,0.04
379,2022,광주시상수도,421122.0,92.0,68.0,24.0,92.0,26.09,0.0,100,0.02
380,2022,화성시상수도,721039.0,4286.0,2855.0,1431.0,4286.0,33.39,0.0,100,0.59
381,2022,이천시상수도,316854.0,783.0,457.0,326.0,783.0,41.63,0.0,100,0.25
382,2022,파주시상수도,394361.0,141.0,0.0,0.0,0.0,0,141.0,0,0
383,2022,용인시상수도,571893.0,5363.0,0.0,0.0,0.0,0,5363.0,0,0
384,2022,하남시상수도,197145.0,0.0,0.0,0.0,0.0,0,0.0,0,0
385,2022,양주시상수도,254182.0,790.0,0.0,790.0,790.0,100,0.0,100,0.31
386,2022,의왕시상수도,125482.0,57.0,19.0,0.0,19.0,0,38.0,33.33,0.02
387,2022,군포시상수도,180773.0,555.0,128.0,427.0,555.0,76.94,0.0,100,0.31
388,2022,시흥시상수도,275611.0,278.0,178.0,100.0,278.0,35.97,0.0,100,0.1
389,2022,오산시상수도,0.0,0.0,0.0,0.0,0.0,0,0.0,0,0
390,2022,남양주시상수도,340929.0,938.0,0.0,0.0,0.0,0,938.0,0,0
391,2022,평택시상수도,908215.0,4150.0,0.0,0.0,0.0,0,4150.0,0,0
392,2022,김포시상수도,519607.0,711.0,0.0,0.0,0.0,0,711.0,0,0
393,2022,구리시상수도,110633.0,430.0,0.0,0.0,0.0,0,430.0,0,0
394,2022,과천시상수도,58909.0,0.0,0.0,0.0,0.0,0,0.0,0,0
395,2022,고양시상수도,274639.0,2672.0,0.0,0.0,0.0,0,2672.0,0,0
396,2022,안산시상수도,432623.0,3890.0,0.0,0.0,0.0,0,3890.0,0,0
397,2022,동두천시상수도,178383.0,27315.0,0.0,0.0,0.0,0,27315.0,0,0
398,2022,광명시상수도,133981.0,3296.0,0.0,0.0,0.0,0,3296.0,0,0
399,2022,부천시상수도,382374.0,4276.0,0.0,0.0,0.0,0,4276.0,0,0
400,2022,안양시상수도,331967.0,821.0,0.0,0.0,0.0,0,821.0,0,0
401,2022,의정부시상수도,146470.0,93.0,91.0,2.0,93.0,2.15,0.0,100,0.06
402,2022,성남시상수도,467188.0,1544.0,0.0,0.0,0.0,0,1544.0,0,0
403,2022,수원시상수도,429075.0,1395.0,0.0,0.0,0.0,0,1395.0,0,0
404,2022,울산광역시상수도,761786.0,26212.0,25500.0,21.0,25521.0,0.08,691.0,97.36,3.35
405,2022,대전광역시상수도,863942.0,32902.0,0.0,0.0,0.0,0,32902.0,0,0
406,2022,광주광역시상수도,831722.0,10942.0,2560.0,0.0,2560.0,0,8382.0,23.4,0.31
407,2022,인천광역시상수도,1838953.0,58014.0,43109.0,0.0,43109.0,0,14905.0,74.31,2.34
408,2022,대구광역시상수도,1526778.0,84113.0,72000.0,3000.0,75000.0,4,9113.0,89.17,4.91
409,2022,부산광역시상수도,2298973.0,19679.0,0.0,0.0,0.0,0,19679.0,0,0
410,2022,서울특별시상수도,5177056.0,127754.0,0.0,0.0,0.0,0,127754.0,0,0
1,2023,여주도시공사,2679.0,479.0,0.0,0.0,0.0,0,479.0,0,0
2,2023,구미도시공사,7193.0,4692.0,0.0,0.0,0.0,0,4692.0,0,0
3,2023,천안도시공사,6403.0,2366.0,0.0,0.0,0.0,0,2366.0,0,0
4,2023,익산시도시관리공단,0.0,0.0,0.0,0.0,0.0,0,0.0,0,0
5,2023,부산광역시남구시설관리공단,969.0,469.0,0.0,0.0,0.0,0,469.0,0,0
6,2023,양주도시공사,20181.0,1292.0,0.0,0.0,0.0,0,1292.0,0,0
7,2023,합천군시설관리공단,0.0,0.0,0.0,0.0,0.0,0,0.0,0,0
8,2023,단양관광공사,0.0,622.0,0.0,0.0,0.0,0,622.0,0,0
9,2023,전남광주통합특별시 서구시설관리공단,0.0,0.0,0.0,0.0,0.0,0,0.0,0,0
10,2023,전남광주통합특별시북구시설관리공단,1248.0,1098.0,0.0,1098.0,1098.0,100,0.0,100,87.98
11,2023,김천시시설관리공단,0.0,0.0,0.0,0.0,0.0,0,0.0,0,0
12,2023,예산군하수도,235211.0,0.0,0.0,0.0,0.0,0,0.0,0,0
13,2023,평창군시설관리공단,0.0,0.0,0.0,0.0,0.0,0,0.0,0,0
14,2023,금산군하수도,126662.0,22466.0,17628.0,4838.0,22466.0,21.53,0.0,100,17.74
15,2023,서울물재생시설공단,0.0,0.0,0.0,0.0,0.0,0,0.0,0,0
16,2023,경기교통공사,30854.0,20551.0,0.0,0.0,0.0,0,20551.0,0,0
17,2023,원주시시설관리공단,1921.0,1621.0,0.0,0.0,0.0,0,1621.0,0,0
18,2023,김포도시공사,187983.0,16801.0,0.0,0.0,0.0,0,16801.0,0,0
19,2023,파주도시공사,41458.0,7522.0,0.0,0.0,0.0,0,7522.0,0,0
20,2023,영천시시설관리공단,1240.0,740.0,0.0,0.0,0.0,0,740.0,0,0
21,2023,과천도시공사,456900.0,267989.0,100000.0,60000.0,160000.0,37.5,107989.0,59.7,35.02
22,2023,울산광역시북구시설관리공단,235.0,85.0,0.0,85.0,85.0,100,0.0,100,36.17
23,2023,포천도시공사,50604.0,21333.0,0.0,0.0,0.0,0,21333.0,0,0
24,2023,안양도시공사,95687.0,833.0,0.0,0.0,0.0,0,833.0,0,0
25,2023,예천군하수도,0.0,0.0,0.0,0.0,0.0,0,0.0,0,0
26,2023,예천군상수도,145639.0,23.0,0.0,0.0,0.0,0,23.0,0,0
27,2023,고성군하수도,120818.0,0.0,0.0,0.0,0.0,0,0.0,0,0
28,2023,고성군상수도,78532.0,0.0,0.0,0.0,0.0,0,0.0,0,0
29,2023,세종도시교통공사,86573.0,18765.0,0.0,0.0,0.0,0,18765.0,0,0
30,2023,사천시시설관리공단,0.0,1714.0,334.0,1380.0,1714.0,80.51,0.0,100,0
31,2023,제주특별자치도공영버스,0.0,0.0,0.0,0.0,0.0,0,0.0,0,0
32,2023,서울특별시하수도,7091994.0,10175.0,0.0,0.0,0.0,0,10175.0,0,0
33,2023,경주시시설관리공단,292.5,192.5,0.0,192.5,192.5,100,0.0,100,65.81
34,2023,인천광역시연수구시설안전관리공단,1247.0,747.0,0.0,0.0,0.0,0,747.0,0,0
35,2023,서울교통공사,1.5667575E7,6832164.0,3517389.0,440046.0,3957435.0,11.12,2874729.0,57.92,25.26
36,2023,태안군하수도,133738.0,0.0,0.0,0.0,0.0,0,0.0,0,0
37,2023,태안군상수도,67592.0,0.0,0.0,0.0,0.0,0,0.0,0,0
38,2023,김제시하수도,208970.0,62548.0,6431.0,56117.0,62548.0,89.72,0.0,100,29.93
39,2023,부여군하수도,170917.0,90.0,0.0,90.0,90.0,100,0.0,100,0.05
40,2023,하남시하수도,231494.0,157.0,135.0,22.0,157.0,14.01,0.0,100,0.07
41,2023,서울에너지공사,549283.0,349127.0,256086.0,3291.0,259377.0,1.27,89750.0,74.29,47.22
42,2023,충주시시설관리공단,0.0,0.0,0.0,0.0,0.0,0,0.0,0,0
43,2023,세종특별자치시시설관리공단,6009.0,4008.0,0.0,0.0,0.0,0,4008.0,0,0
44,2023,밀양시시설관리공단,735.0,434.0,6.0,428.0,434.0,98.62,0.0,100,59.05
45,2023,군산시하수도,539356.0,48614.0,41111.0,7503.0,48614.0,15.43,0.0,100,9.01
46,2023,홍성군하수도,129578.0,48721.0,0.0,0.0,0.0,0,48721.0,0,0
47,2023,동해시하수도,153779.0,15.0,0.0,15.0,15.0,100,0.0,100,0.01
48,2023,원주시하수도,494616.0,73987.0,67139.0,6848.0,73987.0,9.26,0.0,100,14.96
49,2023,양주시하수도,500092.0,2339.0,0.0,0.0,0.0,0,2339.0,0,0
50,2023,서천군상수도,105565.0,1174.0,0.0,0.0,0.0,0,1174.0,0,0
51,2023,부여군상수도,143930.0,660.0,550.0,110.0,660.0,16.67,0.0,100,0.46
52,2023,금산군상수도,97170.0,2624.0,0.0,2624.0,2624.0,100,0.0,100,2.7
53,2023,인천관광공사,188442.0,11559.0,0.0,0.0,0.0,0,11559.0,0,0
54,2023,광명도시공사,41588.0,16390.0,0.0,0.0,0.0,0,16390.0,0,0
55,2023,영덕군하수도,88476.0,17531.0,14674.0,2857.0,17531.0,16.3,0.0,100,19.81
56,2023,문경시하수도,161679.0,63300.0,57052.0,6050.0,63102.0,9.59,198.0,99.69,39.03
57,2023,논산시하수도,0.0,0.0,0.0,0.0,0.0,0,0.0,0,0
58,2023,과천시지식정보타운조성사업,133779.0,79.0,0.0,79.0,79.0,100,0.0,100,0.06
59,2023,아산시시설관리공단,3634.0,2834.0,0.0,0.0,0.0,0,2834.0,0,0
60,2023,장수한우지방공사,8366.0,3028.0,0.0,0.0,0.0,0,3028.0,0,0
61,2023,광주광역시광산구시설관리공단,1904.0,1704.0,0.0,0.0,0.0,0,1704.0,0,0
62,2023,대구광역시달성군시설관리공단,2754.0,2454.0,0.0,0.0,0.0,0,2454.0,0,0
63,2023,김해시도시개발공사,109318.0,24384.0,5000.0,15000.0,20000.0,75,4384.0,82.02,18.3
64,2023,합천군상수도,0.0,0.0,0.0,0.0,0.0,0,0.0,0,0
65,2023,성남도시개발공사,131498.0,12006.0,0.0,0.0,0.0,0,12006.0,0,0
66,2023,부여군시설관리공단,606.0,306.0,0.0,0.0,0.0,0,306.0,0,0
67,2023,세종특별자치시하수도,930310.0,10155.0,6463.0,3692.0,10155.0,36.36,0.0,100,1.09
68,2023,진천군하수도,191786.0,22451.0,18963.0,3488.0,22451.0,15.54,0.0,100,11.71
69,2023,진천군상수도,111286.0,159.0,74.0,85.0,159.0,53.46,0.0,100,0.14
70,2023,울산광역시중구도시관리공단,212.0,96.0,0.0,0.0,0.0,0,96.0,0,0
71,2023,이천시시설관리공단,904.0,494.0,0.0,0.0,0.0,0,494.0,0,0
72,2023,부산관광공사,16165.0,3384.0,0.0,0.0,0.0,0,3384.0,0,0
73,2023,구리도시공사,133166.0,13904.0,0.0,5871.0,5871.0,100,8033.0,42.23,4.41
74,2023,경상북도문화관광공사,411113.0,54592.0,31731.0,5288.0,37019.0,14.28,17573.0,67.81,9
75,2023,제주에너지공사,157654.0,7468.0,0.0,5312.0,5312.0,100,2156.0,71.13,3.37
76,2023,광양시하수도,364169.0,22.0,0.0,0.0,0.0,0,22.0,0,0
77,2023,세종특별자치시상수도,380017.0,83225.0,78646.0,4579.0,83225.0,5.5,0.0,100,21.9
78,2023,여수시하수도,407642.0,0.0,0.0,0.0,0.0,0,0.0,0,0
79,2023,옥천군하수도,179964.0,11233.0,9390.0,1843.0,11233.0,16.41,0.0,100,6.24
80,2023,남원시하수도,264588.0,507.0,507.0,0.0,507.0,0,0.0,100,0.19
81,2023,영광군하수도,142179.0,0.0,0.0,0.0,0.0,0,0.0,0,0
82,2023,영광군상수도,104294.0,0.0,0.0,0.0,0.0,0,0.0,0,0
83,2023,거제해양관광개발공사,54231.0,3959.0,1150.0,1150.0,2300.0,50,1659.0,58.1,4.24
84,2023,대전관광공사,262678.0,30467.0,0.0,0.0,0.0,0,30467.0,0,0
85,2023,양평군하수도,422362.0,228.0,0.0,0.0,0.0,0,228.0,0,0
86,2023,영월군시설관리공단,586.0,486.0,0.0,0.0,0.0,0,486.0,0,0
87,2023,계룡시하수도,57824.0,16059.0,13595.0,2464.0,16059.0,15.34,0.0,100,27.77
88,2023,의왕도시공사,121833.0,5311.0,0.0,0.0,0.0,0,5311.0,0,0
89,2023,고양도시관리공사,1067328.0,600251.0,498838.0,46646.0,545484.0,8.55,54767.0,90.88,51.11
90,2023,양양군상수도,95607.0,370.0,220.0,150.0,370.0,40.54,0.0,100,0.39
91,2023,계룡시상수도,50888.0,371.0,0.0,371.0,371.0,100,0.0,100,0.73
92,2023,증평군하수도,104604.0,10520.0,0.0,0.0,0.0,0,10520.0,0,0
93,2023,고양시하수도,769970.0,1968.0,1870.0,98.0,1968.0,4.98,0.0,100,0.26
94,2023,음성군하수도,228120.0,24433.0,21162.0,3271.0,24433.0,13.39,0.0,100,10.71
95,2023,김천시하수도,100960.0,25.0,0.0,25.0,25.0,100,0.0,100,0.02
96,2023,화순군하수도,149860.0,0.0,0.0,0.0,0.0,0,0.0,0,0
97,2023,화순군상수도,175015.0,178.0,134.0,44.0,178.0,24.72,0.0,100,0.1
98,2023,영동군상수도,160985.0,377.0,0.0,0.0,0.0,0,377.0,0,0
99,2023,포항시시설관리공단,853.0,653.0,0.0,0.0,0.0,0,653.0,0,0
100,2023,춘천도시공사,36841.0,11968.0,0.0,0.0,0.0,0,11968.0,0,0
101,2023,이천시하수도,177436.0,57.0,45.0,12.0,57.0,21.05,0.0,100,0.03
102,2023,강릉관광개발공사,11555.0,2435.0,0.0,0.0,0.0,0,2435.0,0,0
103,2023,보령시시설관리공단,1837.0,1537.0,0.0,0.0,0.0,0,1537.0,0,0
104,2023,당진도시공사,4256.0,559.0,0.0,0.0,0.0,0,559.0,0,0
105,2023,연천군하수도,351011.0,27.0,0.0,27.0,27.0,100,0.0,100,0.01
106,2023,칠곡군하수도,295265.0,56133.0,50241.0,5892.0,56133.0,10.5,0.0,100,19.01
107,2023,의령친환경골프장관리사업소,7962.0,40.0,0.0,40.0,40.0,100,0.0,100,0.5
108,2023,경기도고덕국제화계획지구조성사업,151095.0,149536.0,0.0,0.0,0.0,0,149536.0,0,0
109,2023,인천광역시제물포구시설관리공단,802.0,343.0,0.0,0.0,0.0,0,343.0,0,0
110,2023,여수시도시관리공단,2056.0,1591.0,0.0,0.0,0.0,0,1591.0,0,0
111,2023,단양군상수도,0.0,0.0,0.0,0.0,0.0,0,0.0,0,0
112,2023,영덕군상수도,70203.0,1047.0,955.0,92.0,1047.0,8.79,0.0,100,1.49
113,2023,양산시시설관리공단,497.0,297.0,0.0,0.0,0.0,0,297.0,0,0
114,2023,동두천시하수도,132702.0,25.0,0.0,0.0,0.0,0,25.0,0,0
115,2023,부산광역시기장군도시관리공단,1427.0,927.0,0.0,0.0,0.0,0,927.0,0,0
116,2023,함안지방공사,12535.0,2533.0,0.0,0.0,0.0,0,2533.0,0,0
117,2023,의성군상수도,230504.0,0.0,0.0,0.0,0.0,0,0.0,0,0
118,2023,안산도시공사,382988.0,172716.0,140368.0,7853.0,148221.0,5.3,24495.0,85.82,38.7
119,2023,파주시하수도,877835.0,117689.0,0.0,0.0,0.0,0,117689.0,0,0
120,2023,포항시하수도,1050587.0,294440.0,272907.0,21533.0,294440.0,7.31,0.0,100,28.03
121,2023,보령시하수도,233316.0,23096.0,19691.0,3405.0,23096.0,14.74,0.0,100,9.9
122,2023,제주관광공사,35133.0,10283.0,4650.0,1800.0,6450.0,27.91,3833.0,62.72,18.36
123,2023,울주군시설관리공단,477.0,377.0,0.0,0.0,0.0,0,377.0,0,0
124,2023,양평공사,6243.0,2038.0,0.0,0.0,0.0,0,2038.0,0,0
125,2023,당진시하수도,364805.0,20164.0,0.0,0.0,0.0,0,20164.0,0,0
126,2023,평택도시공사,1637848.0,1036097.0,348239.0,330000.0,678239.0,48.66,357858.0,65.46,41.41
127,2023,강화군시설관리공단,1301.0,333.0,0.0,0.0,0.0,0,333.0,0,0
128,2023,군포도시공사,34066.0,2504.0,0.0,0.0,0.0,0,2504.0,0,0
129,2023,전주시시설관리공단,2668.0,1875.0,0.0,0.0,0.0,0,1875.0,0,0
130,2023,화성도시공사,241987.0,69812.0,0.0,0.0,0.0,0,69812.0,0,0
131,2023,화성시하수도,759630.0,131.0,0.0,131.0,131.0,100,0.0,100,0.02
132,2023,울산광역시남구도시관리공단,290.0,280.0,0.0,0.0,0.0,0,280.0,0,0
133,2023,강릉시하수도,396040.0,37356.0,0.0,0.0,0.0,0,37356.0,0,0
134,2023,인천경제자유구역청,2.396844E7,320863.0,0.0,0.0,0.0,0,320863.0,0,0
135,2023,거제시하수도,487284.0,14503.0,0.0,0.0,0.0,0,14503.0,0,0
136,2023,노원구시설관리공단,1995.0,1545.0,0.0,1545.0,1545.0,100,0.0,100,77.44
137,2023,남양주도시공사,162528.0,78636.0,0.0,0.0,0.0,0,78636.0,0,0
138,2023,중구시설관리공단,750.0,3635.0,0.0,0.0,0.0,0,3635.0,0,0
139,2023,함안군상수도,0.0,0.0,0.0,0.0,0.0,0,0.0,0,0
140,2023,통영관광개발공사,33558.0,1158.0,0.0,0.0,0.0,0,1158.0,0,0
141,2023,영양고추유통공사,45008.0,27434.0,0.0,18000.0,18000.0,100,9434.0,65.61,39.99
142,2023,음성군상수도,144767.0,79.0,0.0,0.0,0.0,0,79.0,0,0
143,2023,울산광역시도시공사,634567.0,344168.0,62241.0,51978.0,114219.0,45.51,229949.0,33.19,18
144,2023,문경관광진흥공단(폐지),385.0,285.0,0.0,0.0,0.0,0,285.0,0,0
145,2023,부안군상수도,64779.0,818.0,0.0,0.0,0.0,0,818.0,0,0
146,2023,관악구시설관리공단,1753.0,1053.0,0.0,0.0,0.0,0,1053.0,0,0
147,2023,안동시시설관리공단,646.0,446.0,0.0,0.0,0.0,0,446.0,0,0
148,2023,인천환경공단,14522.0,8522.0,0.0,0.0,0.0,0,8522.0,0,0
149,2023,제천시하수도,301920.0,82564.0,75581.0,6983.0,82564.0,8.46,0.0,100,27.35
150,2023,은평구시설관리공단,860.0,360.0,0.0,0.0,0.0,0,360.0,0,0
151,2023,충주시하수도,445009.0,54258.0,48428.0,5830.0,54258.0,10.74,0.0,100,12.19
152,2023,충청남도개발공사,958860.0,363761.0,145856.0,62734.0,208590.0,30.08,155171.0,57.34,21.75
153,2023,창원레포츠파크,1114.0,513.0,0.0,0.0,0.0,0,513.0,0,0
154,2023,광주환경공단,6142.0,5642.0,0.0,0.0,0.0,0,5642.0,0,0
155,2023,대구공공시설관리공단,617722.0,18204.0,0.0,0.0,0.0,0,18204.0,0,0
156,2023,부산환경공단,11969.0,11969.0,0.0,0.0,0.0,0,11969.0,0,0
157,2023,창원시설공단,5285.0,3285.0,0.0,0.0,0.0,0,3285.0,0,0
158,2023,청주시시설관리공단,3149.0,2649.0,0.0,0.0,0.0,0,2649.0,0,0
159,2023,정선군시설관리공단,793.0,693.0,0.0,0.0,0.0,0,693.0,0,0
160,2023,동해시시설관리공단,1244.0,723.0,0.0,0.0,0.0,0,723.0,0,0
161,2023,속초시시설관리공단,0.0,0.0,0.0,0.0,0.0,0,0.0,0,0
162,2023,연천군시설관리공단,664.0,454.0,0.0,0.0,0.0,0,454.0,0,0
163,2023,가평군시설관리공단,2431.0,2231.0,0.0,0.0,0.0,0,2231.0,0,0
164,2023,의정부시시설관리공단(폐지),9089.0,7089.0,0.0,0.0,0.0,0,7089.0,0,0
165,2023,오산시시설관리공단(폐지),10465.0,365.0,0.0,0.0,0.0,0,365.0,0,0
166,2023,안성시시설관리공단,4034.0,3984.0,0.0,0.0,0.0,0,3984.0,0,0
167,2023,시흥도시공사,217111.0,40011.0,34465.0,0.0,34465.0,0,5546.0,86.14,15.87
168,2023,부천도시공사,219993.0,119319.0,63400.0,10000.0,73400.0,13.62,45919.0,61.52,33.36
169,2023,수원도시공사,152426.0,81291.0,0.0,0.0,0.0,0,81291.0,0,0
170,2023,울산시설공단,1880.0,1310.0,0.0,0.0,0.0,0,1310.0,0,0
171,2023,대전광역시시설관리공단,12818.0,10496.0,0.0,0.0,0.0,0,10496.0,0,0
172,2023,인천광역시서구시설관리공단,2040.0,1040.0,0.0,0.0,0.0,0,1040.0,0,0
173,2023,인천광역시계양구시설관리공단,780.0,355.0,0.0,0.0,0.0,0,355.0,0,0
174,2023,인천광역시부평구시설관리공단,999.0,599.0,0.0,0.0,0.0,0,599.0,0,0
175,2023,남동구도시관리공단,851.0,451.0,0.0,0.0,0.0,0,451.0,0,0
176,2023,인천광역시미추홀구시설관리공단,943.0,443.0,0.0,0.0,0.0,0,443.0,0,0
177,2023,인천시설공단,30014.0,19433.0,0.0,0.0,0.0,0,19433.0,0,0
178,2023,부산시설공단,62108.0,56751.0,0.0,0.0,0.0,0,56751.0,0,0
179,2023,중랑구시설관리공단,1266.0,766.0,0.0,0.0,0.0,0,766.0,0,0
180,2023,종로구시설관리공단,2023.0,1164.0,0.0,0.0,0.0,0,1164.0,0,0
181,2023,용산구시설관리공단,1424.0,924.0,0.0,0.0,0.0,0,924.0,0,0
182,2023,영등포구시설관리공단,3196.0,1242.0,0.0,0.0,0.0,0,1242.0,0,0
183,2023,양천구시설관리공단,1780.0,780.0,0.0,0.0,0.0,0,780.0,0,0
184,2023,송파구시설관리공단,0.0,0.0,0.0,0.0,0.0,0,0.0,0,0
185,2023,성북구도시관리공단,2325.0,1925.0,0.0,0.0,0.0,0,1925.0,0,0
186,2023,성동구도시관리공단,2564.0,1464.0,0.0,0.0,0.0,0,1464.0,0,0
187,2023,서대문구도시관리공단,1978.0,1298.0,0.0,0.0,0.0,0,1298.0,0,0
188,2023,마포구시설관리공단,2701.0,1901.0,0.0,0.0,0.0,0,1901.0,0,0
189,2023,동작구시설관리공단,2677.0,1577.0,0.0,0.0,0.0,0,1577.0,0,0
190,2023,동대문구시설관리공단,1459.0,659.0,0.0,0.0,0.0,0,659.0,0,0
191,2023,도봉구시설관리공단,1753.0,1253.0,0.0,0.0,0.0,0,1253.0,0,0
192,2023,금천구시설관리공단,1125.0,625.0,0.0,0.0,0.0,0,625.0,0,0
193,2023,구로구시설관리공단,2854.0,2354.0,0.0,0.0,0.0,0,2354.0,0,0
194,2023,광진구시설관리공단,1283.0,883.0,0.0,0.0,0.0,0,883.0,0,0
195,2023,강서구시설관리공단,2836.0,1836.0,0.0,0.0,0.0,0,1836.0,0,0
196,2023,강북구도시관리공단,1514.0,1390.0,0.0,1390.0,1390.0,100,0.0,100,91.81
197,2023,강동구도시관리공단,1475.0,875.0,0.0,0.0,0.0,0,875.0,0,0
198,2023,강남구도시관리공단,2534.0,1334.0,0.0,0.0,0.0,0,1334.0,0,0
199,2023,서울시설공단,274749.0,245661.0,0.0,0.0,0.0,0,245661.0,0,0
200,2023,창녕군시설관리공단,2248.0,1948.0,0.0,0.0,0.0,0,1948.0,0,0
201,2023,청도공영사업공사,5735.0,2010.0,0.0,0.0,0.0,0,2010.0,0,0
202,2023,하남도시공사,709679.0,337424.0,85276.0,189006.0,274282.0,68.91,63142.0,81.29,38.65
203,2023,용인도시공사,466814.0,290460.0,89315.0,3854.0,93169.0,4.14,197291.0,32.08,19.96
204,2023,경기평택항만공사,116994.0,13661.0,0.0,0.0,0.0,0,13661.0,0,0
205,2023,광주도시관리공사,79191.0,21089.0,0.0,0.0,0.0,0,21089.0,0,0
206,2023,경기관광공사,142428.0,4471.0,0.0,0.0,0.0,0,4471.0,0,0
207,2023,구리농수산물공사,203911.0,12972.0,0.0,0.0,0.0,0,12972.0,0,0
208,2023,광주광역시 관광공사,137162.0,4235.0,0.0,0.0,0.0,0,4235.0,0,0
209,2023,서울특별시농수산식품공사,1170762.0,197104.0,81418.0,12705.0,94123.0,13.5,102981.0,47.75,8.04
210,2023,제주특별자치도개발공사,864066.0,214910.0,101419.0,0.0,101419.0,0,113491.0,47.19,11.74
211,2023,경남개발공사,1227968.0,755070.0,302228.0,127147.0,429375.0,29.61,325695.0,56.87,34.97
212,2023,경상북도개발공사,1173209.0,378529.0,138740.0,0.0,138740.0,0,239789.0,36.65,11.83
213,2023,전남개발공사,1154688.0,370590.0,110000.0,150000.0,260000.0,57.69,110590.0,70.16,22.52
214,2023,전북개발공사,818852.0,480505.0,168237.0,0.0,168237.0,0,312268.0,35.01,20.55
215,2023,충북개발공사,969386.0,611721.0,271091.0,55878.0,326969.0,17.09,284752.0,53.45,33.73
216,2023,강원개발공사,760755.0,666421.0,338934.0,49779.0,388713.0,12.81,277708.0,58.33,51.1
217,2023,경기주택도시공사,1.84458E7,1.3286622E7,5154372.0,2502529.0,7656901.0,32.68,5629721.0,57.63,41.51
218,2023,대전도시공사,966964.0,474944.0,209303.0,81670.0,290973.0,28.07,183971.0,61.26,30.09
219,2023,광주광역시도시공사,1708692.0,1207817.0,553036.0,25845.0,578881.0,4.46,628936.0,47.93,33.88
220,2023,인천도시공사,9053585.0,5980526.0,2537412.0,1723008.0,4260420.0,40.44,1720106.0,71.24,47.06
221,2023,대구도시개발공사,1721391.0,973385.0,371384.0,243387.0,614771.0,39.59,358614.0,63.16,35.71
222,2023,부산도시공사,3161445.0,1137296.0,504881.0,120000.0,624881.0,19.2,512415.0,54.94,19.77
223,2023,서울주택도시개발공사,2.7639731E7,1.770689E7,5509770.0,450418.0,5960188.0,7.56,1.1746702E7,33.66,21.56
224,2023,대전교통공사,1382342.0,49367.0,0.0,0.0,0.0,0,49367.0,0,0
225,2023,광주교통공사,1089129.0,54777.0,0.0,0.0,0.0,0,54777.0,0,0
226,2023,인천교통공사,4245545.0,382325.0,147900.0,0.0,147900.0,0,234425.0,38.68,3.48
227,2023,대구교통공사,4235131.0,680677.0,164828.0,178928.0,343756.0,52.05,336921.0,50.5,8.12
228,2023,부산교통공사,4015821.0,1653745.0,833700.0,295000.0,1128700.0,26.14,525045.0,68.25,28.11
229,2023,진주시공영개발,167141.0,0.0,0.0,0.0,0.0,0,0.0,0,0
230,2023,창원시주택건설사업,67198.0,34061.0,0.0,0.0,0.0,0,34061.0,0,0
231,2023,광양시공영개발,141891.0,0.0,0.0,0.0,0.0,0,0.0,0,0
232,2023,순천시공영개발,69415.0,0.0,0.0,0.0,0.0,0,0.0,0,0
233,2023,목포시공영개발,110114.0,201.0,0.0,0.0,0.0,0,201.0,0,0
234,2023,익산시공영개발,179572.0,27399.0,0.0,0.0,0.0,0,27399.0,0,0
235,2023,계룡시공영개발,84690.0,0.0,0.0,0.0,0.0,0,0.0,0,0
236,2023,세종특별자치시공영개발,164883.0,11146.0,1093.0,10053.0,11146.0,90.19,0.0,100,6.76
237,2023,아산시공영개발,4822.0,0.0,0.0,0.0,0.0,0,0.0,0,0
238,2023,천안시공영개발,140634.0,0.0,0.0,0.0,0.0,0,0.0,0,0
239,2023,음성군공영개발,35249.0,5521.0,0.0,0.0,0.0,0,5521.0,0,0
240,2023,충주시공영개발,0.0,0.0,0.0,0.0,0.0,0,0.0,0,0
241,2023,강릉시공영개발,79590.0,2684.0,0.0,2684.0,2684.0,100,0.0,100,3.37
242,2023,원주시공영개발,153849.0,30300.0,0.0,30300.0,30300.0,100,0.0,100,19.69
243,2023,춘천시공영개발,292364.0,4.0,0.0,4.0,4.0,100,0.0,100,0
244,2023,경기도판교테크노밸리조성사업,459333.0,23.0,0.0,0.0,0.0,0,23.0,0,0
245,2023,안성시공영개발,76918.0,129.0,0.0,0.0,0.0,0,129.0,0,0
246,2023,의왕시공영개발,53912.2,751.5,0.0,0.0,0.0,0,751.5,0,0
247,2023,시흥시공영개발,0.0,0.0,0.0,0.0,0.0,0,0.0,0,0
248,2023,의정부시공영개발,0.0,0.0,0.0,0.0,0.0,0,0.0,0,0
249,2023,성남시공영개발,123182.0,7886.0,0.0,0.0,0.0,0,7886.0,0,0
250,2023,제주특별자치도하수도,1516952.0,502928.0,453099.0,49829.0,502928.0,9.91,0.0,100,33.15
251,2023,창녕군하수도,205707.0,0.0,0.0,0.0,0.0,0,0.0,0,0
252,2023,양산시하수도,430691.0,51617.0,51142.0,475.0,51617.0,0.92,0.0,100,11.98
253,2023,밀양시하수도,409513.0,2.0,0.0,2.0,2.0,100,0.0,100,0
254,2023,통영시하수도,101705.0,56454.0,0.0,0.0,0.0,0,56454.0,0,0
255,2023,거창군하수도,189001.0,19046.0,0.0,0.0,0.0,0,19046.0,0,0
256,2023,사천시하수도,0.0,0.0,0.0,0.0,0.0,0,0.0,0,0
257,2023,김해시하수도,0.0,0.0,0.0,0.0,0.0,0,0.0,0,0
258,2023,진주시하수도,537134.0,109846.0,0.0,0.0,0.0,0,109846.0,0,0
259,2023,창원시하수도,724559.0,73022.0,0.0,0.0,0.0,0,73022.0,0,0
260,2023,영주시하수도,167339.0,84891.0,0.0,0.0,0.0,0,84891.0,0,0
261,2023,상주시하수도,110646.0,65264.0,56300.0,8964.0,65264.0,13.73,0.0,100,58.98
262,2023,경산시하수도,300167.0,0.01,0.0,0.01,0.01,100,0.0,100,0
263,2023,영천시하수도,311104.0,0.0,0.0,0.0,0.0,0,0.0,0,0
264,2023,안동시하수도,364045.0,26.0,0.0,0.0,0.0,0,26.0,0,0
265,2023,구미시하수도,720695.0,68557.0,68542.0,15.0,68557.0,0.02,0.0,100,9.51
266,2023,경주시하수도,361096.0,99669.0,87726.0,11943.0,99669.0,11.98,0.0,100,27.6
267,2023,영암군하수도,237851.0,0.0,0.0,0.0,0.0,0,0.0,0,0
268,2023,나주시하수도,252363.0,36455.0,0.0,0.0,0.0,0,36455.0,0,0
269,2023,순천시하수도,470167.0,58865.0,55980.0,2885.0,58865.0,4.9,0.0,100,12.52
270,2023,목포시하수도,457881.0,74343.0,0.0,0.0,0.0,0,74343.0,0,0
271,2023,정읍시하수도,181200.0,19222.0,0.0,36.0,36.0,100,19186.0,0.19,0.02
272,2023,익산시하수도,413041.0,85092.0,0.0,0.0,0.0,0,85092.0,0,0
273,2023,완주군하수도,29903.0,0.0,0.0,0.0,0.0,0,0.0,0,0
274,2023,전주시하수도,648204.0,61552.0,0.0,0.0,0.0,0,61552.0,0,0
275,2023,서산시하수도,336953.0,52418.0,43637.0,8781.0,52418.0,16.75,0.0,100,15.56
276,2023,아산시하수도,661294.0,48924.0,35325.0,13599.0,48924.0,27.8,0.0,100,7.4
277,2023,천안시하수도,746755.0,98305.0,87533.0,10772.0,98305.0,10.96,0.0,100,13.16
278,2023,공주시하수도,272896.0,69.0,62.0,7.0,69.0,10.14,0.0,100,0.03
279,2023,청주시하수도,1020999.0,16568.0,13291.0,3277.0,16568.0,19.78,0.0,100,1.62
280,2023,속초시하수도,167508.0,5308.0,5290.0,18.0,5308.0,0.34,0.0,100,3.17
281,2023,춘천시하수도,554117.0,76648.0,70527.0,6121.0,76648.0,7.99,0.0,100,13.83
282,2023,가평군하수도,347633.0,118.0,95.0,23.0,118.0,19.49,0.0,100,0.03
283,2023,김포시하수도,472367.0,130454.0,0.0,0.0,0.0,0,130454.0,0,0
284,2023,안양시하수도,783282.0,8799.0,0.0,0.0,0.0,0,8799.0,0,0
285,2023,평택시하수도,961903.0,89372.0,82170.0,7202.0,89372.0,8.06,0.0,100,9.29
286,2023,광주시하수도,658409.0,4988.0,2494.0,2494.0,4988.0,50,0.0,100,0.76
287,2023,안성시하수도,383739.0,41357.0,0.0,0.0,0.0,0,41357.0,0,0
288,2023,남양주시하수도,605476.0,401.0,0.0,0.0,0.0,0,401.0,0,0
289,2023,의왕시하수도,128364.0,524.0,501.0,23.0,524.0,4.39,0.0,100,0.41
290,2023,용인시하수도,1283175.0,106420.0,0.0,0.0,0.0,0,106420.0,0,0
291,2023,군포시하수도,101822.0,178.0,0.0,61.0,61.0,100,117.0,34.27,0.06
292,2023,여주시하수도,140230.0,3.0,0.0,3.0,3.0,100,0.0,100,0
293,2023,오산시하수도,301274.0,48.0,0.0,0.0,0.0,0,48.0,0,0
294,2023,포천시하수도,562437.0,338.0,0.0,0.0,0.0,0,338.0,0,0
295,2023,시흥시하수도,521883.0,60341.0,36143.0,24198.0,60341.0,40.1,0.0,100,11.56
296,2023,구리시하수도,317001.0,404.0,0.0,0.0,0.0,0,404.0,0,0
297,2023,성남시하수도,434877.0,1726.0,0.0,0.0,0.0,0,1726.0,0,0
298,2023,과천시하수도,41265.0,320.0,0.0,0.0,0.0,0,320.0,0,0
299,2023,안산시하수도,520876.0,1254.0,0.0,75.0,75.0,100,1179.0,5.98,0.01
300,2023,부천시하수도,935990.0,715.0,697.0,18.0,715.0,2.52,0.0,100,0.08
301,2023,광명시하수도,79363.0,3646.0,0.0,0.0,0.0,0,3646.0,0,0
302,2023,의정부시하수도,317412.0,2.0,0.0,2.0,2.0,100,0.0,100,0
303,2023,수원시하수도,906549.0,1764.0,1561.0,203.0,1764.0,11.51,0.0,100,0.19
304,2023,울산광역시하수도,1127367.0,146211.0,132361.0,13850.0,146211.0,9.47,0.0,100,12.97
305,2023,대전광역시하수도,834897.0,158927.0,13913.0,1988.0,15901.0,12.5,143026.0,10.01,1.9
306,2023,광주광역시하수도,987065.0,150102.0,136629.0,13473.0,150102.0,8.98,0.0,100,15.21
307,2023,인천광역시하수도,1455347.0,67010.0,57808.0,9198.0,67006.0,13.73,4.0,99.99,4.6
308,2023,대구광역시하수도,2241793.0,270355.0,0.0,0.0,0.0,0,270355.0,0,0
309,2023,부산광역시하수도,2963014.0,450830.0,428320.0,22450.0,450770.0,4.98,60.0,99.99,15.21
310,2023,제주특별자치도상수도,923881.0,126867.0,112022.0,14845.0,126867.0,11.7,0.0,100,13.73
311,2023,거창군상수도,123997.0,42.0,34.0,8.0,42.0,19.05,0.0,100,0.03
312,2023,창녕군상수도,103273.0,431.0,0.0,0.0,0.0,0,431.0,0,0
313,2023,양산시상수도,273845.0,522.0,0.0,522.0,522.0,100,0.0,100,0.19
314,2023,거제시상수도,195949.0,0.0,0.0,0.0,0.0,0,0.0,0,0
315,2023,밀양시상수도,195198.0,798.0,782.0,16.0,798.0,2.01,0.0,100,0.41
316,2023,김해시상수도,595951.0,79.0,0.0,79.0,79.0,100,0.0,100,0.01
317,2023,사천시상수도,0.0,0.0,0.0,0.0,0.0,0,0.0,0,0
318,2023,통영시상수도,67403.0,0.0,0.0,0.0,0.0,0,0.0,0,0
319,2023,진주시상수도,339321.0,744.0,0.0,0.0,0.0,0,744.0,0,0
320,2023,창원시상수도,0.0,0.0,0.0,0.0,0.0,0,0.0,0,0
321,2023,경산시상수도,307226.0,5832.0,5821.0,11.0,5832.0,0.19,0.0,100,1.9
322,2023,문경시상수도,187199.0,500.0,0.0,0.0,0.0,0,500.0,0,0
323,2023,상주시상수도,360594.0,223.0,213.0,10.0,223.0,4.48,0.0,100,0.06
324,2023,칠곡군상수도,130237.0,0.0,0.0,0.0,0.0,0,0.0,0,0
325,2023,울진군상수도,220774.0,5173.0,0.0,0.0,0.0,0,5173.0,0,0
326,2023,영천시상수도,0.0,0.0,0.0,0.0,0.0,0,0.0,0,0
327,2023,영주시상수도,199424.0,1349.0,1253.0,96.0,1349.0,7.12,0.0,100,0.68
328,2023,구미시상수도,272172.0,3685.0,3527.0,158.0,3685.0,4.29,0.0,100,1.35
329,2023,안동시상수도,471936.0,230.0,0.0,0.0,0.0,0,230.0,0,0
330,2023,김천시상수도,198171.0,124.0,68.0,56.0,124.0,45.16,0.0,100,0.06
331,2023,경주시상수도,294264.0,310.0,0.0,0.0,0.0,0,310.0,0,0
332,2023,포항시상수도,361430.0,2204.0,0.0,0.0,0.0,0,2204.0,0,0
333,2023,영암군상수도,179474.0,0.0,0.0,0.0,0.0,0,0.0,0,0
334,2023,광양시상수도,170778.0,0.0,0.0,0.0,0.0,0,0.0,0,0
335,2023,나주시상수도,149888.0,10526.0,0.0,0.0,0.0,0,10526.0,0,0
336,2023,순천시상수도,278069.0,76.0,0.0,76.0,76.0,100,0.0,100,0.03
337,2023,여수시상수도,0.0,0.0,0.0,0.0,0.0,0,0.0,0,0
338,2023,목포시상수도,160310.0,565.0,0.0,0.0,0.0,0,565.0,0,0
339,2023,고창군상수도,95558.0,108.0,0.0,108.0,108.0,100,0.0,100,0.11
340,2023,완주군상수도,26153.0,43.0,0.0,43.0,43.0,100,0.0,100,0.16
341,2023,김제시상수도,132689.0,807.0,732.0,75.0,807.0,9.29,0.0,100,0.61
342,2023,남원시상수도,0.0,0.0,0.0,0.0,0.0,0,0.0,0,0
343,2023,정읍시상수도,107438.0,6308.0,0.0,859.0,859.0,100,5449.0,13.62,0.8
344,2023,익산시상수도,190012.0,400.3,400.0,0.3,400.3,0.07,0.0,100,0.21
345,2023,군산시상수도,293795.0,664.0,0.0,0.0,0.0,0,664.0,0,0
346,2023,전주시상수도,394681.0,10064.0,0.0,0.0,0.0,0,10064.0,0,0
347,2023,홍성군상수도,137234.0,424.0,0.0,424.0,424.0,100,0.0,100,0.31
348,2023,당진시상수도,261332.0,952.0,0.0,0.0,0.0,0,952.0,0,0
349,2023,예산군상수도,85367.0,0.0,0.0,0.0,0.0,0,0.0,0,0
350,2023,논산시상수도,196629.0,0.0,0.0,0.0,0.0,0,0.0,0,0
351,2023,서산시상수도,209102.0,196.0,0.0,196.0,196.0,100,0.0,100,0.09
352,2023,아산시상수도,349933.0,569.0,0.0,0.0,0.0,0,569.0,0,0
353,2023,보령시상수도,256480.0,255.0,0.0,255.0,255.0,100,0.0,100,0.1
354,2023,공주시상수도,191415.0,1162.0,1044.0,118.0,1162.0,10.15,0.0,100,0.61
355,2023,천안시상수도,459542.0,2528.0,1356.0,1172.0,2528.0,46.36,0.0,100,0.55
356,2023,옥천군상수도,149506.0,143.0,0.0,143.0,143.0,100,0.0,100,0.1
357,2023,제천시상수도,206255.0,765.0,0.0,0.0,0.0,0,765.0,0,0
358,2023,충주시상수도,306096.0,9603.0,9466.0,137.0,9603.0,1.43,0.0,100,3.14
359,2023,청주시상수도,819804.0,5210.0,0.0,0.0,0.0,0,5210.0,0,0
360,2023,고성군상수도,0.0,0.0,0.0,0.0,0.0,0,0.0,0,0
361,2023,철원군상수도,153588.0,943.0,0.0,943.0,943.0,100,0.0,100,0.61
362,2023,정선군상수도,110597.0,0.0,0.0,0.0,0.0,0,0.0,0,0
363,2023,홍천군상수도,239599.0,196.0,0.0,0.0,0.0,0,196.0,0,0
364,2023,삼척시상수도,193964.0,300.0,283.0,17.0,300.0,5.67,0.0,100,0.15
365,2023,속초시상수도,130829.0,416.0,404.0,12.0,416.0,2.88,0.0,100,0.32
366,2023,태백시상수도,120703.0,185.0,0.0,185.0,185.0,100,0.0,100,0.15
367,2023,동해시상수도,99913.0,927.0,725.0,202.0,927.0,21.79,0.0,100,0.93
368,2023,강릉시상수도,281390.0,990.0,0.0,0.0,0.0,0,990.0,0,0
369,2023,원주시상수도,312534.0,1023.0,0.0,0.0,0.0,0,1023.0,0,0
370,2023,춘천시상수도,385725.0,6968.0,6727.0,241.0,6968.0,3.46,0.0,100,1.81
371,2023,인제군상수도,259074.0,5487.0,33.0,5454.0,5487.0,99.4,0.0,100,2.12
372,2023,평창군상수도,305923.0,5.0,0.0,5.0,5.0,100,0.0,100,0
373,2023,영월군상수도,180687.0,71.0,0.0,71.0,71.0,100,0.0,100,0.04
374,2023,가평군상수도,156642.0,1279.0,1186.0,93.0,1279.0,7.27,0.0,100,0.82
375,2023,여주시상수도,257760.0,2046.0,0.0,0.0,0.0,0,2046.0,0,0
376,2023,양평군상수도,249531.0,647.0,0.0,0.0,0.0,0,647.0,0,0
377,2023,포천시상수도,230066.0,6441.0,0.0,54.0,54.0,100,6387.0,0.84,0.02
378,2023,안성시상수도,256021.0,1170.0,0.0,0.0,0.0,0,1170.0,0,0
379,2023,연천군상수도,254426.0,217.0,0.0,217.0,217.0,100,0.0,100,0.09
380,2023,광주시상수도,436011.0,30.0,0.0,30.0,30.0,100,0.0,100,0.01
381,2023,화성시상수도,821556.0,1949.0,476.0,1473.0,1949.0,75.58,0.0,100,0.24
382,2023,이천시상수도,336269.0,912.0,721.0,191.0,912.0,20.94,0.0,100,0.27
383,2023,파주시상수도,399111.0,110.0,0.0,0.0,0.0,0,110.0,0,0
384,2023,용인시상수도,589062.0,5183.0,0.0,0.0,0.0,0,5183.0,0,0
385,2023,하남시상수도,204235.0,0.0,0.0,0.0,0.0,0,0.0,0,0
386,2023,양주시상수도,58623.0,17.0,0.0,0.0,0.0,0,17.0,0,0
387,2023,의왕시상수도,117569.0,251.0,26.0,225.0,251.0,89.64,0.0,100,0.21
388,2023,군포시상수도,181712.0,1027.0,146.0,881.0,1027.0,85.78,0.0,100,0.57
389,2023,시흥시상수도,276653.0,599.0,255.0,344.0,599.0,57.43,0.0,100,0.22
390,2023,오산시상수도,0.0,0.0,0.0,0.0,0.0,0,0.0,0,0
391,2023,남양주시상수도,336399.0,865.0,0.0,0.0,0.0,0,865.0,0,0
392,2023,평택시상수도,999719.0,4142.0,0.0,0.0,0.0,0,4142.0,0,0
393,2023,김포시상수도,520910.0,87.0,0.0,0.0,0.0,0,87.0,0,0
394,2023,구리시상수도,105350.0,461.0,0.0,0.0,0.0,0,461.0,0,0
395,2023,과천시상수도,61073.0,121.0,0.0,121.0,121.0,100,0.0,100,0.2
396,2023,고양시상수도,0.0,3032.0,0.0,0.0,0.0,0,3032.0,0,0
397,2023,안산시상수도,420865.0,1372.0,0.0,0.0,0.0,0,1372.0,0,0
398,2023,동두천시상수도,175487.0,29089.0,0.0,0.0,0.0,0,29089.0,0,0
399,2023,광명시상수도,141889.0,3492.0,0.0,0.0,0.0,0,3492.0,0,0
400,2023,부천시상수도,399134.0,4751.0,0.0,0.0,0.0,0,4751.0,0,0
401,2023,안양시상수도,389306.0,781.0,0.0,0.0,0.0,0,781.0,0,0
402,2023,의정부시상수도,143112.0,2.0,0.0,2.0,2.0,100,0.0,100,0
403,2023,성남시상수도,478175.0,3211.0,0.0,0.0,0.0,0,3211.0,0,0
404,2023,수원시상수도,420422.0,1414.0,0.0,0.0,0.0,0,1414.0,0,0
405,2023,울산광역시상수도,787886.0,27761.0,26775.0,27.0,26802.0,0.1,959.0,96.55,3.4
406,2023,대전광역시상수도,882021.0,31362.0,0.0,0.0,0.0,0,31362.0,0,0
407,2023,광주광역시상수도,834634.0,12439.0,2240.0,0.0,2240.0,0,10199.0,18.01,0.27
408,2023,인천광역시상수도,1928893.0,108424.0,91014.0,0.0,91014.0,0,17410.0,83.94,4.72
409,2023,대구광역시상수도,1532552.0,80729.0,72000.0,0.0,72000.0,0,8729.0,89.19,4.7
410,2023,부산광역시상수도,2301724.0,20788.0,0.0,0.0,0.0,0,20788.0,0,0
411,2023,서울특별시상수도,5244312.0,143963.0,0.0,0.0,0.0,0,143963.0,0,0
1,2024,안양시공영개발,73149.0,56106.0,56000.0,106.0,56106.0,0.19,0.0,100,76.7
2,2024,문경관광공사,387.0,287.0,0.0,0.0,0.0,0,287.0,0,0
3,2024,완도해양치유관리공단,522.0,422.0,0.0,0.0,0.0,0,422.0,0,0
4,2024,완주군시설관리공단,0.0,0.0,0.0,0.0,0.0,0,0.0,0,0
5,2024,오산도시공사,0.0,0.0,0.0,0.0,0.0,0,0.0,0,0
6,2024,의정부도시공사,0.0,0.0,0.0,0.0,0.0,0,0.0,0,0
7,2024,진주시시설관리공단,0.0,0.0,0.0,0.0,0.0,0,0.0,0,0
8,2024,동두천시시설관리공단,753.0,553.0,0.0,0.0,0.0,0,553.0,0,0
9,2024,대구농수산물유통관리공사,452566.0,813.0,0.0,0.0,0.0,0,813.0,0,0
10,2024,여주도시공사,12393.0,10185.0,0.0,0.0,0.0,0,10185.0,0,0
11,2024,구미도시공사,32632.0,5371.0,0.0,0.0,0.0,0,5371.0,0,0
12,2024,태백시시설관리공단,0.0,0.0,0.0,0.0,0.0,0,0.0,0,0
13,2024,천안도시공사,7216.0,3406.0,0.0,0.0,0.0,0,3406.0,0,0
14,2024,익산시도시관리공단,0.0,0.0,0.0,0.0,0.0,0,0.0,0,0
15,2024,부산광역시남구시설관리공단,1331.0,831.0,0.0,0.0,0.0,0,831.0,0,0
16,2024,양주도시공사,21164.0,1806.0,0.0,0.0,0.0,0,1806.0,0,0
17,2024,합천군시설관리공단,0.0,0.0,0.0,0.0,0.0,0,0.0,0,0
18,2024,단양관광공사,0.0,0.0,0.0,0.0,0.0,0,0.0,0,0
19,2024,전남광주통합특별시 서구시설관리공단,0.0,0.0,0.0,0.0,0.0,0,0.0,0,0
20,2024,전남광주통합특별시북구시설관리공단,3166.0,3016.0,0.0,3016.0,3016.0,100,0.0,100,95.26
21,2024,김천시시설관리공단,0.0,0.0,0.0,0.0,0.0,0,0.0,0,0
22,2024,예산군하수도,220005.0,0.0,0.0,0.0,0.0,0,0.0,0,0
23,2024,평창군시설관리공단,0.0,0.0,0.0,0.0,0.0,0,0.0,0,0
24,2024,금산군하수도,139361.0,17669.0,15001.0,2668.0,17669.0,15.1,0.0,100,12.68
25,2024,서울물재생시설공단,0.0,0.0,0.0,0.0,0.0,0,0.0,0,0
26,2024,경기교통공사,118734.0,103684.0,0.0,0.0,0.0,0,103684.0,0,0
27,2024,원주시시설관리공단,2132.0,1832.0,0.0,0.0,0.0,0,1832.0,0,0
28,2024,김포도시공사,182776.0,11528.0,0.0,0.0,0.0,0,11528.0,0,0
29,2024,파주도시공사,46665.0,6786.0,0.0,0.0,0.0,0,6786.0,0,0
30,2024,영천시시설관리공단,1085.0,585.0,0.0,0.0,0.0,0,585.0,0,0
31,2024,과천도시공사,421181.0,232208.0,90012.0,42708.0,132720.0,32.18,99488.0,57.16,31.51
32,2024,울산광역시북구시설관리공단,226.0,76.0,0.0,76.0,76.0,100,0.0,100,33.63
33,2024,포천도시공사,48614.0,18666.0,0.0,0.0,0.0,0,18666.0,0,0
34,2024,안양도시공사,123831.0,27846.0,0.0,0.0,0.0,0,27846.0,0,0
35,2024,예천군하수도,0.0,0.0,0.0,0.0,0.0,0,0.0,0,0
36,2024,예천군상수도,140138.0,32.0,0.0,0.0,0.0,0,32.0,0,0
37,2024,고성군하수도,138219.0,0.0,0.0,0.0,0.0,0,0.0,0,0
38,2024,고성군상수도,84299.0,0.0,0.0,0.0,0.0,0,0.0,0,0
39,2024,세종도시교통공사,99110.0,13168.0,0.0,0.0,0.0,0,13168.0,0,0
40,2024,사천시시설관리공단,0.0,1801.0,321.0,1480.0,1801.0,82.18,0.0,100,0
41,2024,제주특별자치도공영버스,0.0,0.0,0.0,0.0,0.0,0,0.0,0,0
42,2024,서울특별시하수도,7030739.0,8691.0,0.0,0.0,0.0,0,8691.0,0,0
43,2024,경주시시설관리공단,290.62,190.62,0.0,190.62,190.62,100,0.0,100,65.59
44,2024,인천광역시연수구시설안전관리공단,888.0,388.0,0.0,0.0,0.0,0,388.0,0,0
45,2024,서울교통공사,1.5803593E7,7347324.0,3544442.0,643000.0,4187442.0,15.36,3159882.0,56.99,26.5
46,2024,태안군하수도,135193.0,0.0,0.0,0.0,0.0,0,0.0,0,0
47,2024,태안군상수도,166169.0,0.0,0.0,0.0,0.0,0,0.0,0,0
48,2024,김제시하수도,207615.0,56476.0,50215.0,6261.0,56476.0,11.09,0.0,100,27.2
49,2024,부여군하수도,181650.0,2.0,0.0,2.0,2.0,100,0.0,100,0
50,2024,하남시하수도,230856.0,202.0,181.0,21.0,202.0,10.4,0.0,100,0.09
51,2024,서울에너지공사,571750.0,380956.0,254529.0,15590.0,270119.0,5.77,110837.0,70.91,47.24
52,2024,충주시시설관리공단,0.0,0.0,0.0,0.0,0.0,0,0.0,0,0
53,2024,세종특별자치시시설관리공단,5408.0,3408.0,0.0,0.0,0.0,0,3408.0,0,0
54,2024,밀양시시설관리공단,1050.0,750.0,118.0,632.0,750.0,84.27,0.0,100,71.43
55,2024,군산시하수도,546797.0,42891.0,34588.0,7600.0,42188.0,18.01,703.0,98.36,7.72
56,2024,홍성군하수도,126653.0,44649.0,0.0,0.0,0.0,0,44649.0,0,0
57,2024,동해시하수도,163345.0,0.0,0.0,0.0,0.0,0,0.0,0,0
58,2024,원주시하수도,505536.0,67713.0,60003.0,7710.0,67713.0,11.39,0.0,100,13.39
59,2024,양주시하수도,524732.0,4189.0,0.0,0.0,0.0,0,4189.0,0,0
60,2024,서천군상수도,106222.0,1191.0,0.0,0.0,0.0,0,1191.0,0,0
61,2024,부여군상수도,163296.0,1693.0,869.0,824.0,1693.0,48.67,0.0,100,1.04
62,2024,금산군상수도,98858.0,667.0,0.0,667.0,667.0,100,0.0,100,0.67
63,2024,인천관광공사,189365.0,11104.0,0.0,0.0,0.0,0,11104.0,0,0
64,2024,광명도시공사,45323.0,14628.0,4848.0,0.0,4848.0,0,9780.0,33.14,10.7
65,2024,영덕군하수도,91694.0,14912.0,11983.0,2929.0,14912.0,19.64,0.0,100,16.26
66,2024,문경시하수도,181602.0,57026.0,50624.0,6316.0,56940.0,11.09,86.0,99.85,31.35
67,2024,논산시하수도,348893.0,12690.0,0.0,0.0,0.0,0,12690.0,0,0
68,2024,과천시지식정보타운조성사업,0.0,0.0,0.0,0.0,0.0,0,0.0,0,0
69,2024,아산시시설관리공단,1825.0,1025.0,0.0,0.0,0.0,0,1025.0,0,0
70,2024,장수한우지방공사,7497.0,3578.0,0.0,0.0,0.0,0,3578.0,0,0
71,2024,광주광역시광산구시설관리공단,906.0,706.0,0.0,0.0,0.0,0,706.0,0,0
72,2024,대구광역시달성군시설관리공단,2144.0,1844.0,0.0,0.0,0.0,0,1844.0,0,0
73,2024,김해시도시개발공사,109743.0,25227.0,15000.0,5000.0,20000.0,25,5227.0,79.28,18.22
74,2024,합천군상수도,0.0,0.0,0.0,0.0,0.0,0,0.0,0,0
75,2024,성남도시개발공사,140192.0,18459.0,0.0,0.0,0.0,0,18459.0,0,0
76,2024,부여군시설관리공단,542.0,242.0,0.0,0.0,0.0,0,242.0,0,0
77,2024,세종특별자치시하수도,910010.0,8017.0,6502.0,1515.0,8017.0,18.9,0.0,100,0.88
78,2024,진천군하수도,202988.0,19005.0,15417.0,3588.0,19005.0,18.88,0.0,100,9.36
79,2024,진천군상수도,122579.0,229.0,81.0,148.0,229.0,64.63,0.0,100,0.19
80,2024,울산광역시중구도시관리공단,278.0,105.0,0.0,0.0,0.0,0,105.0,0,0
81,2024,이천시시설관리공단,941.0,531.0,0.0,0.0,0.0,0,531.0,0,0
82,2024,부산관광공사,17680.0,2863.0,0.0,0.0,0.0,0,2863.0,0,0
83,2024,구리도시공사,146952.0,16501.0,0.0,8402.0,8402.0,100,8099.0,50.92,5.72
84,2024,경상북도문화관광공사,410225.0,50576.0,26442.0,5289.0,31731.0,16.67,18845.0,62.74,7.74
85,2024,제주에너지공사,146499.0,2492.0,0.0,0.0,0.0,0,2492.0,0,0
86,2024,광양시하수도,371522.0,33.0,0.0,0.0,0.0,0,33.0,0,0
87,2024,세종특별자치시상수도,377383.0,78830.0,74345.0,4485.0,78830.0,5.69,0.0,100,20.89
88,2024,여수시하수도,408609.0,0.0,0.0,0.0,0.0,0,0.0,0,0
89,2024,옥천군하수도,179954.0,9681.0,8066.0,1615.0,9681.0,16.68,0.0,100,5.38
90,2024,남원시하수도,271865.0,352.0,352.0,0.0,352.0,0,0.0,100,0.13
91,2024,영광군하수도,162259.0,0.0,0.0,0.0,0.0,0,0.0,0,0
92,2024,영광군상수도,118726.0,0.0,0.0,0.0,0.0,0,0.0,0,0
93,2024,거제해양관광개발공사,60810.0,9446.0,0.0,1150.0,1150.0,100,8296.0,12.17,1.89
94,2024,대전관광공사,265040.0,43154.0,9447.0,5773.0,15220.0,37.93,27934.0,35.27,5.74
95,2024,양평군하수도,483261.0,173.0,0.0,0.0,0.0,0,173.0,0,0
96,2024,영월군시설관리공단,516.0,416.0,0.0,0.0,0.0,0,416.0,0,0
97,2024,계룡시하수도,60844.0,13596.0,11071.0,2525.0,13596.0,18.57,0.0,100,22.35
98,2024,의왕도시공사,99468.0,3645.0,0.0,0.0,0.0,0,3645.0,0,0
99,2024,고양도시관리공사,1077088.0,599396.0,436610.0,102263.0,538873.0,18.98,60523.0,89.9,50.03
100,2024,양양군상수도,95996.0,276.0,224.0,52.0,276.0,18.84,0.0,100,0.29
101,2024,계룡시상수도,56278.0,362.0,0.0,362.0,362.0,100,0.0,100,0.64
102,2024,증평군하수도,109846.0,9155.0,0.0,0.0,0.0,0,9155.0,0,0
103,2024,고양시하수도,773845.0,2174.0,1868.0,306.0,2174.0,14.08,0.0,100,0.28
104,2024,음성군하수도,244643.0,21161.0,17778.0,3383.0,21161.0,15.99,0.0,100,8.65
105,2024,김천시하수도,109378.0,27.0,0.0,27.0,27.0,100,0.0,100,0.02
106,2024,화순군하수도,171566.0,0.0,0.0,0.0,0.0,0,0.0,0,0
107,2024,화순군상수도,196042.0,365.0,280.0,85.0,365.0,23.29,0.0,100,0.19
108,2024,영동군상수도,167704.0,420.0,0.0,0.0,0.0,0,420.0,0,0
109,2024,포항시시설관리공단,983.0,783.0,0.0,0.0,0.0,0,783.0,0,0
110,2024,춘천도시공사,49874.0,21778.0,0.0,0.0,0.0,0,21778.0,0,0
111,2024,이천시하수도,186631.0,334.0,46.0,288.0,334.0,86.23,0.0,100,0.18
112,2024,강릉관광개발공사,16294.0,6421.0,0.0,0.0,0.0,0,6421.0,0,0
113,2024,보령시시설관리공단,2122.0,1822.0,0.0,0.0,0.0,0,1822.0,0,0
114,2024,당진도시공사,3916.0,440.0,0.0,0.0,0.0,0,440.0,0,0
115,2024,연천군하수도,361051.0,23.0,0.0,23.0,23.0,100,0.0,100,0.01
116,2024,칠곡군하수도,297181.0,50240.0,44179.0,6061.0,50240.0,12.06,0.0,100,16.91
117,2024,의령친환경골프장관리사업소,7924.0,19.0,0.0,19.0,19.0,100,0.0,100,0.24
118,2024,경기도고덕국제화계획지구조성사업,165287.0,163063.0,0.0,0.0,0.0,0,163063.0,0,0
119,2024,인천광역시제물포구시설관리공단,827.0,368.0,0.0,0.0,0.0,0,368.0,0,0
120,2024,여수시도시관리공단,966.0,466.0,0.0,0.0,0.0,0,466.0,0,0
121,2024,단양군상수도,0.0,0.0,0.0,0.0,0.0,0,0.0,0,0
122,2024,영덕군상수도,72366.0,1185.0,1075.0,110.0,1185.0,9.28,0.0,100,1.64
123,2024,양산시시설관리공단,597.0,397.0,0.0,0.0,0.0,0,397.0,0,0
124,2024,동두천시하수도,135883.0,43.0,0.0,0.0,0.0,0,43.0,0,0
125,2024,부산광역시기장군도시관리공단,1522.0,1021.0,0.0,0.0,0.0,0,1021.0,0,0
126,2024,함안지방공사,13983.0,3445.0,0.0,0.0,0.0,0,3445.0,0,0
127,2024,의성군상수도,229785.0,44.0,42.0,2.0,44.0,4.55,0.0,100,0.02
128,2024,안산도시공사,569157.0,245810.0,77422.0,141956.0,219378.0,64.71,26432.0,89.25,38.54
129,2024,파주시하수도,892205.0,105558.0,0.0,0.0,0.0,0,105558.0,0,0
130,2024,포항시하수도,1089310.0,260599.0,240486.0,20113.0,260599.0,7.72,0.0,100,23.92
131,2024,보령시하수도,268791.0,19790.0,17089.0,2701.0,19790.0,13.65,0.0,100,7.36
132,2024,제주관광공사,33658.0,10281.0,4450.0,1133.0,5583.0,20.29,4698.0,54.3,16.59
133,2024,울주군시설관리공단,1814.0,1314.0,0.0,0.0,0.0,0,1314.0,0,0
134,2024,양평공사,12231.0,5603.0,0.0,0.0,0.0,0,5603.0,0,0
135,2024,당진시하수도,364349.0,16998.0,0.0,0.0,0.0,0,16998.0,0,0
136,2024,평택도시공사,1595087.0,950101.0,245064.0,391117.0,636181.0,61.48,313920.0,66.96,39.88
137,2024,강화군시설관리공단,1309.0,341.0,0.0,0.0,0.0,0,341.0,0,0
138,2024,군포도시공사,34306.0,2545.0,0.0,0.0,0.0,0,2545.0,0,0
139,2024,전주시시설관리공단,4650.0,3857.0,0.0,0.0,0.0,0,3857.0,0,0
140,2024,화성도시공사,255783.0,82795.0,0.0,0.0,0.0,0,82795.0,0,0
141,2024,화성시하수도,763272.0,15.0,0.0,15.0,15.0,100,0.0,100,0
142,2024,울산광역시남구도시관리공단,229.0,219.0,0.0,0.0,0.0,0,219.0,0,0
143,2024,강릉시하수도,428375.0,32267.0,0.0,0.0,0.0,0,32267.0,0,0
144,2024,인천경제자유구역청,2.291199E7,299086.0,0.0,0.0,0.0,0,299086.0,0,0
145,2024,거제시하수도,463021.0,12915.0,0.0,0.0,0.0,0,12915.0,0,0
146,2024,노원구시설관리공단,2045.0,1595.0,0.0,1595.0,1595.0,100,0.0,100,78
147,2024,남양주도시공사,180674.0,84780.0,0.0,0.0,0.0,0,84780.0,0,0
148,2024,중구시설관리공단,750.0,2684.0,0.0,0.0,0.0,0,2684.0,0,0
149,2024,함안군상수도,0.0,0.0,0.0,0.0,0.0,0,0.0,0,0
150,2024,통영관광개발공사,34563.0,1810.0,0.0,0.0,0.0,0,1810.0,0,0
151,2024,영양고추유통공사,37283.0,18671.0,0.0,8000.0,8000.0,100,10671.0,42.85,21.46
152,2024,음성군상수도,146429.0,31.0,0.0,0.0,0.0,0,31.0,0,0
153,2024,울산광역시도시공사,571017.0,274475.0,56620.0,20000.0,76620.0,26.1,197855.0,27.92,13.42
154,2024,부안군상수도,62190.0,518.0,0.0,0.0,0.0,0,518.0,0,0
155,2024,관악구시설관리공단,1490.0,790.0,0.0,0.0,0.0,0,790.0,0,0
156,2024,안동시시설관리공단,964.0,764.0,0.0,0.0,0.0,0,764.0,0,0
157,2024,인천환경공단,12426.0,6426.0,0.0,0.0,0.0,0,6426.0,0,0
158,2024,제천시하수도,328626.0,79542.0,71906.0,7636.0,79542.0,9.6,0.0,100,24.2
159,2024,은평구시설관리공단,863.0,363.0,0.0,0.0,0.0,0,363.0,0,0
160,2024,충주시하수도,324122.0,48411.0,42151.0,6074.0,48225.0,12.6,186.0,99.62,14.88
161,2024,충청남도개발공사,1111488.0,449758.0,186560.0,39312.0,225872.0,17.4,223886.0,50.22,20.32
162,2024,창원레포츠파크,1020.0,418.0,0.0,0.0,0.0,0,418.0,0,0
163,2024,광주환경공단,7574.0,7074.0,0.0,0.0,0.0,0,7074.0,0,0
164,2024,대구공공시설관리공단,290517.0,20660.0,0.0,0.0,0.0,0,20660.0,0,0
165,2024,부산환경공단,13616.0,13616.0,0.0,0.0,0.0,0,13616.0,0,0
166,2024,창원시설공단,6890.0,4890.0,0.0,0.0,0.0,0,4890.0,0,0
167,2024,청주시시설관리공단,2946.0,2446.0,47.0,2399.0,2446.0,98.08,0.0,100,83.03
168,2024,정선군시설관리공단,817.0,717.0,0.0,0.0,0.0,0,717.0,0,0
169,2024,동해시시설관리공단,1282.0,739.0,0.0,0.0,0.0,0,739.0,0,0
170,2024,속초시시설관리공단,0.0,0.0,0.0,0.0,0.0,0,0.0,0,0
171,2024,연천군시설관리공단,601.0,391.0,0.0,0.0,0.0,0,391.0,0,0
172,2024,가평군시설관리공단,2215.0,1973.0,0.0,0.0,0.0,0,1973.0,0,0
173,2024,안성시시설관리공단,3790.0,3740.0,0.0,0.0,0.0,0,3740.0,0,0
174,2024,시흥도시공사,213515.0,27108.0,137.0,20000.0,20137.0,99.32,6971.0,74.28,9.43
175,2024,부천도시공사,280789.0,178808.0,63400.0,77400.0,140800.0,54.97,38008.0,78.74,50.14
176,2024,수원도시공사,152557.0,80922.0,0.0,0.0,0.0,0,80922.0,0,0
177,2024,울산시설공단,2636.0,2066.0,0.0,0.0,0.0,0,2066.0,0,0
178,2024,대전광역시시설관리공단,12410.0,8018.0,0.0,0.0,0.0,0,8018.0,0,0
179,2024,인천광역시서구시설관리공단,2122.0,1122.0,0.0,0.0,0.0,0,1122.0,0,0
180,2024,인천광역시계양구시설관리공단,940.0,514.0,0.0,0.0,0.0,0,514.0,0,0
181,2024,인천광역시부평구시설관리공단,1091.0,691.0,0.0,0.0,0.0,0,691.0,0,0
182,2024,남동구도시관리공단,2458.0,2058.0,0.0,0.0,0.0,0,2058.0,0,0
183,2024,인천광역시미추홀구시설관리공단,986.0,486.0,0.0,0.0,0.0,0,486.0,0,0
184,2024,인천시설공단,26385.0,15803.0,0.0,0.0,0.0,0,15803.0,0,0
185,2024,부산시설공단,70774.0,65370.0,0.0,0.0,0.0,0,65370.0,0,0
186,2024,중랑구시설관리공단,1382.0,782.0,0.0,0.0,0.0,0,782.0,0,0
187,2024,종로구시설관리공단,1868.0,1009.0,0.0,0.0,0.0,0,1009.0,0,0
188,2024,용산구시설관리공단,1428.0,928.0,0.0,0.0,0.0,0,928.0,0,0
189,2024,영등포구시설관리공단,3394.0,1441.0,0.0,0.0,0.0,0,1441.0,0,0
190,2024,양천구시설관리공단,1524.0,524.0,0.0,0.0,0.0,0,524.0,0,0
191,2024,송파구시설관리공단,0.0,0.0,0.0,0.0,0.0,0,0.0,0,0
192,2024,성북구도시관리공단,2414.0,2014.0,0.0,0.0,0.0,0,2014.0,0,0
193,2024,성동구도시관리공단,2522.0,1422.0,0.0,0.0,0.0,0,1422.0,0,0
194,2024,서대문구도시관리공단,1967.0,1287.0,0.0,0.0,0.0,0,1287.0,0,0
195,2024,마포구시설관리공단,2850.0,2050.0,0.0,0.0,0.0,0,2050.0,0,0
196,2024,동작구시설관리공단,2602.0,1502.0,0.0,0.0,0.0,0,1502.0,0,0
197,2024,동대문구시설관리공단,1611.0,811.0,0.0,0.0,0.0,0,811.0,0,0
198,2024,도봉구시설관리공단,2771.0,2271.0,0.0,0.0,0.0,0,2271.0,0,0
199,2024,금천구시설관리공단,1136.0,636.0,0.0,0.0,0.0,0,636.0,0,0
200,2024,구로구시설관리공단,1383.0,883.0,0.0,0.0,0.0,0,883.0,0,0
201,2024,광진구시설관리공단,1368.0,968.0,0.0,0.0,0.0,0,968.0,0,0
202,2024,강서구시설관리공단,2748.0,1748.0,0.0,0.0,0.0,0,1748.0,0,0
203,2024,강북구도시관리공단,1490.0,1230.0,28.0,1202.0,1230.0,97.72,0.0,100,82.55
204,2024,강동구도시관리공단,1312.0,712.0,0.0,0.0,0.0,0,712.0,0,0
205,2024,강남구도시관리공단,2252.0,1052.0,0.0,0.0,0.0,0,1052.0,0,0
206,2024,서울시설공단,281747.0,252659.0,0.0,0.0,0.0,0,252659.0,0,0
207,2024,창녕군시설관리공단,2676.0,2376.0,0.0,0.0,0.0,0,2376.0,0,0
208,2024,청도공영사업공사,5121.0,1336.0,0.0,0.0,0.0,0,1336.0,0,0
209,2024,하남도시공사,597948.0,246810.0,7571.0,187814.0,195385.0,96.13,51425.0,79.16,32.68
210,2024,용인도시공사,486817.0,295438.0,20895.0,73841.0,94736.0,77.94,200702.0,32.07,19.46
211,2024,경기평택항만공사,119835.0,15444.0,0.0,0.0,0.0,0,15444.0,0,0
212,2024,광주도시관리공사,80166.0,19890.0,0.0,0.0,0.0,0,19890.0,0,0
213,2024,경기관광공사,140376.0,4251.0,0.0,0.0,0.0,0,4251.0,0,0
214,2024,구리농수산물공사,204720.0,12606.0,0.0,0.0,0.0,0,12606.0,0,0
215,2024,광주광역시 관광공사,134231.0,2878.0,0.0,0.0,0.0,0,2878.0,0,0
216,2024,서울특별시농수산식품공사,1196032.0,213125.0,85514.0,12705.0,98219.0,12.94,114906.0,46.09,8.21
217,2024,제주특별자치도개발공사,916871.0,231219.0,113912.0,0.0,113912.0,0,117307.0,49.27,12.42
218,2024,경남개발공사,1217050.0,749894.0,269716.0,165902.0,435618.0,38.08,314276.0,58.09,35.79
219,2024,경상북도개발공사,1340590.0,464679.0,216831.0,0.0,216831.0,0,247848.0,46.66,16.17
220,2024,전남개발공사,1028295.0,215225.0,85000.0,25000.0,110000.0,22.73,105225.0,51.11,10.7
221,2024,전북개발공사,809207.0,447457.0,103212.0,54080.0,157292.0,34.38,290165.0,35.15,19.44
222,2024,충북개발공사,1032610.0,656033.0,283690.0,118747.0,402437.0,29.51,253596.0,61.34,38.97
223,2024,강원개발공사,780887.0,594922.0,159195.0,176404.0,335599.0,52.56,259323.0,56.41,42.98
224,2024,경기주택도시공사,2.0140536E7,1.4661682E7,6414087.0,3038798.0,9452885.0,32.15,5208797.0,64.47,46.93
225,2024,대전도시공사,992012.0,471502.0,90874.0,145958.0,236832.0,61.63,234670.0,50.23,23.87
226,2024,광주광역시도시공사,1838108.0,1331345.0,713726.0,51586.0,765312.0,6.74,566033.0,57.48,41.64
227,2024,인천도시공사,9018128.0,5984783.0,2798168.0,1450369.0,4248537.0,34.14,1736246.0,70.99,47.11
228,2024,대구도시개발공사,1562132.0,756132.0,434602.0,108043.0,542645.0,19.91,213487.0,71.77,34.74
229,2024,부산도시공사,3493043.0,1406345.0,814248.0,100000.0,914248.0,10.94,492097.0,65.01,26.17
230,2024,서울주택도시개발공사,3.0301505E7,2.002363E7,6028621.0,1046489.0,7075110.0,14.79,1.294852E7,35.33,23.35
231,2024,대전교통공사,1345365.0,48128.0,0.0,0.0,0.0,0,48128.0,0,0
232,2024,광주교통공사,1052255.0,58193.0,0.0,0.0,0.0,0,58193.0,0,0
233,2024,인천교통공사,4134623.0,418576.0,100000.0,67900.0,167900.0,40.44,250676.0,40.11,4.06
234,2024,대구교통공사,4106168.0,658421.0,174844.0,139968.0,314812.0,44.46,343609.0,47.81,7.67
235,2024,부산교통공사,4107835.0,1809222.0,634600.0,525300.0,1159900.0,45.29,649322.0,64.11,28.24
236,2024,진주시공영개발,90718.0,0.0,0.0,0.0,0.0,0,0.0,0,0
237,2024,창원시주택건설사업,64504.0,33850.0,0.0,0.0,0.0,0,33850.0,0,0
238,2024,광양시공영개발,149859.0,6677.0,6677.0,0.0,6677.0,0,0.0,100,4.46
239,2024,순천시공영개발,70455.0,0.0,0.0,0.0,0.0,0,0.0,0,0
240,2024,목포시공영개발,109829.0,0.0,0.0,0.0,0.0,0,0.0,0,0
241,2024,익산시공영개발,180170.0,27191.0,0.0,0.0,0.0,0,27191.0,0,0
242,2024,계룡시공영개발,83319.0,0.0,0.0,0.0,0.0,0,0.0,0,0
243,2024,세종특별자치시공영개발,169428.0,15109.0,0.0,15109.0,15109.0,100,0.0,100,8.92
244,2024,아산시공영개발,4468.0,0.0,0.0,0.0,0.0,0,0.0,0,0
245,2024,천안시공영개발,143015.0,0.0,0.0,0.0,0.0,0,0.0,0,0
246,2024,음성군공영개발,33486.0,5522.0,0.0,0.0,0.0,0,5522.0,0,0
247,2024,충주시공영개발,139547.0,743.0,0.0,743.0,743.0,100,0.0,100,0.53
248,2024,강릉시공영개발,76285.0,1675.0,0.0,1675.0,1675.0,100,0.0,100,2.2
249,2024,원주시공영개발,166406.0,31811.0,0.0,31811.0,31811.0,100,0.0,100,19.12
250,2024,춘천시공영개발,282921.0,0.0,0.0,0.0,0.0,0,0.0,0,0
251,2024,경기도판교테크노밸리조성사업,446243.0,21.0,0.0,0.0,0.0,0,21.0,0,0
252,2024,안성시공영개발,78454.0,0.0,0.0,0.0,0.0,0,0.0,0,0
253,2024,의왕시공영개발,64373.0,4950.0,0.0,0.0,0.0,0,4950.0,0,0
254,2024,시흥시공영개발,0.0,0.0,0.0,0.0,0.0,0,0.0,0,0
255,2024,의정부시공영개발,0.0,0.0,0.0,0.0,0.0,0,0.0,0,0
256,2024,성남시공영개발,192699.0,77959.0,0.0,0.0,0.0,0,77959.0,0,0
257,2024,제주특별자치도하수도,1555676.0,505664.0,458034.0,47630.0,505664.0,9.42,0.0,100,32.5
258,2024,창녕군하수도,200142.0,0.0,0.0,0.0,0.0,0,0.0,0,0
259,2024,양산시하수도,441497.0,45885.0,45879.0,6.0,45885.0,0.01,0.0,100,10.39
260,2024,밀양시하수도,426830.0,214.0,0.0,214.0,214.0,100,0.0,100,0.05
261,2024,통영시하수도,96206.0,51044.0,0.0,0.0,0.0,0,51044.0,0,0
262,2024,거창군하수도,189824.0,17096.0,0.0,0.0,0.0,0,17096.0,0,0
263,2024,사천시하수도,0.0,0.0,0.0,0.0,0.0,0,0.0,0,0
264,2024,김해시하수도,0.0,0.0,0.0,0.0,0.0,0,0.0,0,0
265,2024,진주시하수도,539612.0,99572.0,0.0,0.0,0.0,0,99572.0,0,0
266,2024,창원시하수도,720299.0,69588.0,0.0,0.0,0.0,0,69588.0,0,0
267,2024,영주시하수도,168692.0,77893.0,0.0,0.0,0.0,0,77893.0,0,0
268,2024,상주시하수도,103674.0,56300.0,47062.0,9238.0,56300.0,16.41,0.0,100,54.3
269,2024,경산시하수도,324512.0,0.01,0.0,0.01,0.01,100,0.0,100,0
270,2024,영천시하수도,345004.0,0.0,0.0,0.0,0.0,0,0.0,0,0
271,2024,안동시하수도,358889.0,12.0,0.0,12.0,12.0,100,0.0,100,0
272,2024,구미시하수도,712305.0,63953.0,63938.0,15.0,63953.0,0.02,0.0,100,8.98
273,2024,경주시하수도,352852.0,86725.0,74570.0,12155.0,86725.0,14.02,0.0,100,24.58
274,2024,영암군하수도,245073.0,0.0,0.0,0.0,0.0,0,0.0,0,0
275,2024,나주시하수도,251842.0,33457.0,0.0,0.0,0.0,0,33457.0,0,0
276,2024,순천시하수도,448211.0,56121.0,53040.0,3081.0,56121.0,5.49,0.0,100,12.52
277,2024,목포시하수도,452919.0,64809.0,0.0,0.0,0.0,0,64809.0,0,0
278,2024,정읍시하수도,175067.0,16466.0,0.0,33.0,33.0,100,16433.0,0.2,0.02
279,2024,익산시하수도,405710.0,84707.0,0.0,0.0,0.0,0,84707.0,0,0
280,2024,완주군하수도,29884.0,0.0,0.0,0.0,0.0,0,0.0,0,0
281,2024,전주시하수도,646624.0,53083.0,0.0,0.0,0.0,0,53083.0,0,0
282,2024,서산시하수도,347543.0,45820.0,39191.0,6629.0,45820.0,14.47,0.0,100,13.18
283,2024,아산시하수도,623247.0,38377.0,29146.0,9231.0,38377.0,24.05,0.0,100,6.16
284,2024,천안시하수도,753486.0,87714.0,76661.0,11053.0,87714.0,12.6,0.0,100,11.64
285,2024,공주시하수도,267413.0,78193.0,74290.0,3903.0,78193.0,4.99,0.0,100,29.24
286,2024,청주시하수도,1088764.0,14080.0,8960.0,2872.0,11832.0,24.27,2248.0,84.03,1.09
287,2024,속초시하수도,180031.0,5330.0,5114.0,216.0,5330.0,4.05,0.0,100,2.96
288,2024,춘천시하수도,578775.0,70599.0,64376.0,6223.0,70599.0,8.81,0.0,100,12.2
289,2024,가평군하수도,359015.0,135.0,0.0,0.0,0.0,0,135.0,0,0
290,2024,김포시하수도,472673.0,119233.0,0.0,0.0,0.0,0,119233.0,0,0
291,2024,안양시하수도,790703.0,5407.0,0.0,0.0,0.0,0,5407.0,0,0
292,2024,평택시하수도,962327.0,82225.0,74604.0,7621.0,82225.0,9.27,0.0,100,8.54
293,2024,광주시하수도,672356.0,2427.0,1920.0,507.0,2427.0,20.89,0.0,100,0.36
294,2024,안성시하수도,372207.0,38112.0,0.0,0.0,0.0,0,38112.0,0,0
295,2024,남양주시하수도,584802.0,464.0,0.0,0.0,0.0,0,464.0,0,0
296,2024,의왕시하수도,126962.0,592.0,565.0,27.0,592.0,4.56,0.0,100,0.47
297,2024,용인시하수도,1312405.0,81552.0,0.0,0.0,0.0,0,81552.0,0,0
298,2024,군포시하수도,121347.0,164.0,0.0,41.0,41.0,100,123.0,25,0.03
299,2024,여주시하수도,139791.0,1798.0,0.0,1798.0,1798.0,100,0.0,100,1.29
300,2024,오산시하수도,316932.0,149.0,0.0,0.0,0.0,0,149.0,0,0
301,2024,포천시하수도,589271.0,323.0,0.0,0.0,0.0,0,323.0,0,0
302,2024,시흥시하수도,597840.0,118826.0,97679.0,21147.0,118826.0,17.8,0.0,100,19.88
303,2024,구리시하수도,323536.0,305.0,0.0,0.0,0.0,0,305.0,0,0
304,2024,성남시하수도,445716.0,19715.0,0.0,0.0,0.0,0,19715.0,0,0
305,2024,과천시하수도,43250.0,437.0,0.0,0.0,0.0,0,437.0,0,0
306,2024,안산시하수도,523320.0,1468.0,0.0,105.0,105.0,100,1363.0,7.15,0.02
307,2024,부천시하수도,945847.0,798.0,768.0,30.0,798.0,3.76,0.0,100,0.08
308,2024,광명시하수도,71613.0,4062.0,0.0,0.0,0.0,0,4062.0,0,0
309,2024,의정부시하수도,340081.0,3103.0,3100.0,3.0,3103.0,0.1,0.0,100,0.91
310,2024,수원시하수도,897936.0,1697.0,1545.0,152.0,1697.0,8.96,0.0,100,0.19
311,2024,울산광역시하수도,1117980.0,128317.0,114476.0,13841.0,128317.0,10.79,0.0,100,11.48
312,2024,대전광역시하수도,864322.0,146492.0,11000.0,0.0,11000.0,0,135492.0,7.51,1.27
313,2024,광주광역시하수도,939709.0,136671.0,122621.0,14050.0,136671.0,10.28,0.0,100,14.54
314,2024,인천광역시하수도,1501919.0,58775.0,50817.0,7768.0,58585.0,13.26,190.0,99.68,3.9
315,2024,대구광역시하수도,2294146.0,0.0,0.0,0.0,0.0,0,0.0,0,0
316,2024,부산광역시하수도,3062839.0,515466.0,489467.0,25999.0,515466.0,5.04,0.0,100,16.83
317,2024,제주특별자치도상수도,1029006.0,129928.0,120327.0,9601.0,129928.0,7.39,0.0,100,12.63
318,2024,거창군상수도,123372.0,116.0,113.0,3.0,116.0,2.59,0.0,100,0.09
319,2024,창녕군상수도,102780.0,490.0,0.0,0.0,0.0,0,490.0,0,0
320,2024,양산시상수도,297095.0,678.0,0.0,678.0,678.0,100,0.0,100,0.23
321,2024,거제시상수도,162773.0,0.0,0.0,0.0,0.0,0,0.0,0,0
322,2024,밀양시상수도,215343.0,907.0,872.0,35.0,907.0,3.86,0.0,100,0.42
323,2024,김해시상수도,605075.0,22.0,0.0,22.0,22.0,100,0.0,100,0
324,2024,사천시상수도,0.0,0.0,0.0,0.0,0.0,0,0.0,0,0
325,2024,통영시상수도,69350.0,0.0,0.0,0.0,0.0,0,0.0,0,0
326,2024,진주시상수도,367579.0,493.0,0.0,0.0,0.0,0,493.0,0,0
327,2024,창원시상수도,0.0,0.0,0.0,0.0,0.0,0,0.0,0,0
328,2024,경산시상수도,312375.0,5539.0,5535.0,4.0,5539.0,0.07,0.0,100,1.77
329,2024,문경시상수도,187368.0,514.0,0.0,0.0,0.0,0,514.0,0,0
330,2024,상주시상수도,382326.0,152.0,143.0,9.0,152.0,5.92,0.0,100,0.04
331,2024,칠곡군상수도,137897.0,0.0,0.0,0.0,0.0,0,0.0,0,0
332,2024,울진군상수도,220197.0,319.0,0.0,0.0,0.0,0,319.0,0,0
333,2024,영천시상수도,0.0,0.0,0.0,0.0,0.0,0,0.0,0,0
334,2024,영주시상수도,217106.0,1365.0,1292.0,73.0,1365.0,5.35,0.0,100,0.63
335,2024,구미시상수도,285007.0,3781.0,3352.0,429.0,3781.0,11.35,0.0,100,1.33
336,2024,안동시상수도,493417.0,77.0,0.0,0.0,0.0,0,77.0,0,0
337,2024,김천시상수도,207448.0,134.0,82.0,52.0,134.0,38.81,0.0,100,0.06
338,2024,경주시상수도,320794.0,674.0,0.0,0.0,0.0,0,674.0,0,0
339,2024,포항시상수도,380146.0,2136.0,0.0,0.0,0.0,0,2136.0,0,0
340,2024,영암군상수도,188238.0,0.0,0.0,0.0,0.0,0,0.0,0,0
341,2024,광양시상수도,182147.0,0.0,0.0,0.0,0.0,0,0.0,0,0
342,2024,나주시상수도,150719.0,9358.0,0.0,0.0,0.0,0,9358.0,0,0
343,2024,순천시상수도,307428.0,29.0,0.0,29.0,29.0,100,0.0,100,0.01
344,2024,여수시상수도,0.0,0.0,0.0,0.0,0.0,0,0.0,0,0
345,2024,목포시상수도,155665.0,716.0,0.0,0.0,0.0,0,716.0,0,0
346,2024,고창군상수도,95401.0,73.0,0.0,73.0,73.0,100,0.0,100,0.08
347,2024,완주군상수도,27193.0,145.0,0.0,145.0,145.0,100,0.0,100,0.53
348,2024,김제시상수도,145776.0,851.0,715.0,136.0,851.0,15.98,0.0,100,0.58
349,2024,남원시상수도,0.0,0.0,0.0,0.0,0.0,0,0.0,0,0
350,2024,정읍시상수도,106866.0,2020.0,0.0,815.0,815.0,100,1205.0,40.35,0.76
351,2024,익산시상수도,195639.0,492.0,491.4,0.6,492.0,0.12,0.0,100,0.25
352,2024,군산시상수도,304248.0,590.0,0.0,0.0,0.0,0,590.0,0,0
353,2024,전주시상수도,407029.0,8495.0,0.0,0.0,0.0,0,8495.0,0,0
354,2024,홍성군상수도,142070.0,572.0,0.0,572.0,572.0,100,0.0,100,0.4
355,2024,당진시상수도,280085.0,1178.0,0.0,0.0,0.0,0,1178.0,0,0
356,2024,예산군상수도,85599.0,0.0,0.0,0.0,0.0,0,0.0,0,0
357,2024,논산시상수도,194743.0,0.0,0.0,0.0,0.0,0,0.0,0,0
358,2024,서산시상수도,208835.0,197.0,0.0,197.0,197.0,100,0.0,100,0.09
359,2024,아산시상수도,369883.0,1979.0,0.0,0.0,0.0,0,1979.0,0,0
360,2024,보령시상수도,272345.0,967.0,0.0,967.0,967.0,100,0.0,100,0.36
361,2024,공주시상수도,211873.0,1447.0,1112.0,335.0,1447.0,23.15,0.0,100,0.68
362,2024,천안시상수도,515575.0,31083.0,1211.0,29872.0,31083.0,96.1,0.0,100,6.03
363,2024,옥천군상수도,149660.0,204.0,81.0,123.0,204.0,60.29,0.0,100,0.14
364,2024,제천시상수도,228954.0,858.0,0.0,0.0,0.0,0,858.0,0,0
365,2024,충주시상수도,364984.0,25489.0,25214.0,275.0,25489.0,1.08,0.0,100,6.98
366,2024,청주시상수도,869981.0,7376.0,0.0,0.0,0.0,0,7376.0,0,0
367,2024,고성군상수도,147483.0,14543.0,4133.0,10410.0,14543.0,71.58,0.0,100,9.86
368,2024,철원군상수도,159026.0,24.0,0.0,24.0,24.0,100,0.0,100,0.02
369,2024,정선군상수도,128331.0,0.0,0.0,0.0,0.0,0,0.0,0,0
370,2024,홍천군상수도,253078.0,286.0,0.0,0.0,0.0,0,286.0,0,0
371,2024,삼척시상수도,208579.0,351.0,316.0,35.0,351.0,9.97,0.0,100,0.17
372,2024,속초시상수도,135277.0,446.0,427.0,19.0,446.0,4.26,0.0,100,0.33
373,2024,태백시상수도,116379.0,291.0,0.0,291.0,291.0,100,0.0,100,0.25
374,2024,동해시상수도,103561.0,1033.0,850.0,183.0,1033.0,17.72,0.0,100,1
375,2024,강릉시상수도,299315.0,1489.0,0.0,0.0,0.0,0,1489.0,0,0
376,2024,원주시상수도,326888.0,1349.0,0.0,0.0,0.0,0,1349.0,0,0
377,2024,춘천시상수도,438188.0,7742.0,7534.0,208.0,7742.0,2.69,0.0,100,1.77
378,2024,인제군상수도,271989.0,4934.0,36.0,4898.0,4934.0,99.27,0.0,100,1.81
379,2024,평창군상수도,311538.0,4.0,0.0,4.0,4.0,100,0.0,100,0
380,2024,영월군상수도,179970.0,92.0,0.0,92.0,92.0,100,0.0,100,0.05
381,2024,가평군상수도,0.0,1428.0,0.0,0.0,0.0,0,1428.0,0,0
382,2024,여주시상수도,280902.0,210.0,0.0,0.0,0.0,0,210.0,0,0
383,2024,양평군상수도,280541.0,338.0,0.0,0.0,0.0,0,338.0,0,0
384,2024,포천시상수도,238943.0,159.0,0.0,30.0,30.0,100,129.0,18.87,0.01
385,2024,안성시상수도,264006.0,1376.0,0.0,0.0,0.0,0,1376.0,0,0
386,2024,연천군상수도,275536.0,325.0,0.0,325.0,325.0,100,0.0,100,0.12
387,2024,광주시상수도,465930.0,168.0,0.0,168.0,168.0,100,0.0,100,0.04
388,2024,화성시상수도,828119.0,2029.0,0.0,2029.0,2029.0,100,0.0,100,0.25
389,2024,이천시상수도,348553.0,1073.0,915.0,158.0,1073.0,14.73,0.0,100,0.31
390,2024,파주시상수도,415240.0,3151.0,0.0,0.0,0.0,0,3151.0,0,0
391,2024,용인시상수도,588288.0,6045.0,0.0,0.0,0.0,0,6045.0,0,0
392,2024,하남시상수도,204244.0,184.0,0.0,0.0,0.0,0,184.0,0,0
393,2024,양주시상수도,265616.0,8.0,0.0,0.0,0.0,0,8.0,0,0
394,2024,의왕시상수도,121917.0,416.0,15.0,401.0,416.0,96.39,0.0,100,0.34
395,2024,군포시상수도,190557.0,1022.0,168.0,854.0,1022.0,83.56,0.0,100,0.54
396,2024,시흥시상수도,284338.0,675.0,283.0,392.0,675.0,58.07,0.0,100,0.24
397,2024,오산시상수도,0.0,0.0,0.0,0.0,0.0,0,0.0,0,0
398,2024,남양주시상수도,330567.0,1086.0,0.0,0.0,0.0,0,1086.0,0,0
399,2024,평택시상수도,1107166.0,4872.0,0.0,0.0,0.0,0,4872.0,0,0
400,2024,김포시상수도,520494.0,1968.0,0.0,0.0,0.0,0,1968.0,0,0
401,2024,구리시상수도,99862.0,507.0,0.0,0.0,0.0,0,507.0,0,0
402,2024,과천시상수도,61538.0,191.0,0.0,191.0,191.0,100,0.0,100,0.31
403,2024,고양시상수도,283634.0,3162.0,0.0,0.0,0.0,0,3162.0,0,0
404,2024,안산시상수도,416510.0,3590.0,0.0,0.0,0.0,0,3590.0,0,0
405,2024,동두천시상수도,175997.0,31591.0,0.0,0.0,0.0,0,31591.0,0,0
406,2024,광명시상수도,150702.0,1986.0,0.0,0.0,0.0,0,1986.0,0,0
407,2024,부천시상수도,421371.0,5420.0,0.0,0.0,0.0,0,5420.0,0,0
408,2024,안양시상수도,456790.0,1959.0,0.0,0.0,0.0,0,1959.0,0,0
409,2024,의정부시상수도,147643.0,28.0,0.0,28.0,28.0,100,0.0,100,0.02
410,2024,성남시상수도,476881.0,4615.0,0.0,0.0,0.0,0,4615.0,0,0
411,2024,수원시상수도,454365.0,2588.0,0.0,0.0,0.0,0,2588.0,0,0
412,2024,울산광역시상수도,801908.0,25562.0,23975.0,116.0,24091.0,0.48,1471.0,94.25,3
413,2024,대전광역시상수도,885422.0,29258.0,19669.0,3195.0,22864.0,13.97,6394.0,78.15,2.58
414,2024,광주광역시상수도,838532.0,13649.0,1920.0,0.0,1920.0,0,11729.0,14.07,0.23
415,2024,인천광역시상수도,2009854.0,111901.0,91014.0,0.0,91014.0,0,20887.0,81.33,4.53
416,2024,대구광역시상수도,1607439.0,71747.0,62000.0,5000.0,67000.0,7.46,4747.0,93.38,4.17
417,2024,부산광역시상수도,2281942.0,17174.0,0.0,0.0,0.0,0,17174.0,0,0
418,2024,서울특별시상수도,6986876.0,140504.0,0.0,0.0,0.0,0,140504.0,0,0
