No,AC_YEAR,ENT_NAME,ANA_AN_YUD,ANA_AN_JAD,ANA_AN_BUD,ANA_SI_MED,ANA_SI_JAD,ANA_HWA_JAD,ANA_HWA_CHJD,ANA_HWA_CHHD,ANA_HWA_JAHD,ANA_SU_CHD,ANA_SU_GYUNGD,ANA_SU_YUD
1,2020,예산군하수도,3260965.02,100.0,0.0,-1027.27,-5.09,-1713.3,-5.09,0.0,0.0,43.35,43.35,5.51
2,2020,경기교통공사,109.06,8.87,1015.46,-1.92,-1.11,-1.92,-0.1,0.05,0.58,98.12,98.12,-1.88
3,2020,원주시시설관리공단,148.41,45.77,118.47,0.0,0.0,0.0,0.0,17.3,37.79,100.0,100.0,100.0
4,2020,김포도시공사,786.93,95.9,4.28,-6.77,-0.76,-3.92,-0.73,0.11,0.11,93.97,92.27,96.23
5,2020,파주도시공사,338.9,70.95,40.95,0.0,0.0,-0.98,0.0,6.49,9.14,100.0,100.0,99.03
6,2020,영천시시설관리공단,152.3,35.4,182.49,0.0,0.0,0.0,0.0,1.73,3.32,100.0,100.0,100.0
7,2020,과천도시공사,4056.45,97.39,2.68,-247.0,-0.35,-2.8,-0.34,0.55,0.57,97.28,97.28,97.28
8,2020,울산광역시북구시설관리공단,285.9,65.0,53.8,0.0,0.0,0.0,0.0,15.47,36.62,100.0,100.0,100.0
9,2020,포천도시공사,4491.01,97.64,2.42,-6.29,-3.81,-6.81,-3.79,0.6,0.16,94.11,94.11,93.62
10,2020,안양도시공사,309.26,98.36,1.67,-0.89,-0.55,-0.94,-0.54,0.61,0.62,99.13,99.13,99.06
11,2020,예천군하수도,47.03,56.75,76.22,-517.75,-10.2,-784.95,-5.7,0.01,0.02,50.13,50.13,11.3
12,2020,예천군상수도,0.0,99.99,0.0,-85.55,-3.37,190.55,-3.37,0.04,0.04,71.9,71.9,34.42
13,2020,고성군하수도,0.0,100.0,0.0,-438.92,-5.12,-738.52,-5.12,0.01,0.01,47.66,47.66,11.93
14,2020,고성군상수도,35718.0,99.75,0.26,-13.63,-1.48,-50.47,-1.47,0.11,0.11,91.42,91.42,68.21
15,2020,세종도시교통공사,112.55,69.49,43.92,-4.74,-10.74,-5.33,-6.73,1.42,2.26,95.9,95.9,94.94
16,2020,사천시시설관리공단,224.6,45.86,11807.0,0.0,0.0,0.01,0.0,16.8,34.25,100.0,100.0,100.01
17,2020,제주특별자치도공영버스,969.36,89.03,12.32,-218.28,-17.38,-1733.99,-15.48,0.07,0.07,88.21,88.21,5.45
18,2020,서울특별시하수도,3724.47,99.92,0.08,2.47,0.27,-21.88,0.27,0.11,0.11,102.02,102.02,82.05
19,2020,경주시시설관리공단,107.37,7.98,1152.57,0.0,0.0,-0.04,0.0,6.69,94.26,100.0,100.0,100.0
20,2020,인천광역시연수구시설안전관리공단,178.19,43.88,127.9,0.0,0.0,0.0,0.0,10.38,24.09,100.0,100.0,100.0
21,2020,서울교통공사,16.95,53.12,88.24,-71.42,-14.89,-69.9,-8.39,0.12,0.21,59.12,59.12,58.86
22,2020,태안군하수도,675.75,99.09,0.92,-1130.41,-6.01,-1130.41,-5.79,0.01,0.01,48.79,48.79,8.13
23,2020,태안군상수도,13.722,99.86,0.14,-71.03,-2.27,-170.54,-2.27,0.03,0.03,76.92,76.92,37.22
24,2020,김제시하수도,220.8,62.8,59.2,-2581.8,-130.8,-2581.8,-8.5,0.005,0.01,43.8,43.8,3.7
25,2020,부여군하수도,3398861.03,100.0,0.0,-127.52,-1.43,-680.79,-1.25,0.01,0.01,83.68,83.68,12.81
26,2020,하남시하수도,354489.67,99.95,0.05,-82.09,-4.0,-117.9,-4.0,0.05,0.05,62.32,62.32,45.89
27,2020,서울에너지공사,126.5,73.09,36.82,-1.3,-0.62,0.16,-0.42,0.32,0.47,98.72,98.15,100.16
28,2020,충주시시설관리공단,225.11,58.22,71.77,0.0,0.0,-0.53,0.0,37.38,83.86,100.0,100.0,99.47
29,2020,세종특별자치시시설관리공단,159.3,30.8,224.5,0.0,0.0,0.0,0.0,5.6,19.2,100.0,100.0,100.0
30,2020,밀양시시설관리공단,2369.97,38.65,158.75,0.0,0.0,-0.06,0.0,18.47,42.98,100.0,100.0,99.94
31,2020,군산시하수도,315.92,89.84,11.31,-69.57,-5.05,-71.66,-4.5,0.07,0.07,60.4,60.4,58.25
32,2020,홍성군하수도,69.15,48.53,106.08,-442.75,-16.78,-581.42,-7.77,0.04,0.02,42.73,45.73,14.68
33,2020,동해시하수도,1.326246558E7,100.0,0.0,-68.13,-4.39,-69.27,-4.0,0.06,0.06,59.9,59.9,59.08
34,2020,원주시하수도,648.29,78.05,28.12,-66.7,-4.06,-110.95,-3.19,0.05,0.06,70.65,70.65,47.41
35,2020,양주시하수도,289588.92,100.0,0.0,-120.61,-4.85,-141.94,-4.85,0.04,0.04,50.58,50.58,41.33
36,2020,서천군상수도,3160.82,99.12,0.89,-17.58,-1.14,-64.84,-1.08,0.07,0.06,89.35,89.35,60.66
37,2020,부여군상수도,790.99,98.46,1.57,-78.97,-3.37,-148.82,-3.31,0.04,0.04,70.97,70.97,40.01
38,2020,금산군상수도,1256.36,99.41,0.6,12.46,0.75,-92.11,0.75,0.06,0.06,106.17,106.17,52.13
39,2020,인천관광공사,112.69,74.69,33.89,0.0,0.0,0.0,0.0,33.37,42.88,96.46,0.0,67.4
40,2020,광명도시공사,1415.6,93.6,6.8,1.2,1.1,0.1,1.0,81.1,86.6,101.2,101.4,100.1
41,2020,영덕군하수도,15.39,74.08,34.99,-503.21,-8.86,-754.08,-6.5,0.01,0.02,44.77,44.77,11.71
42,2020,문경시하수도,50.97,54.44,83.7,582.47,13.77,882.39,7.27,0.01,0.02,47.54,47.54,10.18
43,2020,논산시하수도,975.67,93.71,6.71,303.14,-4.4,-380.32,-4.11,0.01,0.01,38.44,38.44,20.82
44,2020,과천시지식정보타운조성사업,1940.05,94.85,5.43,31.43,124.12,31.03,91.65,291.59,394.87,145.57,145.57,144.98
45,2020,아산시시설관리공단,152.3,33.55,198.1,0.0,0.0,0.0,0.0,10.31,30.72,100.0,100.0,100.0
46,2020,장수한우지방공사,336.25,80.18,24.72,-22.74,-16.29,-20.72,-13.06,0.57,0.72,82.13,82.13,82.84
47,2020,광주광역시광산구시설관리공단,147.0,6.9,1335.1,0.0,0.0,0.0,0.0,13.4,110.6,100.0,100.0,100.0
48,2020,대구광역시달성군시설관리공단,104.57,34.2,192.37,0.0,0.0,0.0,0.0,21.99,64.24,100.0,100.0,100.0
49,2020,김해시도시개발공사,251.07,56.2,77.95,5.49,3.5,5.68,1.95,0.36,0.64,105.7,107.19,106.02
50,2020,합천군상수도,11229.1,98.38,1.65,-89.88,-5.82,-164.44,-5.74,0.06,0.06,69.5,69.5,43.43
51,2020,성남도시개발공사,328.23,72.57,37.8,1.44,0.86,0.07,0.64,0.45,0.6,101.43,102.32,100.16
52,2020,부여군시설관리공단,1069.53,90.65,10.31,0.0,0.0,0.2,0.0,13.74,16.33,100.0,100.0,99.79
53,2020,세종특별자치시하수도,1786.98,99.78,0.22,-311.79,-4.47,-385.21,-4.47,0.01,0.01,35.8,35.8,20.61
54,2020,진천군하수도,555.22,79.0,26.58,625.43,-9.27,890.21,-7.13,0.01,0.01,40.33,40.33,10.1
55,2020,진천군상수도,40306.74,99.9,0.1,7.91,2.47,7.29,1.46,0.18,0.18,108.11,108.11,107.48
56,2020,울산광역시중구도시관리공단,134.0,26.0,279.0,0.0,0.0,0.0,0.0,15.0,60.0,100.0,100.0,100.0
57,2020,이천시시설관리공단,311.29,74.26,34.66,0.0,0.0,0.0,0.0,9.19,12.38,100.0,100.0,100.0
58,2020,부산관광공사,312.8,79.23,26.22,-80.04,-25.21,-88.7,-21.0,26.24,31.49,57.62,57.62,53.0
59,2020,구리도시공사,1763.07,93.89,6.5,5.23,0.95,2.61,0.88,0.17,0.18,105.34,105.34,102.68
60,2020,경상북도문화관광공사,190.6,69.0,44.93,24.07,13.91,35.51,8.92,0.37,0.578,131.55,371.45,155.05
61,2020,제주에너지공사,131.08,86.21,15.99,-6.44,-0.55,4.37,-0.46,7.19,8.54,94.74,94.27,104.57
62,2020,광양시하수도,8418.94,99.95,0.05,-272.01,-6.37,-288.99,-6.37,0.02,0.02,30.08,30.08,25.71
63,2020,세종특별자치시상수도,26331.38,96.14,4.02,-3.32,-0.22,-11.57,-0.22,0.06,0.07,97.24,97.24,88.88
64,2020,여수시하수도,579.75,85.13,17.46,-92.39,-4.76,-83.91,-4.03,0.04,0.05,56.32,56.32,58.25
65,2020,옥천군하수도,119.46,89.31,11.97,-336.79,-4.18,-975.73,-3.69,0.01,0.011,69.09,69.09,9.3
66,2020,남원시하수도,0.0,99.78,0.22,-367.12,-5.21,-439.96,-5.19,0.01,0.01,32.08,32.08,18.52
67,2020,영광군하수도,4087.72,99.92,0.08,-598.34,-3.71,-1119.22,-3.71,0.01,0.01,50.92,50.92,8.2
68,2020,영광군상수도,23021.1,99.93,0.07,-49.99,-2.24,-103.71,-2.23,0.04,0.04,76.8,76.8,48.64
69,2020,거제해양관광개발공사,408.61,89.27,12.02,-15.21,-5.8,-15.7,-5.22,0.34,0.38,86.9,86.9,86.43
70,2020,대전관광공사,506.13,90.44,10.58,-1.06,-0.14,-3.0,-0.12,0.12,0.13,98.97,98.97,97.09
71,2020,양평군하수도,43384.33,99.97,0.03,-220.64,-3.65,-635.35,-3.65,0.02,0.02,70.57,70.57,13.6
72,2020,천안시시설관리공단(폐지),212.97,54.77,82.57,0.0,0.0,0.0,0.0,33.11,19.93,100.0,100.0,100.0
73,2020,여주도시관리공단(폐지),185.03,43.15,131.73,0.0,0.0,0.0,0.0,22.06,44.46,100.0,100.0,100.0
74,2020,영월군시설관리공단,13.24,18.85,430.37,0.0,0.0,0.0,0.0,15.61,53.83,100.0,100.0,100.0
75,2020,계룡시하수도,129.83,61.63,62.26,-485.04,-20.91,-468.52,-12.57,0.03,0.04,21.1,21.1,17.59
76,2020,의왕도시공사,1516.67,95.59,3.53,-26.58,-7.35,-11.69,-7.08,0.27,0.28,79.2,79.2,89.53
77,2020,고양도시관리공사,317.44,84.21,18.76,-0.17,-0.13,-0.4,-0.11,62.54,76.93,99.83,99.83,99.6
78,2020,양양군상수도,3842.99,99.85,0.15,-17.28,-1.3,-18.17,-1.3,0.08,0.08,86.28,86.28,83.44
79,2020,계룡시상수도,4745.63,99.29,0.72,-12.47,-1.09,-31.22,-1.08,0.09,0.09,90.89,90.89,75.84
80,2020,증평군하수도,126.74,83.41,19.89,-176.49,-8.2,-159.84,-6.74,0.04,0.05,37.49,37.49,38.49
81,2020,고양시하수도,73364.9,99.75,0.25,-29.99,-3.06,-32.71,-3.05,0.1,0.1,77.41,77.41,75.35
82,2020,음성군하수도,98.01,83.52,19.73,-841.58,-8.48,-960.07,-7.0,0.008,0.01,26.55,26.55,9.43
83,2020,김천시하수도,8336.74,99.74,0.27,-17.24,-1.59,-68.03,-1.59,0.09,0.09,89.74,89.74,59.51
84,2020,화순군하수도,0.0,0.0,0.0,-680.0,-7.93,-632.57,-7.93,0.01,0.01,19.05,19.05,12.82
85,2020,화순군상수도,87439.26,99.89,0.11,-41.5,-2.08,-101.22,-2.08,0.05,0.05,81.08,81.08,47.75
86,2020,영동군상수도,83860.47,99.76,0.24,-95.77,-3.11,-102.08,-3.1,0.04,0.03,54.38,58.62,53.93
87,2020,포항시시설관리공단,146.9,31.92,213.2,0.0,0.0,-0.2,0.0,33.81,107.45,100.0,100.0,99.8
88,2020,춘천도시공사,544.06,85.43,17.06,0.81,0.92,-0.48,0.74,0.91,1.14,100.81,101.22,99.52
89,2020,이천시하수도,1703514.77,99.99,0.01,1.4,0.14,-98.95,0.14,0.1,0.1,100.71,100.71,50.26
90,2020,강릉관광개발공사,224.17,88.0,13.63,-1.58,-1.42,-1.84,-1.27,0.8,0.9,93.53,93.53,98.2
91,2020,보령시시설관리공단,134.04,25.39,293.79,0.0,0.0,0.0,0.0,12.11,42.81,100.0,100.0,100.0
92,2020,당진도시공사,2062.0,97.55,2.51,-74.64,-1.41,-97.23,-1.38,0.02,0.02,62.48,62.48,50.7
93,2020,연천군하수도,20435.78,99.95,0.05,172.03,2.03,-443.18,2.03,0.01,0.01,68.33,68.33,18.41
94,2020,칠곡군하수도,189.92,76.42,30.86,-151.72,-4.22,-396.45,-3.2,0.02,0.03,71.35,71.35,20.14
95,2020,의령친환경골프장관리사업소,3572.9,99.52,0.48,-21.6,-4.44,17.07,-4.42,20.47,20.55,121.3,82.44,82.93
96,2020,경기도고덕국제화계획지구조성사업,134.62,0.0,0.0,0.0,0.0,0.0,0.56,0.0,0.0,826.55,0.0,0.0
97,2020,인천광역시제물포구시설관리공단,251.0,60.0,66.0,0.0,0.0,0.02,0.0,15.0,21.0,100.0,100.0,100.02
98,2020,여수시도시관리공단,177.16,6.74,1384.13,0.0,0.0,0.0,0.0,1.78,72.07,100.0,0.0,0.0
99,2020,단양군상수도,0.0,98.34,1.69,-25.19,-2.61,-32.82,-2.56,0.1,0.1,81.92,81.92,74.37
100,2020,영덕군상수도,828.67,98.57,1.45,-58.02,-4.16,-82.33,-4.11,0.07,0.07,68.18,68.18,54.85
101,2020,양산시시설관리공단,192.47,48.04,108.15,0.0,0.0,-0.24,0.0,37.56,78.19,100.0,100.0,99.76
102,2020,단양관광관리공단(폐지),186.82,46.47,115.18,0.0,0.0,0.0,0.0,6.88,18.96,100.0,100.0,100.0
103,2020,동두천시하수도,143769.21,99.99,0.01,-50.14,-3.85,-90.85,-3.85,0.08,0.08,73.83,73.83,52.4
104,2020,부산광역시기장군도시관리공단,198.56,51.99,92.32,0.0,0.0,0.0,0.0,33.21,18.47,100.0,100.0,100.0
105,2020,함안지방공사,438.03,76.85,30.12,3.81,6.05,2.42,4.99,1.3,1.58,103.9,103.98,102.48
106,2020,의성군상수도,0.0,100.0,0.0,-141.27,-2.44,-278.03,-2.44,0.02,0.02,64.6,64.6,26.94
107,2020,안산도시공사,237.1,89.31,11.97,0.17,0.11,-0.17,0.09,0.54,0.64,100.17,100.1,99.83
108,2020,파주시하수도,549.7,80.89,23.63,-54.77,-3.41,-65.96,-2.73,0.05,0.06,70.04,70.04,60.26
109,2020,포항시하수도,213.35,66.45,50.5,-216.95,-6.8,-335.14,-4.49,0.02,0.03,56.23,56.23,22.98
110,2020,보령시하수도,793.74,1.81,-2.81,21.67,0.65,32.32,0.39,0.0,0.01,2.42,2.42,2.13
111,2020,제주관광공사,316.66,40.73,145.51,0.31,0.62,-1.02,0.23,0.7,2.0,100.47,100.47,99.33
112,2020,울주군시설관리공단,59.0,11.0,782.0,0.0,0.0,0.0,0.0,24.0,155.0,100.0,100.0,100.0
113,2020,양평공사,38.79,3.88,2475.37,-7.89,-164.1,-11.27,-6.37,0.79,11.43,93.06,93.06,89.87
114,2020,당진시하수도,1117.81,89.79,11.37,-121.7,-3.71,-233.92,-3.3,0.03,0.03,64.89,64.89,29.95
115,2020,평택도시공사,191.68,36.84,171.42,16.33,2.74,18.22,1.01,0.06,0.17,118.72,125.56,122.27
116,2020,강화군시설관리공단,526.62,80.98,23.49,0.0,0.0,0.0,0.0,8.24,10.11,100.0,100.0,100.0
117,2020,군포도시공사,7455.26,98.31,1.72,0.0,0.0,0.0,0.0,1.02,1.0,100.0,100.0,100.0
118,2020,전주시시설관리공단,142.84,55.41,80.49,0.0,0.0,-0.38,0.0,21.99,38.33,100.0,100.0,99.62
119,2020,화성도시공사,564.58,82.13,21.76,4.42,1.58,-2.39,1.23,0.28,0.36,104.27,105.44,97.66
120,2020,화성시하수도,597838.28,99.97,0.03,-62.12,-5.17,-68.01,-5.17,0.08,0.08,63.33,63.33,59.52
121,2020,울산광역시남구도시관리공단,184.8,26.1,117.9,0.0,0.0,0.0,0.0,25.47,97.48,100.0,100.0,100.0
122,2020,강릉시하수도,405.97,85.52,16.93,-95.4,-5.35,-95.4,-4.54,0.04,0.05,50.3,50.3,51.18
123,2020,인천경제자유구역청,371.85,97.68,2.37,62.94,1.66,46.55,1.62,2.58,2.63,211.37,211.37,187.07
124,2020,거제시하수도,0.0,99.85,0.15,-199.71,-3.83,-327.72,-3.83,0.02,0.02,53.32,53.32,23.38
125,2020,노원구시설관리공단,152.93,100.0,18892.0,0.0,0.0,0.0,0.0,14.48,40.61,100.0,100.0,100.0
126,2020,남양주도시공사,99.59,47.7,109.63,2.4,1.32,1.35,0.48,0.2,0.55,102.43,102.43,101.37
127,2020,중구시설관리공단,117.38,38.61,158.97,0.0,0.0,0.0,0.0,9.46,24.11,100.0,100.0,100.0
128,2020,함안군상수도,1358.53,99.51,0.49,-22.88,-1.51,-48.11,-1.5,0.07,0.07,85.5,85.5,66.65
129,2020,양주시시설관리공단(폐지),175.82,42.18,137.1,0.0,0.0,0.0,0.0,56.32,18.82,100.0,100.0,100.0
130,2020,통영관광개발공사,1348.9,97.71,2.35,-17.77,-3.72,-22.52,-3.63,0.2,0.21,80.38,80.38,81.62
131,2020,영양고추유통공사,117.53,46.01,117.37,-0.28,-0.29,-2.36,-0.15,0.52,1.04,99.73,99.73,97.7
132,2020,음성군상수도,272357.76,99.99,0.01,6.13,0.85,-20.18,0.85,13.85,13.85,104.78,104.78,82.85
133,2020,울산광역시도시공사,321.2,56.1,78.2,0.4,0.1,9.6,0.1,0.14,0.27,100.4,102.1,110.6
134,2020,문경관광진흥공단(폐지),164.69,39.28,154.58,0.0,0.0,0.0,0.0,30.52,77.7,100.0,100.0,100.0
135,2020,부안군상수도,3811.4,99.4,0.61,-17.6,-2.75,-45.51,-2.74,0.16,0.16,88.61,88.61,68.72
136,2020,관악구시설관리공단,160.9,53.88,85.6,0.0,0.0,0.0,0.0,8.97,15.19,100.0,100.0,100.0
137,2020,안동시시설관리공단,150.15,33.4,199.4,0.0,0.0,0.0,0.0,38.04,113.3,100.0,100.0,100.0
138,2020,인천환경공단,105.5,15.8,533.8,0.0,0.0,0.0,0.0,12.5,76.6,100.0,100.0,100.0
139,2020,제천시하수도,239.58,69.5,43.88,-256.75,-7.52,-314.13,-0.05,0.02,0.03,46.02,46.02,24.15
140,2020,은평구시설관리공단,238.48,63.85,56.62,0.0,0.0,0.0,0.0,9.82,16.9,100.0,100.0,100.0
141,2020,충주시하수도,396.14,81.76,22.31,-32.97,-1.9,-108.04,-1.54,0.05,0.06,85.37,85.37,48.07
142,2020,충청남도개발공사,240.11,49.15,103.44,21.32,8.75,9.62,4.03,0.19,0.41,126.35,112.41,110.64
143,2020,창원레포츠파크,231.03,60.86,64.32,-0.96,0.0,0.0,0.0,16.56,36.84,100.0,100.0,99.04
144,2020,부산지방공단스포원(부산시설공단 통합),100.0,0.0,0.0,0.0,0.0,0.0,0.0,0.32,0.0,0.0,0.0,0.0
145,2020,광주환경공단,134.79,26.01,284.49,0.0,0.0,0.0,0.0,27.7,120.14,100.0,100.0,99.62
146,2020,대구공공시설관리공단,176.68,98.92,1.09,0.28,0.05,0.0,0.05,0.178,0.181,100.27,100.28,100.0
147,2020,부산환경공단,99.54,0.0,0.0,0.0,0.0,0.0,0.0,14.46,0.0,100.0,100.0,100.0
148,2020,창원시설공단,463.5,100.0,195.96,0.0,0.0,0.0,0.0,34.7,34.7,100.0,100.0,97.98
149,2020,구미시설공단(폐지),46.84,23.79,320.41,0.0,0.0,0.0,0.0,13.6,29.3,100.0,100.0,100.0
150,2020,청주시시설관리공단,148.1,31.71,215.31,0.0,0.0,0.0,0.0,0.0,0.0,0.0,0.0,0.0
151,2020,정선군시설관리공단,55655.56,99.82,0.18,0.0,0.0,0.0,0.0,90.6,94.38,100.0,100.0,100.0
152,2020,동해시시설관리공단,108.17,60.26,65.93,0.0,0.0,0.0,0.0,9.98,16.56,100.0,100.0,100.0
153,2020,속초시시설관리공단,144.33,31.08,221.79,0.0,0.0,0.0,0.0,18.64,55.11,100.0,100.0,100.0
154,2020,연천군시설관리공단,198.0,48.0,104.0,0.0,0.0,0.0,0.0,18.0,41.0,100.0,100.0,100.0
155,2020,가평군시설관리공단,138.26,32.06,211.96,0.0,0.0,0.0,0.0,17.47,52.48,100.0,100.0,100.0
156,2020,의정부시시설관리공단(폐지),138.78,16.13,520.05,0.0,0.0,0.0,0.0,2.68,14.9,100.0,100.0,100.0
157,2020,오산시시설관리공단(폐지),226.1,58.0,72.4,0.0,0.0,0.0,0.0,38.3,63.3,100.0,100.0,100.0
158,2020,안성시시설관리공단,108.8,2.56,3805.42,0.0,0.0,0.0,0.0,8.4,401.57,100.0,108.13,108.13
159,2020,시흥도시공사,1899.53,94.74,5.56,0.7,0.04,0.0,0.04,0.47,0.5,100.0,100.0,100.0
160,2020,부천도시공사,184.7,45.1,121.8,-0.4,-0.8,-1.3,-0.4,0.93,1.93,99.6,99.6,98.7
161,2020,수원도시공사,580.72,83.44,19.85,-1.73,-1.78,-1.88,-1.55,0.9,1.03,98.3,98.3,98.3
162,2020,울산시설공단,1333.4,51.99,92.33,0.0,0.0,0.0,0.0,26.21,94.31,100.0,100.0,99.82
163,2020,대전광역시시설관리공단,151.69,32.39,208.78,0.03,1.0,-0.28,0.27,9.49,35.28,100.03,100.03,99.72
164,2020,인천광역시서구시설관리공단,179.82,44.39,125.28,0.0,0.0,0.0,0.0,22.53,48.89,100.0,100.0,100.0
165,2020,인천광역시계양구시설관리공단,232.48,57.74,73.2,0.0,0.0,0.0,0.0,12.24,19.96,100.0,0.0,100.0
166,2020,인천광역시부평구시설관리공단,157.32,36.51,173.91,0.0,0.0,0.0,0.0,8.29,40.02,100.0,100.0,100.0
167,2020,남동구도시관리공단,188.39,48.14,107.72,0.0,0.0,0.0,0.0,15.9,31.77,100.0,100.0,100.0
168,2020,인천광역시미추홀구시설관리공단,182.58,46.68,114.22,0.0,0.0,0.0,0.0,12.52,27.2,100.0,100.0,100.0
169,2020,인천시설공단,104.66,32.39,208.72,0.0,0.0,0.0,0.0,5.79,15.54,100.0,100.0,100.0
170,2020,대구시설공단(대구공공시설관리공단 통합),200.27,65.42,52.85,0.14,0.94,-0.52,0.6,4.3,6.77,100.14,100.15,99.48
171,2020,부산시설공단,196.81,13.4,646.36,0.15,2.58,0.71,0.34,2.35,17.48,100.15,100.15,100.72
172,2020,중랑구시설관리공단,143.17,29.09,243.72,0.0,0.0,0.0,0.0,15.11,57.73,100.0,100.0,100.0
173,2020,종로구시설관리공단,189.85,51.0,96.08,0.0,0.0,0.0,0.0,6.68,13.28,100.0,100.0,100.0
174,2020,용산구시설관리공단,183.15,45.4,120.29,0.0,0.0,0.0,0.0,12.66,32.22,100.0,100.0,100.0
175,2020,영등포구시설관리공단,256.66,67.95,47.16,0.0,0.0,0.0,0.0,5.14,7.89,100.0,100.0,100.0
176,2020,양천구시설관리공단,103.47,40.43,147.36,0.0,0.0,0.0,0.0,9.96,25.35,86.22,1.0,100.0
177,2020,송파구시설관리공단,84.73,71.7,39.47,0.0,0.0,0.0,0.0,3.99,6.78,100.0,100.0,100.0
178,2020,성북구도시관리공단,148.06,25.79,238.09,0.0,0.0,0.0,0.0,10.59,41.08,100.0,100.0,100.0
179,2020,성동구도시관리공단,166.59,41.89,138.72,0.0,0.0,0.0,0.0,13.47,33.3,100.0,100.0,100.0
180,2020,서대문구도시관리공단,117.78,35.21,184.0,0.0,0.0,0.0,0.0,6.98,17.62,100.0,100.0,100.0
181,2020,마포구시설관리공단,220.15,34.84,187.03,0.0,0.0,7.02,0.0,6.8,21.79,100.0,100.0,107.55
182,2020,동작구시설관리공단,186.5,72.8,37.4,0.0,0.0,0.0,0.0,7.6,5.5,100.0,100.0,100.0
183,2020,동대문구시설관리공단,260.8,49.9,100.2,0.0,0.0,0.0,0.0,8.67,16.0,100.0,100.0,100.0
184,2020,도봉구시설관리공단,151.63,31.83,214.18,0.0,0.0,0.0,0.0,0.0,0.0,100.0,100.0,0.0
185,2020,금천구시설관리공단,211.89,59.47,68.14,0.0,0.0,0.0,0.0,15.45,24.73,100.0,100.0,100.0
186,2020,구로구시설관리공단,143.0,44.0,128.0,0.0,0.0,0.0,0.0,10.0,20.0,100.0,100.0,0.0
187,2020,광진구시설관리공단,167.26,40.21,148.67,0.0,0.0,0.0,0.0,19.91,45.75,100.0,100.0,100.0
188,2020,강서구시설관리공단,190.17,47.65,109.89,0.0,0.0,0.0,0.0,8.47,14.63,100.0,100.0,100.0
189,2020,강북구도시관리공단,135.17,23.95,317.46,0.0,0.0,0.0,0.0,6.9,62.37,100.0,100.0,100.0
190,2020,강동구도시관리공단,124.07,26.36,279.39,0.0,0.0,0.0,0.0,5.42,21.76,100.0,100.0,100.0
191,2020,강남구도시관리공단,224.62,62.98,58.78,0.0,0.0,0.0,0.0,13.29,21.82,100.0,100.0,100.0
192,2020,서울시설공단,243.1,14.8,576.1,0.0,0.0,-0.6,0.0,1.8,12.3,100.0,100.0,99.44
193,2020,창녕군시설관리공단,121.39,25.07,398.9,0.0,0.0,0.0,0.0,7.04,30.87,100.0,100.0,99.41
194,2020,청도공영사업공사,285.3,54.39,83.87,-14.57,-17.36,-122.86,-9.01,0.62,1.19,93.46,93.46,44.87
195,2020,하남도시공사,750.81,84.57,18.24,19.6,15.92,10.31,12.87,0.66,0.81,120.37,128.64,111.49
196,2020,용인도시공사,146.07,34.8,187.33,1.42,0.51,0.43,0.16,0.11,0.36,101.39,101.69,100.43
197,2020,경기평택항만공사,251.55,91.72,9.02,12.07,0.82,13.25,0.75,0.06,0.07,113.41,117.62,115.27
198,2020,광주도시관리공사,216.32,55.44,80.36,0.42,0.61,1.79,0.38,0.91,1.43,100.42,100.51,101.82
199,2020,경기관광공사,150.55,84.4,18.49,1.77,0.59,-0.62,0.5,0.28,0.33,102.32,10232.0,99.38
200,2020,구리농수산물공사,1097.75,93.25,7.23,13.92,0.96,10.26,0.9,0.06,0.07,114.71,119.67,111.43
201,2020,광주광역시 관광공사,163.5,98.85,1.16,-105.85,-5.47,-121.78,-5.4,0.05,0.05,52.27,52.27,45.09
202,2020,서울특별시농수산식품공사,195.46,88.04,13.58,3.63,0.3,-5.19,0.26,0.07,0.08,102.72,103.22,95.06
203,2020,제주특별자치도개발공사,520.5,77.92,28.33,17.29,11.25,28.49,8.72,0.5,0.65,120.21,128.02,139.83
204,2020,경남개발공사,302.0,40.4,147.5,0.8,0.2,1.6,0.1,0.12,0.27,100.8,101.5,101.6
205,2020,경상북도개발공사,508.12,76.74,30.31,5.51,0.39,10.27,0.3,0.05,0.07,104.54,106.12,111.45
206,2020,전남개발공사,695.51,60.07,66.47,22.37,9.03,39.59,5.27,0.24,0.4,125.22,136.17,165.54
207,2020,전북개발공사,542.47,47.94,108.6,14.54,10.49,17.13,4.68,0.32,0.72,116.68,122.43,120.67
208,2020,충북개발공사,330.84,44.94,122.5,20.05,4.68,21.3,2.17,0.11,0.23,122.72,135.53,127.07
209,2020,강원개발공사,103.96,22.03,353.82,-7.32,-3.26,-12.8,-0.78,0.11,0.44,93.92,92.51,88.65
210,2020,경기주택도시공사,189.91,45.1,121.71,23.19,9.48,25.89,4.11,0.18,0.41,127.68,142.49,134.94
211,2020,대전도시공사,261.93,42.45,135.55,6.76,5.54,6.43,2.4,0.35,0.82,107.06,109.33,106.87
212,2020,광주광역시도시공사,252.12,45.75,104.84,10.53,3.22,14.59,1.51,0.14,0.31,115.07,115.07,117.08
213,2020,인천도시공사,246.12,29.72,236.46,5.46,2.95,12.68,0.86,0.16,0.54,105.64,107.45,114.52
214,2020,대구도시개발공사,315.28,34.17,192.62,9.99,5.03,10.25,1.18,0.18,0.5,110.73,114.08,111.43
215,2020,부산도시공사,1336.6,63.16,58.33,13.99,3.54,15.37,2.13,0.15,0.25,114.94,121.86,118.16
216,2020,서울주택도시개발공사,144.35,34.16,192.76,5.57,1.49,6.17,0.51,0.09,0.27,105.68,107.87,106.58
217,2020,대전교통공사,236.97,97.52,2.55,-99.9,-3.03,-168.59,-2.96,0.03,0.03,62.81,62.81,37.23
218,2020,광주교통공사,396.63,96.62,3.5,-151.9,-3.23,-331.58,-3.12,0.02,0.02,65.56,65.56,23.17
219,2020,인천교통공사,264.7,94.32,6.02,-102.97,-4.15,-142.63,-3.94,3.83,4.03,57.81,57.81,41.21
220,2020,대구교통공사,59.04,87.97,13.68,-145.19,-5.18,-231.48,-4.6,0.03,0.04,56.71,56.71,30.17
221,2020,부산교통공사,27.25,71.73,39.42,-115.46,-8.48,-206.39,-6.31,0.06,0.07,62.5,62.5,32.64
222,2020,진주시공영개발,145.99,16.13,519.93,-31.83,-1.26,49.82,-0.26,0.82,3.96,78.5,78.5,199.29
223,2020,창원시주택건설사업,0.0,55.26,80.95,-151.99,-6.13,-148.24,-3.42,0.02,0.04,41.72,41.72,40.28
224,2020,광양시공영개발,0.0,100.0,0.0,0.0,-0.06,0.0,-0.06,0.0,0.0,55.54,55.54,0.0
225,2020,순천시공영개발,6001739.56,99.998,0.002,0.0,0.86,0.0,0.86,0.0,0.0,258.72,258.72,0.0
226,2020,목포시공영개발,10621.24,99.08,0.93,76.55,0.1,-235.63,0.1,0.0,0.0,122.81,122.81,29.79
227,2020,익산시공영개발,389.34,74.54,34.16,-16.25,-5.74,-16.23,-4.25,0.26,0.35,86.87,86.87,86.04
228,2020,계룡시공영개발,0.0,100.0,0.0,15.03,4.45,13.05,4.05,0.27,0.3,117.54,117.54,115.26
229,2020,세종특별자치시공영개발,1650.42,95.49,4.72,3128.16,4.79,-550.27,4.63,0.0,0.0,327.16,327.16,15.38
230,2020,아산시공영개발,0.0,100.0,0.0,-869.04,-6.57,-2337.34,-6.56,0.008,0.008,64.34,64.34,4.1
231,2020,천안시공영개발,449051.59,99.97,0.02,135.88,3.23,67.38,3.23,0.02,0.02,513.75,0.0,306.58
232,2020,음성군공영개발,278023.55,99.37,0.63,-381.71,-54.0,-405.62,-0.54,0.0,0.0,24.51,24.51,19.78
233,2020,충주시공영개발,3133.46,96.88,3.22,5.14,1.98,4.51,1.91,0.37,0.39,105.38,105.38,104.93
234,2020,강릉시공영개발,3726.07,98.78,1.23,-11.41,-1.34,-13.72,-1.32,0.12,0.12,89.96,89.96,87.93
235,2020,원주시공영개발,0.0,0.0,0.0,0.0,0.0,0.0,0.0,0.0,0.0,0.0,0.0,0.0
236,2020,춘천시공영개발,1.772603331E7,100.0,0.0,1509.13,0.52,61.94,0.52,0.0,0.0,4065.16,4065.16,262.74
237,2020,경기도판교테크노밸리조성사업,454651.0,99.9,0.007,-168.3,-1.4,-253.5,-1.4,0.008,0.009,64.0,64.0,28.0
238,2020,안성시공영개발,4334.2,96.5,3.6,16.3,0.6,-7.9,0.6,0.04,0.04,115.2,115.2,92.6
239,2020,의왕시공영개발,88234.62,99.92,0.08,0.0,49.41,49.41,49.36,0.0,0.0,1043.7,1043.7,0.0
240,2020,시흥시공영개발,166.19,57.63,73.52,6.73,9.65,5.62,4.18,0.62,1.43,107.13,107.13,105.96
241,2020,의정부시공영개발,0.0,100.0,0.0,0.0,0.85,0.0,0.85,0.0,0.0,234.04,234.04,0.0
242,2020,성남시공영개발,221565.25,96.08,4.07,-122.86,-0.46,-4.23,-0.44,0.0,0.0,76.52,76.52,19.11
243,2020,제주특별자치도하수도,309.74,65.67,39.34,-224.68,-8.66,-247.46,-6.21,0.03,0.04,36.95,36.95,28.78
244,2020,창녕군하수도,0.0,0.0,0.0,-562.03,-3.45,-982.17,-3.45,0.01,0.01,48.06,48.06,9.24
245,2020,양산시하수도,0.0,84.25,18.69,-27.58,-1.87,-47.06,-1.65,0.06,0.07,82.38,82.38,68.0
246,2020,밀양시하수도,4093020.53,100.0,0.0,-117.37,-1.8,-229.97,-1.8,0.02,0.02,64.55,64.55,30.31
247,2020,통영시하수도,31.75,42.91,133.02,-408.95,-19.24,-418.69,-8.21,0.02,0.05,34.17,34.17,19.28
248,2020,거창군하수도,282.88,85.7,16.69,-261.08,-2.14,-1079.61,-1.82,0.01,0.01,79.56,79.56,8.48
249,2020,사천시하수도,0.0,100.0,0.0,-46.88,-2.31,-89.66,-2.31,0.05,0.05,75.33,75.33,52.73
250,2020,김해시하수도,514732.27,76.09,31.41,-32.63,-2.63,-41.28,-1.97,0.06,0.08,78.58,78.58,70.78
251,2020,진주시하수도,314.44,74.2,34.77,-160.64,-7.36,-160.71,-5.41,0.03,0.05,43.21,43.21,38.36
252,2020,창원시하수도,-158246.0,87.18,14.7,-35.27,-3.6,-35.87,-3.11,0.1,0.09,74.74,74.74,73.6
253,2020,영주시하수도,76.2,45.7,118.7,608.4,17.9,679.7,8.1,0.01,0.03,38.7,38.7,12.8
254,2020,상주시하수도,81.32,18.85,430.52,-1315.7,-106.32,-1086.02,-20.18,0.02,0.08,12.45,12.45,8.43
255,2020,경산시하수도,0.0,100.0,0.0,-96.32,-5.5,-141.5,-5.5,0.06,0.06,60.13,60.13,41.41
256,2020,영천시하수도,4.037109262E7,99.95,0.05,-246.29,-4.04,382.93,-4.03,0.02,0.02,49.0,49.0,20.71
257,2020,안동시하수도,122514.97,99.93,0.07,-334.93,-6.26,-288.73,-6.25,0.02,0.02,34.87,34.87,22.99
258,2020,구미시하수도,336788.0,89.42,7.88,-32.46,-2.68,-53.0,-2.48,0.08,0.08,78.9,78.9,65.36
259,2020,경주시하수도,119.25,67.83,47.43,-258.86,-11.83,-350.93,-7.97,0.03,0.05,45.96,45.96,22.18
260,2020,영암군하수도,0.0,100.0,0.0,-189.17,-3.6,-305.29,-3.6,0.02,0.02,53.33,53.33,24.67
261,2020,나주시하수도,237.65,81.2,23.16,-758.03,-8.6,-862.12,-6.96,0.01,0.01,30.42,30.42,10.39
262,2020,순천시하수도,800.05,86.5,15.6,-83.79,-4.27,-90.19,-3.68,0.04,0.05,58.05,58.05,52.58
263,2020,목포시하수도,356.74,78.17,27.92,-92.4,-4.93,-81.12,-3.81,0.04,0.05,54.74,54.74,55.21
264,2020,정읍시하수도,25132.98,86.69,15.35,-113.54,-7.06,-157.21,-6.1,0.05,0.06,56.66,56.66,38.18
265,2020,익산시하수도,278.09,75.17,33.02,-118.16,-8.48,-133.0,-6.35,0.05,0.07,55.59,55.59,44.08
266,2020,완주군하수도,63839.97,100.0,0.1,-17.71,-2.06,-20.94,-2.06,0.12,0.12,87.63,87.63,85.37
267,2020,전주시하수도,908.25,86.63,15.43,-13.56,-1.47,-9.87,-1.27,0.09,0.11,88.51,88.51,88.68
268,2020,서산시하수도,351.96,82.39,21.38,-205.82,-6.6,-205.88,-5.39,0.03,0.03,37.49,37.49,32.69
269,2020,아산시하수도,200.98,90.29,10.76,-94.16,-2.88,-226.43,-2.59,0.03,0.03,72.84,72.84,30.63
270,2020,천안시하수도,1116.24,82.97,20.52,-61.99,-4.92,-58.56,-4.06,0.07,0.08,62.56,62.56,63.07
271,2020,공주시하수도,164789.97,99.98,0.02,-749.51,-5.63,-1023.49,-5.63,0.01,0.01,33.29,33.29,8.9
272,2020,청주시하수도,6254.34,97.82,2.23,-24.02,-2.08,-36.9,-2.03,0.08,0.09,82.9,83.18,73.04
273,2020,속초시하수도,39469.7,96.59,3.54,-136.71,-6.14,-138.45,-5.99,0.04,0.04,46.26,46.26,45.4
274,2020,춘천시하수도,465.93,82.13,21.76,-219.48,-70.29,-258.16,-5.97,0.03,0.03,41.97,41.97,27.92
275,2020,가평군하수도,51942.53,99.98,0.02,-255.61,-4.28,-425.99,-4.28,0.02,0.02,52.23,52.23,19.01
276,2020,김포시하수도,254.14,77.97,28.26,-105.61,-8.25,-123.76,0.0,0.06,0.08,55.11,55.11,44.69
277,2020,안양시하수도,67072.42,99.87,0.13,-33.71,-1.83,-57.6,-1.83,0.05,0.05,78.61,78.61,63.45
278,2020,평택시하수도,692.3,83.44,14.15,-84.37,-3.82,-87.73,-3.32,0.04,0.05,57.92,57.92,53.27
279,2020,광주시하수도,59333.06,99.91,0.09,38.98,2.2,-103.01,2.19,0.06,0.06,119.03,119.03,49.26
280,2020,안성시하수도,610.35,86.23,15.96,-142.77,-3.87,-204.97,-3.55,0.02,0.03,58.05,58.05,32.79
281,2020,남양주시하수도,41093.71,99.89,0.11,-53.43,-3.37,-101.06,-3.36,0.06,0.06,74.13,74.13,49.74
282,2020,의왕시하수도,5214.0,99.04,0.97,3.2,0.42,0.34,0.42,0.13,0.13,103.21,103.21,100.34
283,2020,용인시하수도,975.91,90.78,10.16,-60.36,-3.57,-76.6,-3.22,0.05,0.06,66.87,66.87,56.62
284,2020,군포시하수도,121315.83,99.81,0.19,-46.96,-6.54,-53.49,-6.53,0.14,0.14,69.54,69.54,65.15
285,2020,여주시하수도,3882.43,99.73,0.27,-14.13,-0.26,-1119.05,-0.26,0.02,0.02,98.84,98.84,8.2
286,2020,오산시하수도,94384.08,99.98,0.02,-41.82,-3.54,-49.3,-3.54,0.08,0.08,71.99,71.99,66.98
287,2020,포천시하수도,198638.74,100.0,0.0,-161.97,-3.66,-253.99,-3.66,0.02,0.02,55.35,55.35,28.25
288,2020,시흥시하수도,3079.55,90.81,10.12,-54.82,-4.06,-6086.0,-3.8,0.07,0.07,66.57,66.57,62.16
289,2020,구리시하수도,294600.2,99.92,0.08,17.69,1.28,-75.49,1.28,0.07,0.07,89.92,89.92,56.98
290,2020,성남시하수도,28997.0,99.74,0.26,-80.27,-6.54,-82.21,-6.52,0.08,0.08,56.06,56.06,54.88
291,2020,과천시하수도,43172.84,98.97,1.04,-24.94,-2.85,-27.22,-2.82,0.11,0.11,80.4,80.4,78.6
292,2020,안산시하수도,32266.36,99.75,0.25,-19.69,-1.99,-26.96,-1.98,0.1,0.1,84.49,84.49,78.77
293,2020,부천시하수도,434.552,99.93,0.07,0.02,0.0,-1.1,0.0,7.51,7.52,100.01,100.01,98.91
294,2020,광명시하수도,2011.41,96.31,3.83,3335.722,-6.17,-35.2,-6.02,0.18,0.18,75.06,75.06,73.96
295,2020,의정부시하수도,0.0,100.0,0.0,-50.62,-3.69,-55.86,-3.69,0.07,0.07,67.52,67.52,64.16
296,2020,수원시하수도,40493.11,99.82,0.18,-4.24,-0.43,2.81,-0.43,0.1,0.1,104.01,104.01,97.27
297,2020,울산광역시하수도,275.8,84.1,18.9,-15.6,-2.4,-24.3,-2.0,0.126,0.152,87.8,87.8,80.5
298,2020,대전광역시하수도,597.24,75.57,32.33,-26.48,-4.29,-27.28,-3.21,0.12,0.16,80.17,80.17,78.57
299,2020,광주광역시하수도,693.0,81.0,22.0,-47.0,-4.0,-46.0,-3.0,0.08,0.1,69.0,69.0,68.0
300,2020,인천광역시하수도,79.14,92.41,8.22,0.0,0.0,0.0,0.0,0.11,0.12,77.91,77.91,72.53
301,2020,대구광역시하수도,1474.5,99.74,0.26,15.6,1.49,0.61,1.48,0.1,0.1,115.6,115.6,100.61
302,2020,부산광역시하수도,810.07,71.86,13.55,0.0,0.0,0.0,0.0,0.09,0.1,87.15,87.15,90.15
303,2020,제주특별자치도상수도,254.99,83.4,12.62,0.35,0.04,-2.58,0.04,0.11,0.12,100.31,100.31,97.48
304,2020,거창군상수도,16115.36,99.92,0.08,-26.79,-1.25,-70.31,-1.25,0.05,0.05,84.75,84.75,58.93
305,2020,창녕군상수도,0.0,99.69,0.31,-27.93,-2.1,-68.76,0.0,0.08,0.08,84.05,84.05,59.26
306,2020,양산시상수도,23873.95,99.97,0.03,-8.36,-1.05,-9.86,-1.05,0.13,0.13,92.61,92.61,90.92
307,2020,거제시상수도,1899.28,92.76,7.81,0.71,0.08,-25.02,0.08,0.11,0.12,100.55,100.55,79.89
308,2020,밀양시상수도,133.0,99.74,0.26,-78.04,-6.19,-79.71,-6.17,0.08,0.08,58.61,58.61,56.29
309,2020,김해시상수도,51686.28,99.98,0.02,-19.03,-1.55,-23.12,-1.55,0.08,0.08,85.06,85.06,81.11
310,2020,사천시상수도,0.0,98.52,1.5,6.81,0.94,-5.34,0.92,0.13,0.14,106.25,106.25,95.05
311,2020,통영시상수도,0.0,99.13,0.87,8.84,1.88,6.45,1.85,0.21,0.21,108.16,108.16,93.94
312,2020,진주시상수도,16.629,99.78,0.22,7.59,0.84,10.9,0.84,0.11,0.11,93.47,93.47,90.16
313,2020,창원시상수도,71145.02,99.78,0.22,-9.3,-1.06,-20.37,-1.05,0.12,0.12,92.41,92.41,83.22
314,2020,경산시상수도,372.23,97.9,2.15,-25.64,-2.55,-34.24,-2.49,0.1,0.1,81.69,81.69,75.3
315,2020,문경시상수도,0.0,99.54,0.46,-7.76,-0.49,-64.57,-0.49,0.06,0.06,95.52,95.52,60.71
316,2020,상주시상수도,1048409.87,99.96,0.04,-77.48,-2.81,-78.89,-2.8,0.04,0.04,59.58,59.58,55.96
317,2020,칠곡군상수도,25454.56,99.99,0.01,-28.93,-2.96,-72.35,-2.96,0.1,0.1,83.94,83.94,58.23
318,2020,울진군상수도,19352.69,99.57,0.43,-161.56,-2.81,-218.95,-2.8,0.02,0.02,51.1,51.1,31.52
319,2020,영천시상수도,7207.86,99.84,0.16,-87.8,-3.83,-112.89,-3.82,0.04,0.04,60.31,60.31,47.43
320,2020,영주시상수도,0.0,99.5,0.5,-32.4,-0.2,-35.4,0.0,0.1,0.1,77.0,77.0,74.0
321,2020,구미시상수도,9138.91,95.82,1.84,-1.34,-0.31,-7.46,-0.31,0.23,0.23,98.78,98.78,93.19
322,2020,안동시상수도,31687.92,99.98,0.02,-23.89,-1.38,-33.72,-1.38,0.06,0.06,82.94,82.94,74.83
323,2020,김천시상수도,32326.61,99.94,0.06,13.13,1.12,-18.98,1.11,0.08,0.08,110.48,110.48,84.06
324,2020,경주시상수도,469.26,95.49,4.73,-18.63,-2.85,-21.0,-2.68,0.14,0.15,85.36,85.36,82.91
325,2020,포항시상수도,3285.0,99.6,0.4,-13.6,-2.1,-22.2,-2.1,0.2,0.2,89.2,89.2,82.3
326,2020,영암군상수도,0.0,100.0,0.0,-69.84,-4.22,-111.26,-4.22,0.06,0.06,67.71,67.71,47.41
327,2020,광양시상수도,6329.31,99.89,0.11,11.64,1.31,-1.84,1.31,0.11,0.11,111.0,111.0,99.0
328,2020,나주시상수도,18708.21,87.68,14.05,-25.25,-2.04,-110.2,-1.77,0.07,0.08,88.75,88.75,47.54
329,2020,순천시상수도,36316.23,99.91,0.09,13.61,1.49,11.16,1.48,0.11,0.11,114.74,114.74,114.2
330,2020,여수시상수도,62755.96,99.8,0.2,-7.57,-0.86,-11.17,-0.86,0.11,0.11,93.7,93.7,89.16
331,2020,목포시상수도,23166.0,99.73,0.27,-18.36,-2.37,-21.62,-2.36,0.13,0.13,85.27,85.27,81.97
332,2020,고창군상수도,2271.39,99.89,0.11,-35.4,-2.14,-135.9,-2.13,0.06,0.06,85.74,85.74,42.28
333,2020,완주군상수도,19707.0,99.77,0.23,-2.21,-0.43,-4.74,-0.43,0.19,0.2,97.9,97.9,95.52
334,2020,김제시상수도,15982.5,99.1,0.89,-43.1,-4.5,-41.4,-4.4,0.1,0.103,71.9,71.09,70.7
335,2020,남원시상수도,0.0,99.31,0.69,70.59,4.04,70.74,4.02,0.06,0.06,60.43,60.43,60.99
336,2020,정읍시상수도,614.82,85.45,17.03,-22.48,-3.84,-46.83,-3.22,0.14,0.17,85.24,85.24,68.1
337,2020,익산시상수도,866416.43,99.72,0.16,-20.92,-3.78,-21.56,-3.78,0.18,0.18,83.43,83.43,83.41
338,2020,군산시상수도,541.91,97.5,2.56,-0.75,-0.15,-1.63,-0.15,0.202,0.206,99.29,99.29,96.83
339,2020,전주시상수도,1012.95,95.89,4.28,9.47,2.0,8.07,1.89,0.21,0.2,109.93,109.93,109.28
340,2020,홍성군상수도,1018.58,99.58,0.42,-34.18,-2.46,-43.02,-2.45,0.07,0.07,77.17,77.17,69.21
341,2020,당진시상수도,38310.79,99.7,0.3,0.44,0.05,-7.18,0.05,0.11,0.11,100.39,100.39,93.01
342,2020,예산군상수도,673503.16,100.0,0.0,-20.68,-2.34,-22.22,-2.34,0.11,0.11,84.54,84.54,81.78
343,2020,논산시상수도,26018.92,99.97,0.03,0.56,0.06,-28.64,0.06,0.11,0.11,100.41,100.41,77.71
344,2020,서산시상수도,22070.37,99.97,0.03,-21.55,-2.1,-27.86,-2.1,0.1,0.1,84.23,84.23,79.21
345,2020,아산시상수도,6894.11,99.91,0.09,-0.7,-0.09,-3.76,-0.09,0.13,0.13,99.37,99.37,95.74
346,2020,보령시상수도,19088.98,99.92,0.08,-37.84,-3.06,-45.0,-3.06,0.08,0.08,75.77,75.77,68.86
347,2020,공주시상수도,11306.57,98.7,1.32,-61.92,-3.31,-129.98,-3.27,0.05,0.05,74.07,74.07,43.24
348,2020,천안시상수도,27950.71,99.66,0.34,-21.33,-2.5,-21.33,-2.49,0.14,0.14,85.73,85.73,82.45
349,2020,옥천군상수도,7735.0,99.96,0.04,-75.23,-2.81,-74.98,-2.81,0.04,0.04,60.77,60.77,57.36
350,2020,제천시상수도,351186.0,99.66,0.34,-31.06,-2.59,-32.72,-2.58,0.08,0.08,78.27,78.27,75.77
351,2020,충주시상수도,371.86,94.78,5.51,2.56,0.28,0.49,0.28,0.11,0.11,102.28,102.28,91.11
352,2020,청주시상수도,2398.89,98.88,1.13,1.29,0.21,4.12,0.21,16.24,16.44,101.21,101.21,104.19
353,2020,고성군상수도,593.63,99.25,0.75,-56.91,-3.08,-64.37,-3.05,5.35,5.41,71.54,71.54,60.84
354,2020,철원군상수도,85707.43,99.99,0.01,-40.68,-2.07,-44.59,-2.07,0.05,0.05,73.02,73.02,69.24
355,2020,정선군상수도,0.0,100.0,0.0,-62.66,-5.08,-107.8,-5.08,0.08,0.08,70.71,70.71,47.83
356,2020,홍천군상수도,10738.1,99.91,0.09,-40.24,-1.93,-53.28,-1.93,0.05,0.05,76.9,76.9,65.51
357,2020,삼척시상수도,6.657879142E7,100.0,0.0,-39.26,-2.74,-44.12,-2.74,0.07,0.07,73.98,73.98,69.22
358,2020,속초시상수도,-56.02,0.15,-23.53,119.82,81.4,68.39,82.94,-21.43,-14.29,18.19,18.19,11.98
359,2020,태백시상수도,2407.16,99.62,0.35,97.1,4.38,124.24,4.37,0.045,0.045,57.65,57.65,44.6
360,2020,동해시상수도,3433.48,98.85,1.16,-28.74,-4.08,-30.12,-4.03,0.14,0.14,78.71,78.71,76.8
361,2020,강릉시상수도,3551.54,99.49,0.51,3.3,0.36,3.3,0.36,0.11,0.11,102.92,102.92,100.66
362,2020,원주시상수도,33945.31,99.96,0.04,10.81,1.79,5.43,1.79,0.17,0.17,110.82,110.82,105.53
363,2020,춘천시상수도,3286.29,97.26,2.82,-16.12,-1.45,-22.63,-1.41,0.09,0.09,87.97,87.97,81.54
364,2020,인제군상수도,1296.92,99.01,1.0,-51.11,-2.13,-60.86,-2.11,4.14,4.17,70.06,70.06,62.17
365,2020,평창군상수도,206537.03,100.0,0.0,-122.45,-2.88,-132.62,-2.88,0.02,0.02,50.85,50.85,42.58
366,2020,영월군상수도,20389.46,99.96,0.04,-103.76,-2.86,-179.04,-2.86,0.03,0.03,66.1,66.1,35.49
367,2020,가평군상수도,2227.51,98.81,1.21,-51.89,-2.96,55.07,-2.93,0.06,0.06,69.35,69.35,64.46
368,2020,여주시상수도,6384.31,99.87,0.13,-68.29,-3.7,-67.85,-3.7,0.05,0.05,64.27,64.27,58.65
369,2020,양평군상수도,43194.42,99.69,0.23,3.0,0.04,-22.92,0.04,0.06,0.06,102.13,102.13,79.93
370,2020,포천시상수도,9326.57,99.92,0.08,-40.89,-3.98,-45.89,-3.98,0.1,0.1,74.47,74.47,67.2
371,2020,안성시상수도,24592.2,99.9,0.1,-6.2,-0.7,-16.2,-0.7,0.11,0.11,95.0,95.0,87.1
372,2020,연천군상수도,21533.17,99.95,0.05,22.0,1.21,33.42,1.21,0.06,0.06,84.39,8439.0,74.9
373,2020,광주시상수도,176680.76,99.98,0.02,-4.39,-0.25,-21.96,-0.25,0.06,0.06,97.03,97.03,82.05
374,2020,화성시상수도,42735.68,96.26,3.89,0.05,0.01,-2.37,0.01,0.14,0.14,100.05,100.05,97.75
375,2020,이천시상수도,35219.31,99.73,0.27,14.11,1.53,9.94,1.53,0.11,0.11,113.73,113.73,110.44
376,2020,파주시상수도,63392.15,99.96,0.04,9.05,1.22,2.58,1.22,0.14,0.14,109.24,109.24,102.61
377,2020,용인시상수도,1434.21,99.24,0.76,-13.08,-1.65,-16.63,-1.64,0.13,0.13,89.81,89.81,85.44
378,2020,하남시상수도,119166.8,99.96,0.04,-4.47,-0.34,-14.86,1.4,0.08,0.08,96.41,96.41,89.8
379,2020,양주시상수도,44699.19,99.98,0.02,-10.42,-1.15,-13.17,-1.15,0.11,0.11,91.38,91.38,88.36
380,2020,의왕시상수도,66248.13,99.93,0.07,-10.38,-1.19,-14.48,-1.18,0.11,0.11,91.27,91.27,86.54
381,2020,군포시상수도,9572.83,99.58,0.43,-5.26,-0.63,-9.93,-0.63,0.12,0.12,95.34,95.34,90.9
382,2020,시흥시상수도,104827.59,99.96,0.04,-2.92,-0.42,-7.65,-0.41,0.14,0.14,97.39,97.39,93.29
383,2020,오산시상수도,1933.62,99.37,0.64,-26.14,-4.37,-30.55,-4.33,0.17,0.17,80.88,80.88,76.74
384,2020,남양주시상수도,17159.14,99.59,0.41,-10.18,-1.43,-12.56,-1.42,0.14,0.14,91.18,91.18,88.82
385,2020,평택시상수도,1943.48,98.01,0.75,16.81,2.38,17.25,2.36,0.15,0.15,599.63,599.63,121.68
386,2020,김포시상수도,8988.96,99.9,0.1,-14.73,-1.15,-20.41,-1.15,0.08,0.08,88.95,88.95,83.15
387,2020,구리시상수도,126227.82,99.65,0.35,-16.62,-1.83,-25.69,-1.83,0.11,0.11,87.16,87.16,79.44
388,2020,과천시상수도,159818.19,99.72,0.28,-21.3,-2.13,-25.12,-2.13,0.1,0.1,83.96,83.96,80.05
389,2020,고양시상수도,3799.0,98.85,1.16,-8.89,-2.13,-13.13,-2.11,0.24,0.24,92.5,92.5,88.29
390,2020,안산시상수도,139767.84,99.76,0.24,27.02,4.1,31.28,4.09,0.15,0.15,79.91,79.91,76.39
391,2020,동두천시상수도,3671.83,76.81,30.19,-40.18,-4.34,-40.69,-3.35,0.08,0.11,72.4,72.4,69.84
392,2020,광명시상수도,601.07,96.15,4.01,0.17,0.03,-4.64,0.03,0.17,0.18,100.16,100.16,95.54
393,2020,부천시상수도,2108.78,98.87,1.14,-8.98,-1.19,-12.94,-1.18,0.13,0.13,92.23,92.23,88.92
394,2020,안양시상수도,2500.43,99.55,0.45,1.44,0.18,-2.96,0.18,0.12,0.12,101.36,101.36,97.13
395,2020,의정부시상수도,305897.0,100.0,0.0,-21.37,-3.93,-30.99,-3.93,0.18,0.18,84.01,84.01,89.02
396,2020,성남시상수도,52067.32,99.65,0.35,-75.67,-5.45,-83.12,-5.43,0.07,0.07,59.51,59.51,54.62
397,2020,수원시상수도,3007.51,99.37,0.62,7.13,1.25,-11.52,1.24,0.17,0.17,106.39,106.39,89.66
398,2020,울산광역시상수도,1079.6,99.0,1.0,-1.9,-0.3,-8.0,-0.3,0.13,0.13,98.3,98.3,98.0
399,2020,대전광역시상수도,1303.11,97.28,2.79,0.45,0.06,-2.52,0.06,0.13,0.14,100.42,100.42,98.37
400,2020,광주광역시상수도,2888.88,98.87,1.14,7.69,1.05,3.36,1.04,0.14,0.14,107.55,107.55,104.31
401,2020,인천광역시상수도,2067.12,97.5,0.75,-14.07,-1.77,-21.31,-1.76,0.13,0.13,88.69,88.69,82.48
402,2020,대구광역시상수도,387.82,97.61,2.45,-7.84,-1.04,-9.63,-1.02,0.13,0.13,93.1,93.06,91.55
403,2020,부산광역시상수도,533.81,98.59,1.43,-4.51,-0.65,-6.75,-0.65,0.14,0.15,96.31,96.31,93.83
404,2020,서울특별시상수도,433.63,97.69,2.37,-16.34,-1.93,-23.78,-1.88,0.11,0.12,87.31,87.31,81.4
1,2021,양주도시공사,953.78,89.76,11.41,0.0,0.0,0.0,0.0,4.98,5.88,100.0,100.0,100.0
2,2021,단양관광공사,149.75,33.22,201.01,0.0,0.0,0.0,0.0,7.24,18.69,100.0,100.0,100.0
3,2021,전남광주통합특별시 서구시설관리공단,0.0,0.0,0.0,0.0,0.0,0.0,0.0,0.0,0.0,0.0,0.0,0.0
4,2021,전남광주통합특별시북구시설관리공단,0.0,0.0,0.0,0.0,0.0,0.0,0.0,0.0,0.0,0.0,0.0,0.0
5,2021,김천시시설관리공단,119.12,16.06,522.63,0.0,0.0,0.0,0.0,3.59,12.98,100.0,100.0,100.0
6,2021,예산군하수도,327108.98,100.0,0.0,-630.7,-3.96,-1202.84,-3.96,0.0,0.0,51.68,51.68,7.68
7,2021,평창군시설관리공단,167.74,40.38,147.62,0.0,0.0,0.0,0.0,11.12,27.54,100.0,100.0,100.0
8,2021,금산군하수도,62.04,79.42,25.91,-1647.7,-10.02,-2826.91,-7.84,0.01,0.0,45.83,45.83,3.42
9,2021,서울물재생시설공단,257.9,61.2,63.3,0.0,0.0,0.0,0.0,49.9,65.7,100.0,100.0,100.0
10,2021,경기교통공사,117.15,15.65,538.81,-77.26,-20.87,-77.97,-2.68,0.03,0.27,56.29,56.87,55.41
11,2021,원주시시설관리공단,98.16,32.31,209.5,0.0,0.0,0.0,0.0,32.61,86.07,100.0,100.0,100.0
12,2021,김포도시공사,806.59,94.87,5.41,-6.36,-2.03,-4.0,-1.94,0.3,0.32,94.11,92.58,96.16
13,2021,파주도시공사,9548.52,99.35,1.07,-0.5,-0.41,-1.02,-0.41,0.83,0.84,99.51,-0.49,98.99
14,2021,영천시시설관리공단,127.0,53.0,88.0,0.0,0.0,0.0,0.0,3.0,8.0,100.0,100.0,100.0
15,2021,과천도시공사,357.8,56.84,75.94,-7.05,-0.29,-9.02,-0.19,0.11,0.16,91.73,91.73,91.73
16,2021,울산광역시북구시설관리공단,268.0,62.7,59.5,0.0,0.0,0.0,0.0,28.42,44.53,100.0,100.0,100.0
17,2021,포천도시공사,1693.17,94.03,6.35,-4.19,-1.71,-6.58,-1.69,0.4,0.11,96.07,96.07,93.83
18,2021,안양도시공사,4385.77,100.89,0.68,-2.29,-0.71,-2.68,-0.71,0.31,0.31,97.79,97.79,97.39
19,2021,예천군하수도,53.94,57.73,73.23,-582.86,-11.72,-905.95,-6.71,0.01,0.02,49.34,49.34,9.94
20,2021,예천군상수도,0.0,99.99,0.0,-104.42,-3.57,-186.3,-3.57,0.03,0.03,65.96,65.96,34.93
21,2021,고성군하수도,0.0,100.0,0.0,-461.89,-5.21,-748.65,-5.21,0.01,0.01,45.57,45.57,11.78
22,2021,고성군상수도,33358.0,99.77,0.23,-12.38,-1.19,-46.36,-1.19,0.1,0.1,92.02,92.02,69.01
23,2021,세종도시교통공사,96.98,53.4,87.26,-6.15,-9.41,-6.66,-5.63,0.92,1.53,94.23,94.23,93.76
24,2021,사천시시설관리공단,138.2,25.86,286.72,0.0,0.0,0.01,0.0,12.53,37.9,100.0,100.0,100.01
25,2021,제주특별자치도공영버스,825.03,85.81,16.53,-112.64,-10.51,-1623.71,-9.19,0.08,0.09,93.5,93.5,5.8
26,2021,서울특별시하수도,3378.05,99.89,0.11,3.58,0.37,-26.27,0.37,0.1,0.1,102.84,102.84,79.19
27,2021,경주시시설관리공단,137.39,28.05,256.49,0.0,0.0,0.0,0.0,12.31,99.07,100.0,100.0,99.97
28,2021,인천광역시연수구시설안전관리공단,248.08,59.69,67.53,0.0,0.0,0.0,0.0,13.21,26.69,100.0,100.0,100.0
29,2021,서울교통공사,45.9,56.2,77.94,-59.2,-12.39,-57.61,-6.79,0.11,0.21,63.53,63.53,63.45
30,2021,태안군하수도,26606.64,99.99,0.01,-514.89,-6.08,-843.05,-6.05,0.01,0.01,48.3,48.3,10.6
31,2021,태안군상수도,19.11,99.77,0.23,-115.0,-4.6,-130.12,-4.59,0.04,0.04,55.52,55.52,44.55
32,2021,김제시하수도,265.2,65.7,52.2,-1041.3,-12.7,-1683.2,-8.2,0.01,0.008,45.7,45.7,5.6
33,2021,부여군하수도,2754497.67,100.0,0.0,-321.25,-4.84,-517.96,-4.84,0.02,0.02,48.02,48.02,16.18
34,2021,하남시하수도,23883.52,99.93,0.07,-94.19,-4.86,-129.73,-4.85,0.05,0.05,59.3,59.3,43.53
35,2021,서울에너지공사,76.27,66.05,51.4,-29.22,-0.62,-24.77,-9.24,0.32,0.45,77.44,79.43,80.15
36,2021,충주시시설관리공단,81.15,33.84,195.55,0.0,0.0,-0.02,0.0,38.61,90.23,100.0,100.0,99.98
37,2021,세종특별자치시시설관리공단,141.6,27.8,259.5,0.0,0.0,0.0,0.0,7.2,24.6,100.0,100.0,100.0
38,2021,밀양시시설관리공단,547.43,46.78,113.76,0.0,0.0,-0.06,0.0,19.32,45.64,100.0,100.0,99.94
39,2021,군산시하수도,429.58,88.97,12.4,-56.01,0.0,-4.48,-3.98,0.07,0.08,65.07,65.07,64.33
40,2021,홍성군하수도,23.03,53.19,88.0,-683.28,-17.4,-683.28,-8.86,0.02,0.03,42.47,42.47,12.77
41,2021,동해시하수도,925892.07,100.0,0.0,-54.1,-3.56,-55.75,-4.0,0.07,0.07,65.26,64.2,64.2
42,2021,원주시하수도,166.39,82.3,21.5,-79.41,-4.53,-128.83,-3.64,0.05,0.06,67.37,67.37,43.7
43,2021,양주시하수도,162052.99,100.0,0.0,-114.14,-5.27,-128.4,-5.27,0.05,0.05,50.11,50.11,43.78
44,2021,서천군상수도,3009.54,99.08,0.93,-23.51,-1.53,-60.12,-1.44,0.07,0.06,85.32,85.32,62.45
45,2021,부여군상수도,2121.9,99.42,0.58,-68.08,-3.37,-80.8,-3.34,0.05,0.05,65.75,65.75,54.41
46,2021,금산군상수도,1172.25,99.35,0.66,-32.49,-1.76,-114.52,-1.75,0.05,0.05,86.17,86.17,46.66
47,2021,인천관광공사,152.7,78.3,27.72,4.03,2.55,0.0,1.95,48.33,63.2,103.19,0.0,79.32
48,2021,광명도시공사,2500.0,96.2,4.0,0.0,0.0,0.0,0.0,86.7,90.1,99.4,99.4,98.1
49,2021,영덕군하수도,37.54,75.69,32.12,-318.18,16.7,-517.88,-12.64,0.04,0.05,51.59,51.59,16.18
50,2021,문경시하수도,56.96,57.4,74.21,-454.42,-11.88,-727.72,-6.64,0.01,0.03,51.16,51.16,12.08
51,2021,논산시하수도,590.87,94.41,5.93,-315.49,-4.85,-406.41,-4.56,0.01,0.02,38.89,38.89,19.75
52,2021,과천시지식정보타운조성사업,0.0,0.0,0.0,0.0,0.0,0.0,0.0,0.0,0.0,0.0,0.0,0.0
53,2021,아산시시설관리공단,213.61,54.63,83.06,0.0,0.0,0.0,0.0,21.88,40.06,100.0,100.0,100.0
54,2021,장수한우지방공사,368.18,80.94,23.55,-20.94,-14.0,-21.47,-11.33,0.54,0.67,83.21,83.21,82.32
55,2021,광주광역시광산구시설관리공단,100.0,17.4,475.9,0.0,0.0,0.0,0.0,10.8,109.3,100.0,100.0,100.0
56,2021,대구광역시달성군시설관리공단,110.12,19.54,411.66,0.0,0.0,0.0,0.0,17.38,69.85,100.0,100.0,100.0
57,2021,김해시도시개발공사,242.68,58.95,69.65,5.58,3.76,6.19,2.16,0.39,0.67,105.83,107.35,106.6
58,2021,합천군상수도,31469.5,98.38,1.19,-113.81,-6.45,-190.07,-6.36,0.06,0.06,62.7,62.7,36.0
59,2021,성남도시개발공사,666.35,83.95,19.12,-0.79,-0.89,1.16,-0.69,0.88,1.12,99.22,102.36,103.23
60,2021,부여군시설관리공단,241.56,58.6,70.63,0.0,0.0,0.08,0.0,12.45,17.49,100.0,100.0,100.08
61,2021,세종특별자치시하수도,1969.01,99.83,0.17,-195.23,-3.93,-257.1,-3.92,0.02,0.02,45.38,45.38,28.0
62,2021,진천군하수도,335.23,81.61,22.54,-640.57,-9.69,-915.54,-7.78,0.01,0.02,39.68,39.68,9.85
63,2021,진천군상수도,55457.01,99.91,0.09,-3.66,-0.7,-4.04,-0.7,0.19,0.19,96.64,96.64,96.37
64,2021,울산광역시중구도시관리공단,118.0,30.0,235.0,0.0,0.0,0.0,0.0,17.0,60.0,100.0,100.0,100.0
65,2021,이천시시설관리공단,272.3,70.18,42.5,0.0,0.0,0.0,0.0,9.99,13.84,100.0,100.0,100.0
66,2021,부산관광공사,512.4,83.3,20.0,-105.7,-35.9,-118.3,-29.0,27.5,34.0,51.8,51.8,45.8
67,2021,구리도시공사,1350.44,92.41,8.21,3.37,0.66,0.21,0.62,0.18,0.2,103.37,103.37,100.21
68,2021,경상북도문화관광공사,382.06,74.84,33.62,32.83,3.48,19.58,2.5,0.076,0.106,134.76,168.25,124.34
69,2021,제주에너지공사,151.3,88.77,12.65,4.37,0.12,14.46,0.1,0.02,0.03,106.12,116.91,104.44
70,2021,광양시하수도,31848.31,99.99,0.01,-213.93,-5.76,-217.13,-5.76,0.03,0.03,32.58,32.58,31.53
71,2021,세종특별자치시상수도,987.11,79.56,25.7,-10.78,-0.9,-5.83,-0.79,0.07,0.08,91.38,91.38,131.35
72,2021,여수시하수도,362.07,86.36,15.79,-96.24,-5.04,-87.74,-4.32,0.04,0.05,55.69,55.69,57.56
73,2021,옥천군하수도,80.47,90.86,10.06,480.6,5.26,973.2,4.74,0.01,0.011,56.51,56.51,9.32
74,2021,남원시하수도,0.0,99.7,0.23,-190.91,-2.89,-445.17,-2.89,0.02,0.02,64.99,64.99,18.34
75,2021,영광군하수도,5887.68,99.96,0.04,-673.52,-4.43,-1007.45,-4.43,0.01,0.01,39.18,39.18,9.03
76,2021,영광군상수도,34552.12,99.92,0.08,-50.49,-2.15,-90.57,-2.14,0.04,0.04,74.75,74.75,52.32
77,2021,거제해양관광개발공사,263.84,90.24,10.81,-14.51,-6.75,-13.99,-6.05,0.42,0.47,87.4,87.4,87.73
78,2021,대전관광공사,229.32,84.51,18.33,9.93,1.86,9.17,1.62,0.16,0.19,110.84,110.84,110.1
79,2021,양평군하수도,28352.63,99.96,0.04,-108.02,-2.27,-363.54,-2.26,0.02,0.02,77.59,77.59,21.57
80,2021,천안시시설관리공단(폐지),156.24,37.75,164.88,0.0,0.0,0.0,0.0,32.45,14.5,100.0,100.0,100.0
81,2021,여주도시관리공단(폐지),181.23,43.37,130.55,0.0,0.0,0.0,0.0,20.61,47.66,100.0,100.0,100.0
82,2021,영월군시설관리공단,224.47,55.45,80.34,0.0,0.0,0.0,0.0,62.33,17.54,100.0,100.0,100.0
83,2021,계룡시하수도,160.97,658.85,51.85,-431.46,-19.53,-416.33,-12.45,0.03,0.05,21.65,21.65,19.37
84,2021,의왕도시공사,1279.74,98.52,1.51,827.94,88.39,-78.02,86.6,0.1,0.11,572.28,560.31,56.17
85,2021,고양도시관리공사,484.36,72.18,38.55,0.3,0.12,-0.79,0.09,30.53,39.96,100.29,100.29,99.21
86,2021,양양군상수도,2045.97,99.72,0.28,-45.59,-3.28,-46.03,-3.27,0.07,0.07,70.89,70.89,67.26
87,2021,계룡시상수도,5027.5,99.22,0.79,-11.18,-0.95,-30.33,-0.94,0.08,0.09,91.72,91.72,76.86
88,2021,증평군하수도,164.33,86.56,15.53,-151.01,-6.84,-157.21,-5.374,0.038,0.045,45.01,45.01,38.88
89,2021,고양시하수도,22358.6,99.79,0.21,-29.13,-2.6,-30.72,-2.59,0.09,0.09,77.81,77.81,76.5
90,2021,음성군하수도,187.55,85.26,17.29,-477.42,-4.83,-967.15,-4.08,0.0,0.01,58.07,58.07,9.37
91,2021,김천시하수도,8804.91,99.79,0.21,-12.36,-1.13,-69.32,-1.13,0.09,0.09,92.7,92.7,59.06
92,2021,화순군하수도,0.0,100.0,0.0,-698.44,-8.24,-745.54,-8.24,0.01,0.01,17.4,17.4,11.83
93,2021,화순군상수도,70618.4,99.89,0.11,-39.21,-1.61,-91.17,-1.61,0.04,0.04,81.33,81.33,51.8
94,2021,영동군상수도,348505.48,99.77,0.23,-86.14,-2.73,-91.52,-2.72,0.03,0.03,57.67,57.67,52.32
95,2021,포항시시설관리공단,152.38,34.37,190.92,0.0,0.0,-0.16,0.0,36.4,109.94,100.0,100.0,99.84
96,2021,춘천도시공사,288.85,76.67,30.42,0.84,1.44,-0.37,1.16,1.38,1.71,100.84,100.99,99.63
97,2021,이천시하수도,526241.5,99.98,0.02,-51.0,-4.9,-127.24,-4.9,0.1,0.1,77.7,77.7,44.01
98,2021,강릉관광개발공사,167.25,83.96,19.11,-1.83,-2.1,-2.33,-1.81,0.98,1.15,93.47,93.47,91.69
99,2021,보령시시설관리공단,130.28,23.24,330.2,0.0,0.0,0.0,0.0,10.59,43.62,100.0,100.0,100.0
100,2021,당진도시공사,467.35,92.64,7.94,-111.86,-2.07,-103.21,-1.97,0.02,0.02,58.23,58.23,50.79
101,2021,연천군하수도,72486.59,99.99,0.01,-369.37,-123.35,-1.61,-1.61,0.01,0.01,73.73,73.73,21.31
102,2021,칠곡군하수도,178.08,77.6,28.86,-153.98,-4.54,-406.29,-3.5,0.02,0.03,71.24,71.24,19.75
103,2021,의령친환경골프장관리사업소,4460.73,99.57,0.42,-16.13,-3.58,20.17,-3.65,22.67,22.23,115.95,86.24,79.82
104,2021,경기도고덕국제화계획지구조성사업,120.6,0.0,0.0,0.0,0.0,0.0,0.03,0.0,0.0,0.0,0.0,0.0
105,2021,인천광역시제물포구시설관리공단,245.0,58.0,73.0,0.0,0.0,0.02,0.0,13.0,23.0,100.0,100.0,100.02
106,2021,여수시도시관리공단,145.37,8.1,1134.52,0.0,0.0,0.0,0.0,5.76,78.26,100.0,0.0,0.0
107,2021,단양군상수도,0.0,99.68,0.32,-21.33,-2.21,-36.12,-2.18,0.1,0.1,84.93,84.93,72.23
108,2021,영덕군상수도,1130.6,98.58,1.44,-14.47,-1.15,-28.35,-1.13,0.08,0.08,88.8,88.8,77.53
109,2021,양산시시설관리공단,185.81,46.18,116.53,0.0,0.0,-0.23,0.0,39.84,84.59,100.0,100.0,99.77
110,2021,동두천시하수도,82489.26,99.99,0.01,-54.18,-4.52,-64.43,-4.52,0.08,0.08,68.92,68.92,60.82
111,2021,부산광역시기장군도시관리공단,179.1,47.27,111.54,0.0,0.0,0.0,0.0,17.46,35.26,100.0,100.0,100.0
112,2021,함안지방공사,459.34,77.5,29.03,4.37,7.18,4.72,5.54,1.26,1.64,104.53,105.81,104.96
113,2021,의성군상수도,0.0,100.0,0.0,-150.26,-2.63,-269.5,-2.63,0.02,0.02,62.61,62.61,26.53
114,2021,안산도시공사,235.39,88.05,13.58,2.01,0.82,1.89,0.73,0.36,0.41,102.04,102.43,101.93
115,2021,파주시하수도,754.24,83.43,19.87,-55.1,-2.94,-44.22,-2.42,0.05,0.07,73.41,73.41,64.48
116,2021,포항시하수도,122.33,6761.0,47.91,-148.65,-5.11,-277.07,-3.43,0.02,0.03,65.39,65.39,26.52
117,2021,보령시하수도,1173.9,85.79,16.57,-84.02,-2.88,-220.28,-2.41,0.03,0.03,74.86,74.86,31.22
118,2021,제주관광공사,321.98,51.71,93.39,9.13,25.83,9.78,11.95,1.3,2.8,108.22,108.22,110.83
119,2021,울주군시설관리공단,120.0,17.0,489.0,0.0,0.0,0.0,0.0,25.0,184.0,100.0,100.0,100.0
120,2021,양평공사,152.46,34.03,193.82,31.33,674.43,11.4,229.54,1.31,19.93,127.17,127.17,80.18
121,2021,당진시하수도,1335.94,91.23,9.62,-80.96,-2.8,-184.33,-2.54,0.03,0.03,72.26,72.26,35.17
122,2021,평택도시공사,181.41,35.46,182.01,7.23,2.06,9.59,0.74,0.1,0.28,107.68,112.07,110.61
123,2021,강화군시설관리공단,180.87,44.49,124.75,0.0,0.0,0.0,0.0,6.31,10.99,100.0,100.0,100.0
124,2021,군포도시공사,2905.64,96.64,3.47,0.0,0.0,0.0,0.0,1.05,1.02,100.0,100.0,100.0
125,2021,전주시시설관리공단,149.73,47.75,109.44,0.0,0.0,-0.05,0.0,22.22,43.32,100.0,100.0,99.95
126,2021,화성도시공사,375.52,77.53,28.99,1.63,0.68,-2.72,0.54,0.33,0.42,101.58,101.52,97.35
127,2021,화성시하수도,237007.38,100.0,0.0,-48.29,-4.93,-55.73,0.0,0.1,0.1,69.12,69.12,64.21
128,2021,울산광역시남구도시관리공단,356.1,56.0,39.0,0.0,0.0,0.0,0.0,88.89,49.81,100.0,100.0,100.0
129,2021,강릉시하수도,250.81,87.28,14.57,-110.88,-5.09,-104.06,-5.09,0.05,0.05,47.68,47.68,49.0
130,2021,인천경제자유구역청,1074.83,98.4,1.62,84.81,6.1,77.43,5.98,7.05,7.19,469.21,469.21,443.06
131,2021,거제시하수도,0.0,99.9,0.1,-244.57,-4.17,-358.29,-4.16,0.02,0.02,46.65,46.65,21.82
132,2021,노원구시설관리공단,140.11,100.0,245.37,0.0,0.0,0.0,0.0,12.04,38.09,100.0,100.0,100.0
133,2021,남양주도시공사,100.54,46.05,117.14,0.81,0.43,0.18,0.2,0.25,0.53,100.81,100.81,100.18
134,2021,중구시설관리공단,137.76,41.2,142.73,0.0,0.0,0.0,0.0,10.95,27.47,100.0,100.0,100.0
135,2021,함안군상수도,5140.17,99.74,0.26,-22.98,-1.58,-48.84,0.0,0.07,0.07,85.37,85.37,66.34
136,2021,양주시시설관리공단(폐지),953.78,89.76,137.1,0.0,0.0,0.0,0.0,4.98,5.88,100.0,100.0,100.0
137,2021,통영관광개발공사,1406.22,97.28,2.79,-9.04,-2.25,-15.0,-2.2,0.24,0.25,92.01,88.84,86.95
138,2021,영양고추유통공사,120.08,41.08,143.43,0.0,0.0,-1.64,0.0,0.46,1.05,100.0,100.0,98.39
139,2021,음성군상수도,268601.86,99.98,0.02,-15.91,-2.18,-16.22,-2.18,13.68,13.68,87.31,87.31,86.14
140,2021,울산광역시도시공사,325.5,49.5,102.2,-10.6,-3.9,-17.2,-2.1,0.2,0.37,90.8,88.5,85.3
141,2021,문경관광진흥공단(폐지),149.05,32.91,203.87,0.0,0.0,0.0,0.0,24.79,75.32,100.0,100.0,100.0
142,2021,부안군상수도,3690.79,99.24,0.77,-11.98,-1.84,-42.24,-1.82,0.15,0.15,92.04,92.04,70.3
143,2021,관악구시설관리공단,146.01,53.87,85.62,0.0,0.0,0.0,0.0,9.41,17.47,100.0,100.0,100.0
144,2021,안동시시설관리공단,146.79,31.88,213.7,0.0,0.0,0.0,0.0,39.01,119.59,100.0,100.0,100.0
145,2021,인천환경공단,114.3,12.5,701.5,0.0,0.0,0.0,0.0,11.8,84.9,100.0,100.0,100.0
146,2021,제천시하수도,156.08,71.59,39.69,-227.82,-6.63,-325.26,-0.05,0.02,0.03,52.78,52.78,23.52
147,2021,은평구시설관리공단,257.14,66.71,49.89,0.0,0.0,0.0,0.0,11.22,17.2,100.0,100.0,100.0
148,2021,충주시하수도,460.77,83.74,19.42,-22.25,-1.62,-61.42,-1.34,0.06,0.07,87.17,87.17,61.95
149,2021,충청남도개발공사,323.26,55.88,78.95,31.95,11.68,32.19,6.15,0.19,0.37,145.64,149.86,147.47
150,2021,창원레포츠파크,143.25,45.81,118.3,0.0,0.0,1.17,0.0,18.14,34.7,98.38,98.38,101.19
151,2021,부산지방공단스포원(부산시설공단 통합),100.0,0.0,0.0,0.0,0.0,0.0,0.0,0.4,0.0,0.0,0.0,0.0
152,2021,광주환경공단,-19.19,-8.96,202.11,0.0,0.0,0.0,0.0,26.04,126.43,100.0,100.0,99.89
153,2021,대구공공시설관리공단,175.8,98.86,1.16,0.22,0.04,0.0,0.04,0.19,0.2,100.21,100.22,100.0
154,2021,부산환경공단,99.66,0.0,0.0,0.0,0.0,0.0,0.0,14.51,0.0,100.0,100.0,100.0
155,2021,창원시설공단,567.98,100.0,294.4,0.0,0.0,0.0,0.0,36.32,36.32,100.0,100.0,100.0
156,2021,구미시설공단(폐지),71.01,13.01,668.6,0.0,0.0,0.0,0.0,15.8,94.1,100.0,100.0,100.0
157,2021,청주시시설관리공단,146.07,33.94,194.61,0.0,0.0,0.0,0.0,0.0,0.0,0.0,0.0,0.0
158,2021,정선군시설관리공단,832.37,87.99,13.65,0.0,0.0,0.0,0.0,91.53,97.86,100.0,100.0,100.0
159,2021,동해시시설관리공단,136.91,44.41,125.17,0.0,0.0,0.0,0.0,8.39,16.42,100.0,100.0,100.0
160,2021,속초시시설관리공단,142.14,29.91,234.32,0.0,0.0,0.0,0.0,20.03,65.73,100.0,100.0,100.0
161,2021,연천군시설관리공단,190.0,47.0,110.0,0.0,0.0,0.0,0.0,42.0,44.0,100.0,100.0,100.0
162,2021,가평군시설관리공단,124.8,17.78,462.37,0.0,0.0,0.0,0.0,12.97,56.69,100.0,100.0,100.0
163,2021,의정부시시설관리공단(폐지),172.78,24.2,313.29,0.0,0.0,0.0,0.0,2.84,14.75,100.0,100.0,100.0
164,2021,오산시시설관리공단(폐지),455.7,78.4,27.5,0.0,0.0,0.0,0.0,44.1,66.1,100.0,100.0,100.0
165,2021,안성시시설관리공단,106.5,2.01,4873.63,0.0,0.0,0.0,0.0,9.91,440.09,100.0,108.27,108.27
166,2021,시흥도시공사,2178.32,70.07,42.72,0.66,0.14,0.7,0.14,0.21,0.26,100.0,100.0,100.0
167,2021,부천도시공사,391.1,73.0,37.0,-2.2,-1.8,-2.6,-1.2,0.5,0.8,97.9,97.9,97.4
168,2021,수원도시공사,713.84,86.5,15.6,-0.51,-0.57,-0.55,-0.48,0.95,1.12,99.5,99.5,99.45
169,2021,울산시설공단,171.67,34.8,187.32,0.0,0.0,0.0,0.0,42.28,101.39,100.0,100.0,99.55
170,2021,대전광역시시설관리공단,143.52,23.84,319.43,0.01,0.46,-0.28,0.13,10.28,37.44,100.01,100.02,99.72
171,2021,인천광역시서구시설관리공단,172.87,42.15,137.22,0.0,0.0,0.0,0.0,21.27,49.18,100.0,100.0,100.0
172,2021,인천광역시계양구시설관리공단,198.72,54.48,83.56,0.0,0.0,0.0,0.0,12.36,23.93,100.0,0.0,100.0
173,2021,인천광역시부평구시설관리공단,154.36,35.28,183.62,0.0,0.0,0.0,0.0,14.85,41.37,100.0,100.0,100.0
174,2021,남동구도시관리공단,206.57,51.72,93.35,0.0,0.0,0.0,0.0,15.34,30.77,100.0,100.0,100.0
175,2021,인천광역시미추홀구시설관리공단,212.81,53.69,86.27,0.0,0.0,0.0,0.0,14.57,29.18,100.0,100.0,100.0
176,2021,인천시설공단,140.97,49.96,100.17,0.0,0.0,0.0,0.0,13.62,5.6,100.0,100.0,100.0
177,2021,대구시설공단(대구공공시설관리공단 통합),208.96,67.15,48.93,0.08,0.59,-0.39,0.39,4.68,7.06,100.08,100.1,99.61
178,2021,부산시설공단,246.12,12.01,732.77,-0.1,-1.87,0.66,-0.23,2.4,18.92,99.9,99.91,100.66
179,2021,중랑구시설관리공단,146.59,30.6,226.83,0.0,0.0,0.0,0.0,13.52,45.33,100.0,100.0,100.0
180,2021,종로구시설관리공단,179.13,47.28,111.49,0.0,0.0,0.0,0.0,6.69,13.64,100.0,100.0,100.0
181,2021,용산구시설관리공단,173.22,40.69,145.77,0.0,0.0,0.0,0.0,15.01,34.97,100.0,100.0,100.0
182,2021,영등포구시설관리공단,272.91,69.4,44.1,0.0,0.0,0.0,0.0,5.28,7.69,100.0,100.0,100.0
183,2021,양천구시설관리공단,192.71,60.2,66.11,0.0,0.0,0.0,0.0,9.17,17.72,86.85,100.0,100.0
184,2021,송파구시설관리공단,74.86,54.46,83.62,0.0,0.0,0.0,0.0,4.14,6.69,100.0,100.0,100.0
185,2021,성북구도시관리공단,122.29,21.41,495.87,0.0,0.0,0.0,0.0,10.29,48.05,100.0,100.0,100.0
186,2021,성동구도시관리공단,141.59,35.9,178.52,0.0,0.0,0.0,0.0,15.1,39.05,100.0,100.0,100.0
187,2021,서대문구도시관리공단,134.08,53.42,87.2,0.0,0.0,0.0,0.0,8.41,19.8,100.0,100.0,100.0
188,2021,마포구시설관리공단,187.09,31.01,222.49,0.0,0.0,6.95,0.0,7.52,22.92,100.0,100.0,107.47
189,2021,동작구시설관리공단,140.3,59.1,69.3,0.0,0.0,0.0,0.0,10.7,6.3,100.0,100.0,100.0
190,2021,동대문구시설관리공단,285.9,57.4,74.2,0.0,0.0,0.0,0.0,9.68,18.0,100.0,100.0,100.0
191,2021,도봉구시설관리공단,150.28,35.34,182.96,0.0,0.0,0.0,0.0,0.0,0.0,100.0,100.0,0.0
192,2021,금천구시설관리공단,177.21,48.66,105.49,0.0,0.0,0.0,0.0,11.88,22.19,100.0,100.0,100.0
193,2021,구로구시설관리공단,148.0,42.0,135.0,0.0,0.0,0.0,0.0,9.0,21.0,100.0,100.0,0.0
194,2021,광진구시설관리공단,183.52,45.51,119.73,0.0,0.0,0.0,0.0,19.78,46.32,100.0,100.0,100.0
195,2021,강서구시설관리공단,202.61,50.96,96.22,0.0,0.0,0.0,0.0,7.2,14.62,100.0,100.0,100.0
196,2021,강북구도시관리공단,155.5,36.25,175.87,0.0,0.0,0.0,0.0,18.15,62.92,100.0,100.0,100.0
197,2021,강동구도시관리공단,104.78,32.18,210.78,0.0,0.0,0.0,0.0,6.83,23.59,100.0,100.0,100.0
198,2021,강남구도시관리공단,193.14,57.37,74.3,0.0,0.0,0.0,0.0,14.9,24.81,100.0,100.0,100.0
199,2021,서울시설공단,280.3,13.5,641.4,0.0,0.0,-0.2,0.0,1.8,12.8,100.0,100.0,99.77
200,2021,창녕군시설관리공단,125.24,22.42,346.01,0.0,0.0,0.0,0.0,7.31,30.89,100.0,100.0,98.85
201,2021,청도공영사업공사,141.88,43.97,127.42,0.0,-13.76,0.0,-6.74,0.0,0.0,0.0,0.0,0.0
202,2021,하남도시공사,226.26,55.68,79.6,11.0,6.26,1.54,4.18,0.38,0.57,110.81,114.26,101.57
203,2021,용인도시공사,165.33,42.59,134.82,1.2,0.44,1.95,0.17,0.14,0.37,101.18,101.63,101.99
204,2021,경기평택항만공사,192.51,88.86,12.54,8.49,0.92,9.95,0.83,0.1,0.11,109.18,114.84,111.06
205,2021,광주도시관리공사,197.26,50.06,99.75,0.15,0.23,0.89,0.12,0.81,1.53,100.15,100.51,100.9
206,2021,경기관광공사,241.71,93.14,7.37,1.39,0.5,1.11,0.44,0.32,0.36,101.39,101.39,101.12
207,2021,구리농수산물공사,2763.75,93.7,6.73,8.05,0.57,6.99,0.53,0.07,0.07,108.31,109.84,107.51
208,2021,광주광역시 관광공사,167.23,98.64,1.38,-17.91,-1.68,-48.22,-1.66,0.09,0.09,87.92,87.92,67.47
209,2021,서울특별시농수산식품공사,195.97,86.72,15.31,2.76,0.23,-3.76,0.2,0.07,0.08,102.49,103.09,96.37
210,2021,제주특별자치도개발공사,479.33,76.01,31.56,19.13,12.06,25.83,9.28,0.48,0.63,123.25,132.91,134.83
211,2021,경남개발공사,272.0,40.9,144.2,-5.1,-0.6,-6.7,-0.3,0.05,0.12,95.5,94.4,93.7
212,2021,경상북도개발공사,506.17,77.1,29.69,28.19,2.85,39.52,2.19,0.08,0.1,135.96,152.02,165.36
213,2021,전남개발공사,761.51,65.23,53.3,21.4,5.79,31.16,3.63,0.17,0.27,126.63,139.44,145.27
214,2021,전북개발공사,647.86,47.27,111.55,5.54,1.09,6.9,0.52,0.09,0.2,105.66,107.21,107.41
215,2021,충북개발공사,233.1,42.72,134.07,13.86,4.18,14.59,1.83,0.13,0.3,115.33,121.07,117.08
216,2021,강원개발공사,105.59,9.98,902.44,-172.27,-60.04,-7.62,-9.87,0.06,0.35,83.94,83.84,92.92
217,2021,경기주택도시공사,206.93,43.46,130.08,19.68,8.0,24.46,3.54,0.18,0.41,123.66,134.72,132.38
218,2021,대전도시공사,323.76,43.32,130.86,7.03,5.77,6.01,2.58,0.45,1.04,106.08,108.06,107.56
219,2021,광주광역시도시공사,507.31,40.62,146.21,10.86,4.1,14.98,1.81,0.17,0.38,111.82,115.7,117.62
220,2021,인천도시공사,238.49,32.84,204.55,24.82,11.02,33.35,3.45,0.14,0.44,128.95,149.11,150.04
221,2021,대구도시개발공사,231.77,36.18,176.45,9.7,5.45,11.96,1.92,0.2,0.56,110.52,113.75,113.59
222,2021,부산도시공사,861.93,65.0,53.86,2.24,0.48,4.7,0.31,0.14,0.22,102.2,106.87,104.93
223,2021,서울주택도시개발공사,190.0,35.04,185.35,5.61,1.5,6.38,0.52,0.09,0.27,105.8,107.96,106.82
224,2021,대전교통공사,193.73,96.93,3.17,-90.87,-2.96,-160.02,-2.88,0.03,0.03,65.06,65.06,38.46
225,2021,광주교통공사,299.17,95.96,4.21,-149.41,-3.26,-355.13,-3.14,0.02,0.02,68.31,68.31,21.97
226,2021,인천교통공사,244.74,93.24,7.25,-105.01,-4.53,-150.68,-4.25,4.05,4.32,58.42,58.42,39.89
227,2021,대구교통공사,55.4,85.95,16.34,-121.28,-5.09,-202.38,-4.42,0.04,0.04,60.46,60.46,33.07
228,2021,부산교통공사,34.08,69.43,44.04,-84.67,-6.64,-214.55,-4.69,0.06,0.08,73.54,73.54,31.79
229,2021,진주시공영개발,4796.62,97.94,2.11,-51.71,-135.46,50.83,-64.1,123.97,261.98,204.56,204.56,203.36
230,2021,창원시주택건설사업,0.0,52.93,88.93,-154.48,-7.16,-148.4,-3.87,0.03,0.05,40.58,40.58,40.26
231,2021,광양시공영개발,0.0,100.0,0.0,0.0,-0.13,0.0,-0.13,0.0,0.0,24.26,24.26,0.0
232,2021,순천시공영개발,9207578.13,100.0,0.0,0.0,0.48,0.0,0.48,0.0,0.0,201.03,201.03,0.0
233,2021,목포시공영개발,9698.31,99.04,0.97,2918305.38,0.12,8341747.1,0.12,0.0,0.0,105.36,105.36,0.0
234,2021,익산시공영개발,561.57,82.51,21.2,11.82,2.02,8.93,1.6,0.14,0.17,115.08,115.08,109.81
235,2021,계룡시공영개발,957.54,92.72,7.85,100.67,5.24,98.77,5.04,0.05,0.05,8280.08,8280.08,8125.95
236,2021,세종특별자치시공영개발,2088.04,97.19,2.89,-1135.99,-0.88,-2115.97,-0.85,0.0,0.0,78.05,78.05,4.51
237,2021,아산시공영개발,0.0,100.0,0.0,-960.87,-8.56,-2659.39,-8.56,0.009,0.009,65.18,65.18,3.62
238,2021,천안시공영개발,455489.56,99.98,0.02,0.0,1.42,0.0,1.42,0.0,0.0,3634.72,0.0,0.0
239,2021,음성군공영개발,380.24,73.76,35.57,101.8,4.1,31.38,3.45,0.0,0.0,24.51,24.51,19.78
240,2021,충주시공영개발,7472.09,98.74,1.28,42.75,2.96,39.24,2.89,0.07,0.07,170.36,170.36,16458.0
241,2021,강릉시공영개발,1677.62,98.51,1.52,-14.27,-1.51,-19.56,-1.49,0.1,0.11,88.06,88.06,83.64
242,2021,원주시공영개발,852.97,91.68,9.07,131.7,0.42,39.32,0.39,0.0,0.0,317.03,317.03,164.8
243,2021,춘천시공영개발,437025.43,100.0,0.0,5481.9,0.29,-429.34,0.29,0.0,0.0,1135.62,1135.62,18.89
244,2021,경기도판교테크노밸리조성사업,439541.0,99.9,0.007,-111.9,-1.2,-171.1,-1.2,0.01,0.01,68.0,68.0,37.0
245,2021,안성시공영개발,4355.3,97.5,2.5,5.7,0.1,-31.6,0.1,0.02,0.02,104.3,104.3,76.0
246,2021,의왕시공영개발,144.88,33.52,198.36,0.0,-5.96,-596.0,-3.25,0.0,0.0,8.46,8.46,0.0
247,2021,시흥시공영개발,129.28,59.77,67.29,-44.81,-8.11,-48.36,-4.75,0.11,0.18,69.8,69.8,67.4
248,2021,의정부시공영개발,0.0,99.85,0.16,102.86,82.58,99.48,82.49,0.0,0.0,19859.96,19859.96,19209.99
249,2021,성남시공영개발,92820.8,93.86,6.54,-368.38,-1.37,-5.61,-1.3,0.0,0.0,44.29,44.29,15.12
250,2021,제주특별자치도하수도,191.28,69.12,44.68,-196.07,-8.03,-203.14,-5.66,0.03,0.04,42.54,42.54,32.99
251,2021,창녕군하수도,0.0,0.0,0.0,-555.4,-3.57,-943.78,-3.57,0.01,0.01,46.79,46.79,9.58
252,2021,양산시하수도,0.0,85.31,17.22,-36.2,-2.58,-57.02,-2.19,0.06,0.07,78.06,78.06,63.69
253,2021,밀양시하수도,914241.5,100.0,0.0,-87.69,-1.49,-211.26,-1.49,0.02,0.02,72.06,72.06,32.13
254,2021,통영시하수도,21.59,43.38,130.53,-498.21,-21.43,-542.22,-9.24,0.02,0.04,33.67,3.67,15.57
255,2021,거창군하수도,438.24,87.29,14.56,-143.83,-1.4,-789.86,-1.21,0.01,0.01,85.07,85.07,11.24
256,2021,사천시하수도,0.0,100.0,0.0,-89.96,-4.09,-110.75,-4.09,0.05,0.05,57.34,57.34,47.45
257,2021,김해시하수도,708.69,78.31,27.7,-36.23,-2.84,-34.86,-2.19,0.06,0.08,76.52,76.52,74.15
258,2021,진주시하수도,358.42,76.01,31.56,-187.94,-8.33,-185.47,-6.25,0.03,0.04,39.26,39.26,35.03
259,2021,창원시하수도,-108704.0,88.21,13.37,-28.03,-2.86,-36.3,-2.51,0.09,0.1,79.93,79.93,73.37
260,2021,영주시하수도,78.3,46.2,116.3,-568.4,-17.4,-670.2,-8.0,0.01,0.03,36.3,36.3,13.0
261,2021,상주시하수도,154.88,26.05,283.87,-1050.86,-78.64,-935.92,-17.66,0.02,0.07,15.36,15.36,9.65
262,2021,경산시하수도,0.0,100.0,0.0,-71.34,-4.46,-108.23,-4.46,0.06,0.06,65.74,65.74,48.02
263,2021,영천시하수도,0.0,99.94,0.06,-171.7,-3.15,300.74,-3.15,0.02,0.02,57.24,57.24,24.95
264,2021,안동시하수도,198739.9,100.0,0.0,-225.68,-5.49,-274.45,-5.49,0.02,0.02,39.77,39.77,26.71
265,2021,구미시하수도,241377.77,90.36,7.09,-22.5,-2.01,-37.43,-1.87,0.08,0.09,83.79,83.79,72.77
266,2021,경주시하수도,86.91,69.19,44.53,-238.91,-11.17,-364.3,-7.65,0.03,0.05,51.1,51.1,21.54
267,2021,영암군하수도,0.0,100.0,0.0,-159.75,-3.52,-264.75,-3.52,0.02,0.02,56.21,56.21,27.42
268,2021,나주시하수도,231.52,82.14,21.75,-706.53,-10.0,-775.77,-8.16,0.01,0.01,15.08,15.08,12.4
269,2021,순천시하수도,846.7,86.99,14.96,-76.95,-4.13,-83.38,-3.58,0.05,0.05,59.93,59.93,54.53
270,2021,목포시하수도,294.81,79.7,25.46,-94.94,-4.97,-82.24,-3.92,0.04,0.05,53.72,53.72,54.87
271,2021,정읍시하수도,24919.15,87.54,14.24,-120.53,-8.1,-158.11,-7.05,0.06,0.07,53.3,53.3,38.74
272,2021,익산시하수도,251.03,76.6,30.55,-109.75,-7.42,-145.09,-5.63,0.05,0.07,60.16,60.16,42.57
273,2021,완주군하수도,6490703.0,100.0,0.0,-15.35,-1.81,-19.2,-1.81,0.12,0.12,89.43,89.43,86.79
274,2021,전주시하수도,807.12,87.94,13.72,23.21,2.22,20.24,1.94,0.08,0.1,81.89,8189.0,80.41
275,2021,서산시하수도,527.12,83.52,19.73,-153.55,-5.99,-161.32,-4.97,0.04,0.03,45.53,45.53,38.27
276,2021,아산시하수도,202.32,90.82,10.11,-64.55,-2.24,-183.58,-2.03,0.03,0.03,77.78,77.78,35.26
277,2021,천안시하수도,1090.93,84.38,18.5,-53.01,-4.45,-49.11,-3.72,0.07,0.08,66.25,66.25,67.06
278,2021,공주시하수도,146.4,95.01,5.25,-688.19,-6.52,-818.4,-6.35,0.01,0.01,25.25,25.25,10.89
279,2021,청주시하수도,4607.65,97.88,2.17,-14.77,-1.49,-21.26,-1.45,0.1,0.1,88.04,89.17,82.47
280,2021,속초시하수도,37405.23,96.71,3.4,-109.3,-5.45,119.34,-5.27,0.05,0.05,53.18,53.18,48.66
281,2021,춘천시하수도,573.83,8306.0,20.39,-283.15,-6.94,-283.15,-5.73,0.03,0.03,46.13,46.13,26.1
282,2021,가평군하수도,33733.5,99.97,0.03,-265.0,-4.48,-405.41,-4.48,0.02,0.02,49.74,49.74,19.79
283,2021,김포시하수도,152.21,65.39,52.93,-76.61,-8.14,-69.07,-5.79,0.08,0.11,58.56,58.56,59.15
284,2021,안양시하수도,7146.95,98.82,1.19,-64.28,-3.71,-66.92,-3.69,0.06,0.06,61.59,61.59,59.91
285,2021,평택시하수도,601.54,84.62,12.7,-89.84,-4.15,-91.24,-3.66,0.04,0.05,55.6,55.6,52.29
286,2021,광주시하수도,85238.17,99.92,0.08,9.12,0.6,-66.54,0.6,0.07,0.07,105.28,105.28,60.05
287,2021,안성시하수도,633.3,86.9,15.07,-133.75,-4.2,-190.54,-3.64,0.03,0.03,58.23,58.23,34.42
288,2021,남양주시하수도,97844.43,99.91,0.009,-31.66,-2.11,-108.34,-2.11,0.07,0.07,84.84,84.84,48.0
289,2021,의왕시하수도,2724.31,98.76,1.25,3.37,0.43,0.39,0.42,0.13,0.13,103.38,103.38,100.39
290,2021,용인시하수도,845.65,91.4,9.41,-66.07,-3.93,-85.38,-3.58,0.05,0.06,65.16,65.16,53.94
291,2021,군포시하수도,136860.62,99.81,0.19,-41.84,-5.68,-46.14,-5.67,0.14,0.14,71.49,71.49,68.43
292,2021,여주시하수도,4848.28,99.91,0.09,-155.34,-2.28,-1107.9,-2.28,0.01,0.01,87.14,87.14,8.28
293,2021,오산시하수도,101180.66,99.98,0.02,-52.6,-4.62,-54.25,-4.62,0.09,0.09,65.94,65.94,64.83
294,2021,포천시하수도,212530.56,100.0,0.0,-160.53,-3.76,-249.74,-3.76,0.02,0.02,54.74,54.74,28.59
295,2021,시흥시하수도,156.26,86.55,15.54,-59.58,-4.97,-63.36,-4.4,0.07,0.08,64.32,64.32,61.22
296,2021,구리시하수도,196364.75,99.9,0.1,-3.1,-0.21,-66.66,-0.21,0.07,0.07,98.24,98.24,60.0
297,2021,성남시하수도,26960.39,99.7,0.3,-54.49,-5.3,-54.97,-5.29,0.1,0.1,65.21,65.21,64.53
298,2021,과천시하수도,16098.95,84.8,17.92,-162.21,-20.05,38.79,18.41,0.11,0.12,38.51,38.51,72.05
299,2021,안산시하수도,20840.7,99.7,0.3,-9.27,-1.1,-13.22,-1.1,0.12,0.12,91.81,91.81,88.32
300,2021,부천시하수도,256486.0,99.93,0.07,1.81,0.13,0.18,0.13,7.29,7.29,101.74,101.74,100.18
301,2021,광명시하수도,2286.65,99.2,0.81,-21.41,-3.93,-22.75,-3.84,0.18,0.18,82.56,82.56,81.47
302,2021,의정부시하수도,8053.0,100.0,0.0,-58.6,-4.26,-62.92,-4.26,0.07,0.07,64.03,64.03,61.38
303,2021,수원시하수도,13892.82,99.75,0.25,3.37,0.34,8.63,0.34,0.1,0.1,96.97,96.97,92.06
304,2021,울산광역시하수도,163.1,85.6,16.9,-3.3,-0.5,-12.2,-0.5,0.137,0.161,97.1,97.1,89.1
305,2021,대전광역시하수도,532.46,78.16,27.94,-27.07,-4.25,-27.14,-3.27,0.12,0.16,79.69,79.69,78.66
306,2021,광주광역시하수도,668.0,82.0,21.0,-28.0,-3.0,-26.0,-2.0,0.09,11.0,83.0,83.0,79.0
307,2021,인천광역시하수도,183.56,93.76,6.66,0.0,0.0,0.0,0.0,0.13,0.14,78.83,78.83,76.26
308,2021,대구광역시하수도,0.0,87.26,14.6,0.95,0.09,-12.58,0.08,0.08,0.1,100.85,100.85,88.83
309,2021,부산광역시하수도,591.86,63.88,19.28,-22.86,-2.15,-17.87,-1.85,0.08,0.09,81.95,81.95,84.84
310,2021,제주특별자치도상수도,204.69,87.89,13.78,-9.48,-1.07,-10.8,-0.95,0.1,0.11,92.41,92.41,90.25
311,2021,거창군상수도,311143.18,99.92,0.08,-38.44,-1.73,-69.88,0.0,0.04,0.04,81.33,81.33,56.5
312,2021,창녕군상수도,0.0,99.66,0.35,-61.78,-489.0,-73.28,-4.88,0.08,0.08,65.85,65.85,57.69
313,2021,양산시상수도,20546.19,99.96,0.04,-14.62,-1.89,-16.24,-1.89,0.13,0.13,87.84,87.84,86.11
314,2021,거제시상수도,624.0,93.67,6.76,-17.82,-2.05,-33.82,-1.91,0.11,0.12,87.1,87.1,74.89
315,2021,밀양시상수도,355103.59,99.77,0.23,-89.0,-6.14,-92.74,-6.13,0.07,0.07,55.92,55.92,52.21
316,2021,김해시상수도,86620.75,99.99,0.01,-3.76,-0.34,-6.89,-0.34,0.09,0.09,96.59,96.59,93.74
317,2021,사천시상수도,0.0,99.61,0.39,0.72,0.09,-7.62,0.09,0.13,0.13,100.65,100.65,92.84
318,2021,통영시상수도,0.0,100.0,0.0,7.91,1.66,1.81,1.66,0.21,0.21,107.77,107.77,101.76
319,2021,진주시상수도,10.054,99.78,0.23,4.02,0.41,14.54,0.41,0.1,0.1,96.71,96.71,87.22
320,2021,창원시상수도,33400.79,99.71,0.29,-18.43,-2.11,-23.31,-2.11,0.12,0.12,85.3,85.3,81.13
321,2021,경산시상수도,204034.38,97.9,2.14,-29.44,-2.95,-33.56,-2.89,0.1,0.1,78.8,78.8,75.77
322,2021,문경시상수도,0.0,99.55,0.45,-36.1,-2.15,-62.63,-2.14,0.06,0.06,78.76,78.76,61.6
323,2021,상주시상수도,750727.31,99.96,0.04,-59.71,-2.03,-65.58,-2.02,3.39,3.39,66.03,66.03,60.46
324,2021,칠곡군상수도,41415.78,99.99,0.01,-18.28,-2.01,-56.38,-2.01,0.11,0.11,88.88,88.88,63.8
325,2021,울진군상수도,4411.14,99.93,0.07,-127.5,-2.38,-205.67,-2.37,0.02,0.02,6039.0,60.39,32.5
326,2021,영천시상수도,4008.7,99.83,0.17,-74.32,-3.29,-105.95,-3.29,0.04,0.04,66.08,66.08,48.7
327,2021,영주시상수도,572672.0,99.5,0.5,-39.7,-2.2,-41.3,-2.2,0.1,0.1,73.0,73.0,70.8
328,2021,구미시상수도,18033.64,96.3,1.68,6.18,1.55,1.1,1.53,0.25,0.25,106.06,106.06,101.23
329,2021,안동시상수도,39323.17,99.98,0.02,-7.53,-0.45,-15.64,-0.45,0.06,0.06,93.74,93.74,86.47
330,2021,김천시상수도,26593.94,99.95,0.05,0.4,0.03,-18.57,0.03,0.08,0.08,100.32,100.32,84.31
331,2021,경주시상수도,13343.7,99.93,0.07,-6.76,-1.03,-9.48,-1.01,0.15,0.15,94.18,94.18,91.57
332,2021,포항시상수도,1798.1,99.4,0.6,-12.4,-1.9,-15.1,-1.9,0.2,0.2,89.6,89.6,87.8
333,2021,영암군상수도,0.0,99.99,0.01,-55.06,-3.97,-92.21,-3.97,0.07,0.07,71.93,71.93,52.08
334,2021,광양시상수도,1006175.31,100.0,0.0,-2.68,-0.27,-3.02,-0.27,0.1,0.1,97.7,97.7,99.2
335,2021,나주시상수도,92744.09,91.67,9.09,-61.71,-5.24,-64.56,-4.7,-4.7,0.08,65.74,65.74,61.13
336,2021,순천시상수도,56963.54,99.93,0.07,15.03,1.58,11.33,1.58,0.1,0.1,116.29,116.29,114.21
337,2021,여수시상수도,456343.64,99.8,0.2,-7.14,-0.76,-9.94,-0.76,0.11,0.11,94.16,94.16,88.12
338,2021,목포시상수도,21748.06,99.62,0.38,-23.21,-2.88,-26.04,-2.87,0.12,0.12,82.03,82.03,79.36
339,2021,고창군상수도,681.37,99.8,0.2,-37.56,-2.04,-132.88,-2.03,0.05,0.05,84.34,84.34,43.36
340,2021,완주군상수도,15770.0,99.73,0.26,15.27,3.07,14.95,3.07,0.2,0.2,117.71,117.71,117.91
341,2021,김제시상수도,8621.6,99.1,0.87,-29.4,-3.0,-37.0,-3.0,0.1,0.1,79.2,79.2,72.9
342,2021,남원시상수도,152751.99,99.47,0.53,-93.64,-4.87,-89.21,-4.84,0.05,0.05,53.98,53.98,55.59
343,2021,정읍시상수도,293.69,87.89,13.78,-18.45,-3.27,-33.88,-2.84,0.15,0.18,86.63,86.63,74.69
344,2021,익산시상수도,1452469.02,99.7,0.18,-17.28,-2.9,-16.8,-2.89,0.17,0.17,86.35,86.35,85.97
345,2021,군산시상수도,559.37,99.35,0.66,59.47,10.97,-2.9,10.81,0.182,0.184,151.09,151.09,0.0
346,2021,전주시상수도,1163.4,95.75,4.44,7.74,1.42,-0.09,1.36,0.18,0.18,107.5,107.5,100.07
347,2021,홍성군상수도,2208.49,99.93,0.07,-44.78,-3.43,-46.52,-3.43,0.08,0.08,71.23,71.23,67.05
348,2021,당진시상수도,10615.26,99.49,0.51,6.9,0.89,2.41,0.89,0.13,0.13,106.71,106.71,101.76
349,2021,예산군상수도,315411.22,100.0,0.0,-1.13,-0.12,-14.81,-0.12,0.11,0.11,99.1,99.1,87.12
350,2021,논산시상수도,36890.04,99.96,0.04,4.83,0.5,-15.03,0.5,0.1,0.1,103.93,103.93,87.06
351,2021,서산시상수도,31327.88,99.97,0.03,-5.64,-0.66,-10.5,-0.66,0.12,0.12,95.24,95.24,90.7
352,2021,아산시상수도,3814.5,99.85,0.15,2.25,0.29,0.31,0.29,0.13,0.13,102.08,102.08,99.5
353,2021,보령시상수도,457.29,96.58,3.54,-31.84,-2.35,-40.61,-2.3,0.07,0.07,78.7,78.7,70.43
354,2021,공주시상수도,7388.06,99.3,0.7,-71.46,-4.44,-119.31,-4.4,0.06,0.06,68.56,68.56,45.55
355,2021,천안시상수도,5381.22,99.31,0.69,-13.54,-1.94,-14.83,-1.93,0.14,0.14,88.92,88.92,87.01
356,2021,옥천군상수도,19352.14,99.99,0.01,-56.31,-2.07,-69.64,-2.07,3.67,3.67,69.27,69.27,65.52
357,2021,제천시상수도,59904.0,99.65,0.35,-13.75,-1.17,-15.59,-1.16,0.08,0.08,89.02,89.02,86.95
358,2021,충주시상수도,63138.72,99.55,0.45,1.98,0.21,0.08,0.21,0.1,0.1,101.77,101.77,91.26
359,2021,청주시상수도,2532.34,99.06,0.95,10.12,1.58,8.48,1.56,15.44,15.6,110.56,110.56,109.29
360,2021,고성군상수도,955.92,96.53,3.59,-52.51,-2.87,-58.15,-2.81,5.35,5.47,69.05,69.05,63.23
361,2021,철원군상수도,2442.24,99.54,0.46,-23.45,-1.26,-26.44,-1.25,0.05,0.05,83.19,83.19,79.19
362,2021,정선군상수도,0.0,100.0,0.0,-70.39,-4.76,-122.56,-4.76,0.07,0.07,69.11,69.11,45.02
363,2021,홍천군상수도,12702.97,99.9,0.0,-45.45,-2.21,-52.68,-2.2,0.05,0.05,72.38,72.38,65.85
364,2021,삼척시상수도,3182.44,99.92,0.08,55.77,3.4,58.7,3.4,0.06,0.06,65.85,65.85,62.96
365,2021,속초시상수도,32995.09,99.54,0.47,14.72,1.44,13.17,1.43,0.1,0.1,115.19,115.19,112.82
366,2021,태백시상수도,7056.19,99.74,0.26,220.13,9.02,129.07,8.99,4.09,4.1,188.1,188.1,42.26
367,2021,동해시상수도,2547.14,98.94,1.07,-40.43,-5.4,-41.66,-5.34,0.13,0.13,72.63,72.63,70.45
368,2021,강릉시상수도,3689.87,99.51,0.49,-9.19,-0.93,-9.18,-0.93,0.1,0.1,92.44,92.44,91.27
369,2021,원주시상수도,1304.5,99.57,0.44,10.33,1.58,5.59,1.57,0.15,0.15,110.36,110.36,105.95
370,2021,춘천시상수도,6264.12,97.53,2.54,-30.96,-2.32,-37.94,-2.26,0.07,0.07,79.95,79.95,72.44
371,2021,인제군상수도,426.56,98015.0,1.89,-86.7,-3.16,-91.25,-3.12,3.6,3.65,56.65,56.65,52.29
372,2021,평창군상수도,417370.91,100.0,0.0,-196.4,-4.07,-207.33,-4.07,0.02,0.02,39.48,39.48,32.79
373,2021,영월군상수도,20080.11,99.95,0.05,-87.61,-2.38,-168.39,-2.38,0.03,0.03,69.36,69.36,37.11
374,2021,가평군상수도,14952.0,99.31,70.0,-40.68,-2.22,-42.77,-2.2,0.05,0.05,74.3,74.3,68.66
375,2021,여주시상수도,831.84,99.15,0.86,-51.6,-3.04,-51.97,-3.02,0.06,0.06,69.37,69.37,65.67
376,2021,양평군상수도,2414.79,99.35,0.66,5.35,0.3,-3.85,0.3,0.06,0.06,103.91,103.91,94.32
377,2021,포천시상수도,16257.15,99.94,0.06,-35.27,-3.41,-40.62,-3.41,0.1,0.1,77.3,77.3,70.88
378,2021,안성시상수도,101082.5,99.9,0.0,-7.7,-0.8,-17.0,-0.8,0.11,0.11,93.9,93.9,85.9
379,2021,연천군상수도,1523.0,99.91,0.09,-32.97,-1.77,-46.32,-1.77,0.05,0.05,78.38,78.38,68.29
380,2021,광주시상수도,137331.55,99.97,0.03,-8.69,-0.53,-17.87,-0.53,0.06,0.06,94.09,94.09,83.93
381,2021,화성시상수도,6262.73,99.29,0.71,1.57,0.23,-0.28,0.22,0.14,0.14,101.46,101.46,99.58
382,2021,이천시상수도,575.5,97.35,2.73,10.26,1.02,7.1,1.0,0.1,0.1,109.38,109.38,107.73
383,2021,파주시상수도,17907.53,99.85,0.15,3.2,0.42,-0.05,0.42,0.13,0.13,103.2,103.2,99.95
384,2021,용인시상수도,641.47,98.96,1.05,-15.17,-1.91,-18.2,-1.89,0.12,0.13,88.4,88.4,84.57
385,2021,하남시상수도,35867.05,99.96,0.04,-11.1,-0.34,-4.12,-0.34,0.08,0.08,96.55,96.55,90.75
386,2021,양주시상수도,38350.72,99.98,0.02,-10.71,-1.25,-11.53,-1.25,0.12,0.12,91.04,91.04,89.67
387,2021,의왕시상수도,82024.34,99.97,0.03,-3.29,-0.41,-6.43,-0.4,0.12,0.12,97.05,97.05,93.52
388,2021,군포시상수도,9213.62,99.62,0.38,-6.61,-0.73,-11.44,-0.73,0.11,0.11,94.16,94.16,89.68
389,2021,시흥시상수도,79071.13,99.94,0.06,-6.13,-0.9,-9.64,-0.9,0.15,0.15,94.6,94.6,91.25
390,2021,오산시상수도,1418.39,99.41,0.59,-18.79,-3.38,-21.51,-3.36,0.18,0.18,85.4,85.4,81.54
391,2021,남양주시상수도,18617.16,99.74,0.26,-6.04,-0.89,-9.69,-0.89,0.15,0.15,94.53,94.53,91.16
392,2021,평택시상수도,3346.73,98.6,0.53,14.08,1.68,6.53,1.67,0.12,0.13,114.17,114.17,107.0
393,2021,김포시상수도,4811.66,99.83,0.17,7.41,0.65,7.14,0.65,0.09,0.09,107.0,107.0,107.09
394,2021,구리시상수도,24786.71,99.69,0.31,-33.79,-3.63,-42.33,-3.62,0.11,0.11,77.36,77.36,70.08
395,2021,과천시상수도,1072.58,99.61,0.39,22.83,2.22,26.89,2.22,0.1,0.1,83.21,83.21,78.72
396,2021,고양시상수도,2718.0,98.83,1.18,-13.57,-3.23,-15.63,-3.19,0.24,0.24,88.87,88.87,86.13
397,2021,안산시상수도,111929.8,99.77,0.23,-16.51,-2.79,-19.74,-2.78,0.17,0.17,86.61,86.61,83.49
398,2021,동두천시상수도,1775.98,80.33,24.48,-23.44,-2.82,-29.64,-2.21,0.09,0.12,82.35,82.35,77.05
399,2021,광명시상수도,1544.01,98.22,1.81,3.96,0.66,0.32,0.65,0.16,0.17,103.88,103.88,100.16
400,2021,부천시상수도,1399.7,98.82,1.19,-13.15,-1.7,-16.87,-1.68,0.13,0.13,89.04,89.04,85.39
401,2021,안양시상수도,3023.17,99.57,0.43,-0.82,-0.09,-4.76,-0.09,0.11,0.11,99.24,99.24,95.46
402,2021,의정부시상수도,394448.0,100.0,0.0,-41.04,-8.04,-41.16,-8.04,0.2,0.2,72.8,72.79,79.27
403,2021,성남시상수도,58186.28,99.68,0.32,-38.95,-3.47,-44.78,-3.46,0.09,0.09,74.08,74.08,68.93
404,2021,수원시상수도,2294.29,99.39,0.61,-12.66,-2.25,-19.88,-2.23,0.18,0.18,89.73,89.73,83.38
405,2021,울산광역시상수도,826.2,96.3,3.9,-9.3,-1.2,-14.7,-1.2,0.13,0.13,92.2,92.2,94.7
406,2021,대전광역시상수도,2468.4,96.04,4.13,-2.8,-0.37,-5.2,-0.36,0.13,0.13,97.45,97.45,95.43
407,2021,광주광역시상수도,2496.59,98.83,1.18,6.52,0.87,3.33,0.86,0.13,0.13,106.11,106.11,104.91
408,2021,인천광역시상수도,1176.78,97.05,0.87,-17.6,-2.25,-23.9,-2.23,0.13,0.13,86.21,86.21,81.08
409,2021,대구광역시상수도,379.58,95.81,4.37,-8.07,-1.07,-10.43,-1.04,0.13,0.13,93.17,93.32,90.53
410,2021,부산광역시상수도,308.15,97.93,2.11,-4.65,-0.65,-6.78,-0.64,0.14,0.14,96.27,96.27,94.52
411,2021,서울특별시상수도,452.39,97.68,2.38,-23.58,-2.65,-31.31,-2.58,0.11,0.11,82.81,82.81,76.51
1,2022,부산광역시남구시설관리공단,167.48,22.11,352.23,0.0,0.0,0.0,0.0,0.79,3.57,100.0,100.0,100.0
2,2022,양주도시공사,988.55,89.89,11.25,-0.13,-0.36,-0.91,-0.32,2.44,2.71,99.87,99.87,99.1
3,2022,합천군시설관리공단,100.0,12.23,717.98,0.0,0.0,0.0,0.0,2.88,23.57,100.0,100.0,128.9
4,2022,단양관광공사,756.78,86.8,15.21,5.72,28.16,7.06,27.06,3.83,4.962,106.07,107.6,107.59
5,2022,전남광주통합특별시 서구시설관리공단,125.2,3.99,2408.2,0.0,0.0,0.0,0.0,722.32,9920.0,100.0,100.0,100.0
6,2022,전남광주통합특별시북구시설관리공단,110.6,9.6,939.8,0.0,0.0,0.0,0.0,5.2,31.4,100.0,100.0,100.0
7,2022,김천시시설관리공단,219.86,54.65,82.97,0.0,0.0,0.0,0.0,5.93,23.89,100.0,100.0,100.0
8,2022,예산군하수도,405735.89,100.0,0.0,-657.28,-4.02,-1241.88,-4.02,0.01,0.01,52.02,52.02,7.45
9,2022,평창군시설관리공단,131.86,24.16,313.87,0.0,0.0,0.0,0.0,5.98,19.78,100.0,100.0,100.0
10,2022,금산군하수도,138.13,81.14,23.24,-1980.48,-11.72,-2839.14,-9.41,0.0,0.01,34.87,34.87,3.4
11,2022,서울물재생시설공단,107.7,14.9,572.1,0.0,0.0,0.0,0.0,17.2,72.0,100.0,100.0,100.0
12,2022,경기교통공사,160.0,40.0,149.21,-70.0,-20.41,-76.14,-4.4,0.06,0.29,60.51,60.51,56.77
13,2022,원주시시설관리공단,138.69,26.74,274.04,0.0,0.0,0.0,0.0,35.86,103.0,100.0,100.0,100.0
14,2022,김포도시공사,647.52,94.33,6.01,3.5,1.37,7.58,1.3,0.37,0.39,103.57,104.87,108.2
15,2022,파주도시공사,1271.14,92.14,8.54,1.77,1.7,-0.81,1.62,0.92,0.96,101.75,102.1,99.2
16,2022,영천시시설관리공단,113.0,29.86,234.8,0.0,0.0,0.0,0.0,3.45,9.03,100.0,100.0,100.0
17,2022,과천도시공사,287.85,36.17,176.5,7.4,0.24,-1.01,0.11,0.06,0.13,99.0,99.0,99.0
18,2022,울산광역시북구시설관리공단,280.8,64.4,55.3,0.0,0.0,0.0,0.0,39.48,62.15,100.0,100.0,100.0
19,2022,포천도시공사,660.89,85.03,17.61,2.5,0.92,-2.73,0.82,0.33,0.37,102.44,102.44,97.35
20,2022,안양도시공사,3716.31,101.32,0.82,-1.43,-0.42,-2.92,-0.43,0.3,0.3,98.61,98.61,97.16
21,2022,예천군하수도,63.9,60.62,64.97,-676.6,-13.28,-1027.58,-7.86,0.01,0.02,46.48,46.48,8.87
22,2022,예천군상수도,0.0,99.99,0.0,-101.21,-3.26,-213.55,-3.26,0.03,0.03,69.63,69.63,31.89
23,2022,고성군하수도,0.0,100.0,0.0,-567.19,-5.37,-872.63,-5.37,0.01,0.01,41.88,41.88,10.28
24,2022,고성군상수도,32542.0,99.81,0.19,-12.12,-0.96,-52.33,-0.96,0.08,0.08,92.47,92.47,66.22
25,2022,세종도시교통공사,123.16,50.64,97.48,7.59,16.51,6.67,8.56,1.12,2.17,1.08,1.08,1.07
26,2022,사천시시설관리공단,164.25,17.02,487.62,0.0,0.0,-0.07,0.0,8.6,41.89,100.0,100.0,99.93
27,2022,제주특별자치도공영버스,430.8,84.05,18.97,-76.94,-8.38,-1700.61,-7.12,0.09,0.011,95.74,95.74,5.55
28,2022,서울특별시하수도,6665.47,99.95,0.05,0.1,0.1,0.01,0.01,0.1,0.1,100.08,100.08,72.35
29,2022,경주시시설관리공단,147.25,33.04,202.69,0.0,0.0,0.0,0.0,32.61,107.46,100.0,100.0,99.91
30,2022,인천광역시연수구시설안전관리공단,210.15,52.41,90.79,0.0,0.0,0.0,0.0,16.47,29.51,100.0,100.0,100.0
31,2022,서울교통공사,42.66,57.48,73.96,-36.3,-7.4,-52.85,-4.21,0.12,0.2,77.1,77.1,65.43
32,2022,태안군하수도,66788.68,100.0,0.0,-401.82,-4.83,-770.81,-4.83,0.01,0.01,56.73,56.73,11.48
33,2022,태안군상수도,11572.0,99.8,0.2,68.06,3.01,88.13,3.0,0.04,0.04,67.28,67.28,54.05
34,2022,김제시하수도,201.7,67.6,47.9,-820.7,-13.3,-1298.8,-8.9,0.02,0.011,44.9,44.9,7.2
35,2022,부여군하수도,7512.62,99.93,0.07,270.9,4.56,447.27,4.56,0.02,0.02,50.57,50.57,18.27
36,2022,하남시하수도,156837.1,99.96,0.04,-59.02,-3.64,-90.65,-3.64,0.06,0.06,69.05,69.05,52.45
37,2022,서울에너지공사,60.3,42.52,135.21,-63.72,-44.92,-61.68,-24.21,0.38,0.7,61.16,61.16,61.85
38,2022,충주시시설관리공단,39.5,21.55,364.1,0.0,0.0,0.0,0.0,27.17,103.19,100.0,100.0,100.0
39,2022,세종특별자치시시설관리공단,136.9,26.6,276.0,0.0,0.0,0.0,0.0,8.5,31.4,100.0,100.0,100.0
40,2022,밀양시시설관리공단,137.32,33.31,200.24,0.0,0.0,-0.12,0.0,23.17,59.53,100.0,100.0,99.88
41,2022,군산시하수도,436.41,89.88,11.26,-28.57,-2.87,-30.87,-2.56,0.09,0.1,78.69,78.69,76.41
42,2022,홍성군하수도,10.83,58.15,71.96,-421.58,-13.41,-697.9,-7.47,0.02,0.03,51.75,51.75,12.53
43,2022,동해시하수도,10581.26,99.99,0.01,-60.45,-4.03,-68.08,-4.0,0.07,0.07,64.12,64.12,59.49
44,2022,원주시하수도,333.03,83.9,19.19,-91.1,-4.71,-146.42,-3.92,0.04,0.05,65.18,65.18,40.58
45,2022,양주시하수도,3599.15,99.85,0.15,-88.52,-4.76,-98.89,-4.76,0.05,0.05,55.8,55.8,50.28
46,2022,서천군상수도,6212.53,98.95,1.06,-24.74,-1.49,-76.98,-1.43,0.06,0.06,86.03,86.03,56.5
47,2022,부여군상수도,14996.67,99.54,0.47,-34.01,-1.6,-82.02,-1.59,0.05,0.05,85.65,82.65,54.38
48,2022,금산군상수도,2687.44,99.69,0.31,-34.64,-1.86,-112.36,-1.85,0.05,0.05,86.0,86.0,46.92
49,2022,인천관광공사,159.92,80.06,24.9,7.76,4.84,0.0,3.83,49.39,62.37,106.28,0.0,81.67
50,2022,광명도시공사,1521.9,94.6,5.7,0.0,0.0,0.0,0.0,0.9,0.9,71.4,71.4,33.8
51,2022,영덕군하수도,100.51,77.84,28.47,-249.08,-14.89,-443.13,-11.59,0.05,0.06,56.4,56.4,18.41
52,2022,문경시하수도,78.72,60.81,64.44,-377.32,-11.15,-628.36,-6.59,0.02,0.03,53.37,53.37,13.73
53,2022,논산시하수도,331.56,94.99,5.27,-330.57,-5.05,-462.83,-4.78,0.02,0.01,42.21,42.21,17.77
54,2022,과천시지식정보타운조성사업,67064.74,99.94,0.96,59.77,3.99,24.62,3.91,6.55,6.68,179.29,179.29,132.66
55,2022,아산시시설관리공단,110.34,47.08,112.4,0.0,0.0,0.0,0.0,20.89,44.37,100.0,100.0,100.0
56,2022,장수한우지방공사,318.28,78.65,27.15,-5.76,-5.6,-5.77,-4.4,0.76,0.97,94.68,94.68,94.55
57,2022,광주광역시광산구시설관리공단,100.0,13.5,641.7,0.0,0.0,0.0,0.0,17.6,115.6,100.0,100.0,100.0
58,2022,대구광역시달성군시설관리공단,127.32,21.52,364.72,0.0,0.0,0.0,0.0,15.66,76.45,100.0,100.0,100.0
59,2022,김해시도시개발공사,391.02,69.79,43.3,5.68,6.12,6.53,3.92,0.69,1.08,105.96,107.57,106.99
60,2022,합천군상수도,0.0,98.84,1.17,-146.02,-9.45,-184.98,-9.33,0.06,0.06,51.4,51.4,36.16
61,2022,성남도시개발공사,828.32,86.13,16.11,1.5,1.29,-1.15,1.09,0.73,0.86,101.47,101.78,98.94
62,2022,부여군시설관리공단,183.8,57.74,119.33,0.0,0.0,0.11,0.0,9.96,19.42,100.0,100.0,100.11
63,2022,세종특별자치시하수도,1746.45,99.24,0.77,-130.46,-3.69,-174.08,-3.67,0.03,0.03,52.49,52.49,36.49
64,2022,진천군하수도,409.81,85.13,17.46,-739.13,-10.25,-890.5,-8.55,0.01,0.01,21.16,21.16,10.1
65,2022,진천군상수도,8641.56,99.84,0.16,10.99,2.0,10.59,2.0,18.0,0.18,111.79,111.79,111.74
66,2022,울산광역시중구도시관리공단,134.0,32.0,213.0,0.0,0.0,0.0,0.0,24.0,78.0,100.0,100.0,100.0
67,2022,이천시시설관리공단,240.18,5.69,52.24,0.0,0.0,0.0,0.0,11.09,16.34,100.0,100.0,100.0
68,2022,부산관광공사,226.6,68.7,45.5,-3.7,-11.3,-4.4,-8.6,230.3,304.1,96.4,96.4,95.7
69,2022,구리도시공사,1190.55,92.14,8.53,-12.87,-1.8,-21.14,-1.66,0.13,0.14,89.45,89.45,82.55
70,2022,경상북도문화관광공사,438.82,85.62,16.79,27.56,3.1,25.72,2.48,0.09,0.112,134.33,160.42,134.62
71,2022,제주에너지공사,202.92,90.99,9.91,26.49,4.3,40.93,3.87,0.15,0.16,150.37,134.87,169.29
72,2022,광양시하수도,87424.46,100.0,0.0,-182.63,-5.44,-184.88,-5.44,0.03,0.03,35.91,35.91,35.1
73,2022,세종특별자치시상수도,247.08,71.46,39.93,-107.34,-11.07,2.58,-8.36,0.08,0.1,50.49,50.49,102.65
74,2022,여수시하수도,463.84,87.79,13.91,-117.75,-5.97,-110.42,-5.2,0.04,0.05,49.96,49.96,50.94
75,2022,옥천군하수도,141.51,91.98,8.72,475.21,5.03,991.29,4.6,0.01,0.01,57.54,57.54,9.16
76,2022,남원시하수도,0.0,99.76,0.24,167.96,-2.8,-437.09,-2.79,0.02,0.02,68.74,68.74,18.62
77,2022,영광군하수도,2996165.23,100.0,0.0,-670.03,-4.51,-1124.56,-4.51,0.01,0.01,45.29,45.29,8.17
78,2022,영광군상수도,40443.86,99.93,0.07,-112.65,-4.36,-166.83,-4.36,0.04,0.04,59.77,59.77,37.29
79,2022,거제해양관광개발공사,201.17,91.97,8.73,-10.01,-5.18,-7.97,-4.72,0.47,0.52,90.96,90.96,92.62
80,2022,대전관광공사,432.64,87.64,14.1,15.4,3.8,13.97,3.27,0.21,0.25,117.88,117.88,116.23
81,2022,양평군하수도,22391.65,99.94,0.06,-66.15,-1.6,-330.07,-1.6,0.02,0.02,84.86,86.86,23.25
82,2022,천안시시설관리공단(폐지),167.35,44.25,125.98,0.0,0.0,0.0,0.0,37.97,15.47,100.0,100.0,100.0
83,2022,여주도시관리공단(폐지),140.54,37.97,163.39,0.0,0.0,0.0,0.0,21.62,53.4,100.0,100.0,100.0
84,2022,영월군시설관리공단,120.96,17.33,477.11,0.0,0.0,0.0,0.0,70.62,18.65,100.0,100.0,100.0
85,2022,계룡시하수도,103.3,69.49,43.91,-460.05,-19.75,-454.18,-13.36,0.03,0.04,21.23,21.23,18.04
86,2022,의왕도시공사,518.44,86.31,15.86,-18.08,2.35,-18.08,2.16,0.12,0.13,108.07,204.39,84.69
87,2022,고양도시관리공사,252.64,74.3,34.6,2.84,0.66,-1.34,0.49,17.07,23.18,102.81,102.81,98.68
88,2022,양양군상수도,1555.35,99.4,0.6,32.0,2.3,-34.76,2.29,0.07,0.07,122.25,122.25,75.0
89,2022,계룡시상수도,11213.44,99.65,0.35,-13.45,-1.12,-35.35,-1.11,0.08,0.08,90.49,90.49,73.89
90,2022,증평군하수도,96.48,88.17,13.41,-139.62,-5.9,-145.91,-5.16,0.037,0.042,46.18,46.18,40.67
91,2022,고양시하수도,129199.1,99.8,0.2,-30.44,-2.46,-35.38,-2.45,0.08,0.08,77.54,77.54,73.87
92,2022,음성군하수도,206.32,86.93,15.04,-548.3,-5.5,-968.46,-4.74,0.009,0.01,51.15,51.15,9.36
93,2022,김천시하수도,28819.64,99.96,0.04,-32.77,-2.96,-89.83,-2.96,0.09,0.09,82.74,82.74,52.68
94,2022,화순군하수도,172550.54,100.0,0.0,-365.08,-4.44,-650.68,-4.44,0.01,0.01,51.37,51.37,13.32
95,2022,화순군상수도,44573.91,99.93,0.07,-15.15,-0.61,-100.5,-0.6,0.04,0.04,97.78,92.78,49.66
96,2022,영동군상수도,340547.74,99.78,0.22,98.32,3.37,104.33,3.36,0.03,0.03,54.27,54.27,48.87
97,2022,포항시시설관리공단,137.43,27.23,267.2,0.0,0.0,0.0,0.0,40.11,131.98,100.0,100.0,100.0
98,2022,춘천도시공사,232.74,70.83,41.19,-0.35,1.61,0.95,1.19,1.25,1.7,100.94,101.13,99.65
99,2022,이천시하수도,541802.02,99.98,0.02,-59.66,-5.72,-128.61,-5.72,0.1,0.1,73.91,73.91,43.74
100,2022,강릉관광개발공사,142.9,78.59,27.25,-2.36,-3.27,-2.78,-2.66,1.127,1.39,90.28,90.28,88.52
101,2022,보령시시설관리공단,130.29,23.25,330.12,0.0,0.0,0.0,0.0,14.93,47.71,100.0,100.0,100.0
102,2022,당진도시공사,302.9,87.67,14.06,-0.26,-0.02,3.4,-0.02,0.01,0.01,13.08,13.08,6.71
103,2022,연천군하수도,76105.29,99.99,0.01,-396.16,-2.2,-165.56,-2.2,0.01,0.01,66.63,66.63,20.15
104,2022,칠곡군하수도,179.14,79.35,26.02,-141.15,-4.24,-410.58,-3.33,0.02,0.03,73.7,73.7,19.59
105,2022,의령친환경골프장관리사업소,9340.6,99.78,0.21,-12.32,-3.01,21.95,-3.0,24.37,24.45,113.28,89.12,78.04
106,2022,경기도고덕국제화계획지구조성사업,109.54,0.0,0.0,0.0,0.0,0.0,0.04,0.0,0.0,271.8,271.8,0.0
107,2022,인천광역시제물포구시설관리공단,221.0,55.0,82.0,0.0,0.0,0.01,0.0,16.0,29.0,100.0,100.0,100.01
108,2022,여수시도시관리공단,222.04,49.47,102.15,0.0,0.0,0.0,0.0,14.48,83.06,100.0,0.0,0.0
109,2022,단양군상수도,0.0,98.39,1.63,28.18,2.63,-13.2,2.6,0.09,0.09,124.83,124.83,88.34
110,2022,영덕군상수도,1393.77,98.34,1.69,-11.63,-0.97,-25.81,-0.96,0.08,0.08,90.81,90.81,79.03
111,2022,양산시시설관리공단,168.36,40.61,146.27,0.0,0.0,-0.11,0.0,43.95,101.7,100.0,100.0,99.89
112,2022,동두천시하수도,90319.47,99.98,0.02,-1.88,-0.19,-33.14,-0.19,0.1,0.1,98.59,98.59,75.11
113,2022,부산광역시기장군도시관리공단,155.8,42.23,136.79,0.0,0.0,0.0,0.0,21.3,47.75,100.0,100.0,100.0
114,2022,함안지방공사,1665.86,92.32,8.32,5.79,9.87,6.2,8.35,144.21,170.41,106.07,107.7,106.62
115,2022,의성군상수도,0.0,100.0,0.0,-154.59,-2.81,-302.47,-2.81,0.02,0.02,63.72,63.72,25.24
116,2022,안산도시공사,145.01,71.12,40.61,3.07,1.19,2.92,0.94,0.3,0.39,103.13,104.0,103.0
117,2022,파주시하수도,1085.59,85.11,17.5,-36.85,-2.35,-49.05,-1.98,0.05,0.06,76.67,76.67,67.09
118,2022,포항시하수도,221.81,69.74,43.39,-268.35,-3.43,-100.7,-2.36,0.02,0.03,75.9,75.9,27.15
119,2022,보령시하수도,1352.33,88.5,13.0,-115.09,-3.44,-237.16,-3.0,0.03,0.03,67.54,67.54,29.66
120,2022,제주관광공사,342.41,59.02,69.44,6.2,14.96,12.33,8.3,1.3,2.4,105.56,105.56,114.06
121,2022,울주군시설관리공단,122.0,18.0,450.0,0.0,0.0,0.0,0.0,36.0,208.0,100.0,100.0,100.0
122,2022,양평공사,240.36,55.88,78.94,6.28,54.08,6.04,30.22,5.49,11.8,106.68,106.68,106.43
123,2022,당진시하수도,1200.79,92.36,8.27,-87.08,-2.87,-190.94,-2.63,0.03,0.03,70.87,70.87,34.37
124,2022,평택도시공사,186.9,36.72,172.35,39.0,6.17,4.71,2.23,0.06,0.16,133.51,150.15,104.94
125,2022,강화군시설관리공단,446.07,77.47,29.09,0.0,0.0,0.0,0.0,6.97,12.33,100.0,100.0,100.0
126,2022,군포도시공사,2748.53,96.5,3.62,0.0,0.0,0.0,0.0,1.22,1.18,100.0,100.0,100.0
127,2022,전주시시설관리공단,136.7,50.88,96.55,0.0,0.0,0.11,0.0,5.79,47.03,100.0,100.0,100.11
128,2022,화성도시공사,290.92,73.85,35.41,1.63,0.85,-6.27,0.64,0.39,0.52,101.52,101.59,94.1
129,2022,화성시하수도,46200.0,99.98,0.02,-45.45,-4.47,-53.25,-4.47,0.1,0.1,70.38,70.38,65.25
130,2022,울산광역시남구도시관리공단,311.9,67.9,47.2,0.0,0.0,0.0,0.0,72.79,104.18,100.0,100.0,100.0
131,2022,강릉시하수도,272.37,88.7,12.75,-90.28,-5.51,-85.51,-4.85,0.05,0.06,52.76,52.76,53.9
132,2022,인천경제자유구역청,1786.35,98.87,1.13,53.56,1.77,44.51,1.74,0.03,0.03,194.81,194.81,180.23
133,2022,거제시하수도,0.0,96.58,3.54,-317.73,-5.23,-354.52,-5.13,0.02,0.02,30.57,30.57,22.0
134,2022,노원구시설관리공단,128.17,100.0,354.92,0.0,0.0,0.0,0.0,11.19,44.72,100.0,100.0,100.0
135,2022,남양주도시공사,151.3,47.29,111.44,0.37,0.26,-3.13,0.12,0.33,0.7,100.56,100.56,96.97
136,2022,중구시설관리공단,99.35,19.19,421.17,0.0,0.0,0.0,0.0,12.89,53.97,100.0,100.0,100.0
137,2022,함안군상수도,1453.29,99.54,0.46,-30.36,-1.91,-52.46,-1.91,0.06,0.06,80.92,80.92,64.89
138,2022,통영관광개발공사,1590.56,97.54,2.52,2.98,0.78,-6.43,0.76,0.26,0.26,102.73,105.25,93.96
139,2022,영양고추유통공사,123.21,41.35,141.85,0.3,0.29,1.24,0.12,0.39,0.95,100.29,100.29,101.26
140,2022,음성군상수도,354982.0,99.98,0.02,-14.16,-1.83,-16.3,-1.83,12.9,12.9,88.75,88.75,86.22
141,2022,울산광역시도시공사,190.8,42.7,134.3,5.2,1.7,4.5,0.8,0.15,0.33,105.2,106.8,104.7
142,2022,문경관광진흥공단(폐지),133.7,25.21,296.74,0.0,0.0,0.0,0.0,21.1,83.7,100.0,100.0,100.0
143,2022,부안군상수도,7127.92,99.29,0.71,-14.01,-2.08,-43.01,-2.07,0.15,0.15,90.8,90.8,69.93
144,2022,관악구시설관리공단,134.29,49.22,103.19,0.0,0.0,0.0,0.0,11.05,21.48,100.0,100.0,100.0
145,2022,안동시시설관리공단,144.51,30.8,22467.0,0.0,0.0,0.0,0.0,40.74,130.04,100.0,100.0,100.0
146,2022,인천환경공단,185.3,46.0,117.3,0.0,0.0,0.0,0.0,11.0,36.7,100.0,100.0,100.0
147,2022,제천시하수도,109.9,68.14,46.76,-161.82,-5.19,-284.01,-3.63,0.02,0.03,63.15,63.15,26.04
148,2022,은평구시설관리공단,220.78,60.64,64.91,0.0,0.0,0.0,0.0,14.05,22.11,100.0,100.0,100.0
149,2022,충주시하수도,477.62,85.46,17.09,-31.83,-2.21,-65.02,-1.87,0.06,0.07,81.94,81.94,60.6
150,2022,충청남도개발공사,237.3,56.27,77.71,14.57,2.16,6.49,1.21,0.08,0.15,115.41,115.93,106.94
151,2022,창원레포츠파크,178.35,52.38,90.91,0.0,0.0,0.29,0.0,20.92,42.8,100.0,100.0,100.29
152,2022,부산지방공단스포원(부산시설공단 통합),109.38,0.0,0.0,0.0,0.0,0.0,0.0,0.52,0.0,0.0,0.0,0.0
153,2022,광주환경공단,97.71,9.69,932.23,0.0,0.0,0.0,0.0,15.39,141.65,100.0,100.0,99.6
154,2022,대구공공시설관리공단,153.96,96.83,3.28,0.14,0.04,0.0,0.04,0.266,0.272,100.13,100.14,100.0
155,2022,부산환경공단,99.66,0.0,0.0,0.0,0.0,0.0,0.0,16.38,0.0,100.0,100.0,100.0
156,2022,창원시설공단,169.15,37.25,168.46,0.0,0.0,0.0,0.0,3.07,40.69,100.0,100.0,100.0
157,2022,구미시설공단(폐지),70.58,11.95,736.71,0.0,0.0,0.0,0.0,11.3,90.8,100.0,100.0,100.0
158,2022,청주시시설관리공단,83.8,21.65,361.79,0.0,0.0,0.0,0.0,0.0,0.0,0.0,0.0,0.0
159,2022,정선군시설관리공단,574.09,82.58,21.09,0.0,0.0,0.0,0.0,101.42,119.04,100.0,100.0,100.0
160,2022,동해시시설관리공단,84.69,41.37,141.72,0.0,0.0,0.0,0.0,8.0,18.67,100.0,100.0,100.0
161,2022,속초시시설관리공단,147.64,32.47,207.94,0.0,0.0,0.0,0.0,67.01,20.87,100.0,100.0,100.0
162,2022,연천군시설관리공단,184.0,45.0,118.0,0.0,0.0,0.0,0.0,43.0,49.0,100.0,100.0,100.0
163,2022,가평군시설관리공단,93.61,12.01,889.77,0.0,0.0,0.0,0.0,7.8,61.01,100.0,100.0,100.0
164,2022,의정부시시설관리공단(폐지),162.45,24.77,303.69,0.0,0.0,0.02,0.0,4.01,16.36,100.0,100.0,100.02
165,2022,오산시시설관리공단(폐지),204.5,57.4,74.2,0.0,0.0,0.0,0.0,50.9,76.8,100.0,100.0,100.0
166,2022,안성시시설관리공단,105.6,1.56,6226.68,0.0,0.0,0.0,0.0,8.58,484.95,100.0,107.52,107.52
167,2022,시흥도시공사,446.53,72.29,38.33,3.62,2.14,3.29,1.52,0.42,0.59,103.74,103.8,103.4
168,2022,부천도시공사,263.5,61.8,62.0,-1.5,-0.9,-1.5,-0.6,0.43,0.65,98.6,98.6,98.5
169,2022,수원도시공사,261.85,62.59,59.78,-2.41,-2.22,-2.15,-1.57,0.97,0.71,97.84,97.84,97.65
170,2022,울산시설공단,67.03,18.47,441.3,0.0,0.0,0.0,0.0,26.19,108.49,100.0,100.0,100.0
171,2022,대전광역시시설관리공단,136.81,27.25,267.03,0.03,1.27,-0.46,0.32,9.4,36.96,100.03,100.04,99.54
172,2022,인천광역시서구시설관리공단,197.86,49.46,102.18,0.0,0.0,0.0,0.0,21.2,45.93,100.0,100.0,100.0
173,2022,인천광역시계양구시설관리공단,200.85,53.0,88.66,0.0,0.0,0.0,0.0,12.85,23.92,100.0,0.0,0.0
174,2022,인천광역시부평구시설관리공단,159.17,37.24,168.72,0.0,0.0,0.0,0.0,14.37,46.86,100.0,100.0,100.0
175,2022,남동구도시관리공단,207.532,51.91,92.65,0.0,0.0,0.0,0.0,17.44,33.66,100.0,100.0,100.0
176,2022,인천광역시미추홀구시설관리공단,213.61,51.56,93.96,0.0,0.0,0.0,0.0,16.23,30.85,100.0,100.0,100.0
177,2022,인천시설공단,131.85,43.7,128.84,0.0,0.0,0.0,0.0,5.3,11.44,100.0,100.0,100.0
178,2022,부산시설공단,142.26,15.53,544.12,0.02,0.39,0.83,0.05,2.73,20.15,100.0,100.02,100.84
179,2022,중랑구시설관리공단,145.2,29.99,233.46,0.0,0.0,0.0,0.0,16.93,55.89,100.0,100.0,100.0
180,2022,종로구시설관리공단,171.61,44.33,125.6,0.0,0.0,0.0,0.0,7.8,17.04,100.0,100.0,100.0
181,2022,용산구시설관리공단,155.74,35.2,184.1,0.0,0.0,0.0,0.0,14.52,38.46,100.0,100.0,100.0
182,2022,영등포구시설관리공단,219.59,61.44,62.77,0.0,0.0,0.0,0.0,5.85,8.98,100.0,100.0,100.0
183,2022,양천구시설관리공단,191.26,60.19,66.13,0.0,0.0,0.0,0.0,9.94,16.51,95.61,100.0,100.0
184,2022,송파구시설관리공단,62.55,63.97,56.32,0.0,0.0,0.0,0.0,4.46,7.58,100.0,100.0,100.0
185,2022,성북구도시관리공단,127.96,17.75,430.75,0.0,0.0,0.0,0.0,9.78,55.11,100.0,100.0,100.0
186,2022,성동구도시관리공단,137.23,27.13,268.61,0.0,0.0,0.0,0.0,15.34,49.63,100.0,100.0,100.0
187,2022,서대문구도시관리공단,126.39,45.14,121.52,0.0,0.0,0.0,0.0,10.7,21.87,100.0,100.0,100.0
188,2022,마포구시설관리공단,171.45,27.81,259.53,0.0,0.0,8.1,0.0,8.0,27.28,100.0,100.0,108.82
189,2022,동작구시설관리공단,151.5,60.7,64.7,0.0,0.0,0.0,0.0,1430.0,2355.7,100.0,100.0,100.0
190,2022,동대문구시설관리공단,185.0,48.6,107.1,0.0,0.0,0.0,0.0,10.85,20.68,100.0,100.0,100.0
191,2022,도봉구시설관리공단,139.78,28.72,248.15,0.0,0.0,0.0,0.0,0.0,0.0,100.0,100.0,0.0
192,2022,금천구시설관리공단,173.01,45.5,119.8,0.0,0.0,0.0,0.0,11.98,25.47,100.0,100.0,100.0
193,2022,구로구시설관리공단,123.0,37.0,170.0,0.0,0.0,0.0,0.0,10.0,26.0,100.0,100.0,0.0
194,2022,광진구시설관리공단,224.27,55.41,80.47,0.0,0.0,0.0,0.0,28.15,56.32,100.0,100.0,100.0
195,2022,강서구시설관리공단,160.1,37.93,163.67,0.0,0.0,0.0,0.0,10.58,4.6,100.0,100.0,100.0
196,2022,강북구도시관리공단,124.15,17.74,463.61,0.0,0.0,0.0,0.0,17.19,72.13,100.0,100.0,100.0
197,2022,강동구도시관리공단,97.6,28.26,253.86,0.0,0.0,0.0,0.0,8.69,28.87,100.0,100.0,100.0
198,2022,강남구도시관리공단,117.06,39.45,153.5,0.0,0.0,0.0,0.0,13.06,27.93,100.0,100.0,100.0
199,2022,서울시설공단,210.0,12.7,685.3,0.0,0.0,-1.1,0.0,1.7,13.1,100.0,100.0,98.96
200,2022,창녕군시설관리공단,104.75,12.32,711.96,0.0,0.0,-0.63,0.0,6.45,38.15,100.0,100.0,99.38
201,2022,청도공영사업공사,246.89,45.25,60.69,4.39,55.11,-11.14,29.81,6.79,12.56,103.95,103.68,89.98
202,2022,하남도시공사,946.1,49.56,101.77,-18.92,-1.31,-39.41,-0.69,0.04,0.07,86.54,82.04,71.73
203,2022,용인도시공사,181.89,49.58,101.71,5.47,1.92,0.67,0.885,0.16,0.35,105.46,105.93,100.67
204,2022,경기평택항만공사,175.18,88.53,12.95,12.57,1.57,11.04,1.39,0.11,0.12,114.16,113.82,112.41
205,2022,광주도시관리공사,319.94,68.22,46.59,0.61,0.71,1.3,0.55,0.9,1.5,100.74,100.74,101.32
206,2022,경기관광공사,451.32,96.69,3.43,3.08,1.03,0.6,0.98,0.32,0.33,103.07,103.07,100.6
207,2022,구리농수산물공사,4025.61,93.54,6.9,9.08,0.65,6.28,0.61,0.07,0.07,109.39,111.57,106.7
208,2022,광주광역시 관광공사,185.84,98.57,1.45,-19.38,-2.36,-36.95,-2.32,0.12,0.12,85.85,85.85,73.02
209,2022,서울특별시농수산식품공사,208.49,84.89,17.8,4.96,0.43,-1.02,0.37,0.07,0.09,104.61,105.11,116.51
210,2022,제주특별자치도개발공사,470.48,76.44,30.82,16.05,10.16,20.73,7.74,0.48,0.63,118.58,126.09,126.15
211,2022,경남개발공사,300.0,37.9,163.7,6.5,1.8,7.2,0.7,0.108,0.27,106.7,109.0,107.7
212,2022,경상북도개발공사,462.44,74.8,33.68,27.92,3.41,44.72,2.59,9.28,12.22,137.41,156.59,180.91
213,2022,전남개발공사,686.18,63.72,56.94,14.31,4.59,19.52,2.96,0.21,0.32,115.92,121.95,124.25
214,2022,전북개발공사,893.8,41.75,139.51,3.81,0.58,-11.44,0.48,0.07,0.15,103.33,103.89,89.74
215,2022,충북개발공사,262.48,39.21,155.04,13.28,4.54,15.12,1.86,0.14,0.34,114.84,120.27,117.81
216,2022,강원개발공사,146.53,12.5,700.22,-9.01,-7.86,-7.36,-0.85,0.09,0.87,91.42,92.42,93.14
217,2022,경기주택도시공사,262.37,33.03,202.75,31.76,6.39,34.67,2.39,0.08,0.2,140.05,164.76,153.06
218,2022,대전도시공사,224.02,45.15,121.47,5.62,3.09,4.93,1.37,0.24,0.55,105.8,107.59,105.18
219,2022,광주광역시도시공사,164.69,31.84,214.08,18.27,5.85,18.38,2.08,0.11,0.32,119.99,128.6,122.52
220,2022,인천도시공사,240.62,33.5,198.47,13.52,4.65,26.74,1.56,0.12,0.34,114.65,121.66,136.5
221,2022,대구도시개발공사,263.27,41.31,142.1,11.48,3.12,13.83,1.2,0.1,0.27,112.16,117.87,116.05
222,2022,부산도시공사,328.87,62.21,60.75,8.41,2.11,10.08,1.34,0.16,0.25,108.81,112.41,111.2
223,2022,서울주택도시개발공사,217.39,35.02,185.51,8.46,1.68,8.94,0.59,0.07,0.2,108.55,114.2,109.82
224,2022,대전교통공사,162.83,96.71,3.4,-80.86,-2.43,-202.12,-2.35,0.03,0.03,73.24,73.24,33.1
225,2022,광주교통공사,356.55,95.64,4.56,-149.34,-3.5,-351.81,-3.35,0.022,0.023,68.34,68.34,22.13
226,2022,인천교통공사,173.64,92.16,8.51,-76.08,-4.28,-123.37,-3.96,5.21,5.62,66.63,66.63,44.77
227,2022,대구교통공사,55.52,84.81,17.92,-110.08,-5.12,-183.34,-4.37,0.04,0.05,61.33,61.33,35.29
228,2022,부산교통공사,32.27,65.25,53.26,-107.19,-9.78,-197.0,-6.59,0.06,0.09,65.46,65.46,33.67
229,2022,진주시공영개발,0.0,100.0,0.0,-81.17,-14.7,74.72,-14.56,17.94,18.11,421.11,421.11,395.58
230,2022,창원시주택건설사업,-12862.11,50.99,96.11,-142.04,-7.06,-137.75,-3.67,0.03,0.05,43.01,43.01,42.06
231,2022,광양시공영개발,0.0,100.0,0.0,82.4,2.83,80.75,2.83,0.03,0.03,527.95,527.95,519.0
232,2022,순천시공영개발,1.84685405E7,100.0,0.0,0.0,1.05,0.0,1.05,0.0,0.0,321.51,321.51,0.0
233,2022,목포시공영개발,40932.85,99.77,0.23,17.56,0.13,15.76,0.13,0.01,0.01,119.91,119.91,118.72
234,2022,익산시공영개발,607.97,84.85,17.86,13.63,2.07,8.13,1.74,0.13,0.15,112.95,112.95,108.85
235,2022,계룡시공영개발,667.28,86.62,15.45,24.31,0.58,7.74,0.52,0.02,0.02,126.35,5414.85,4645.16
236,2022,세종특별자치시공영개발,1882.11,97.33,2.75,77604.23,4.23,-23169.55,4.12,0.0,0.0,365.95,365.95,0.43
237,2022,아산시공영개발,0.0,100.0,0.0,305.71,2.9,1487.59,2.9,0.009,0.009,80.74,80.74,6.3
238,2022,천안시공영개발,0.0,100.0,0.0,209.27,1.89,48.72,1.89,0.01,0.01,507.4,0.0,195.01
239,2022,음성군공영개발,110802.95,88.13,13.47,1.91,1.93,1.9,1.55,0.81,1.01,101.93,101.93,101.94
240,2022,충주시공영개발,1.19346039839E11,100.0,0.0,11.91,1.69,10.63,1.68,0.14,0.14,113.32,113.32,111.89
241,2022,강릉시공영개발,943.29,96.69,3.42,-23307.5,-2.42,-29328.51,-2.36,0.0,0.0,20.8,20.8,0.34
242,2022,원주시공영개발,288.79,78.24,27.81,412.91,0.44,-84.92,0.37,0.0,0.0,323.29,323.29,54.08
243,2022,춘천시공영개발,254979.15,100.0,0.0,4623.64,0.51,-73.12,0.51,0.0,0.0,2770.75,2770.75,57.76
244,2022,경기도판교테크노밸리조성사업,895332.0,99.9,0.004,-204.2,-2.1,-203.0,-2.1,0.01,0.01,47.1,47.1,33.0
245,2022,안성시공영개발,0.0,99.83,0.17,34.29,0.67,-18.63,0.66,1.92,1.94,128.9,128.9,84.3
246,2022,의왕시공영개발,546441.46,99.98,0.02,0.0,-2.45,0.0,-1.61,0.0,0.0,21.11,21.11,0.0
247,2022,시흥시공영개발,191.7,75.12,33.12,42.08,12.43,38.89,8.35,0.2,0.3,168.86,168.86,163.64
248,2022,의정부시공영개발,0.0,100.0,0.0,136.55,2.17,10.14,2.17,0.02,0.02,251.95,251.95,111.28
249,2022,성남시공영개발,135903.48,93.74,6.68,-291.0,-1.26,-5.04,-1.2,0.0,0.0,51.82,51.82,16.57
250,2022,제주특별자치도하수도,204.09,65.2,53.37,-205.67,-12.32,-213.01,-8.29,0.04,0.06,39.2,39.2,31.95
251,2022,창녕군하수도,0.0,0.0,0.0,-441.46,-2.61,-1012.66,-2.61,0.01,0.01,60.32,60.32,8.99
252,2022,양산시하수도,0.0,86.93,15.04,-49.5,-3.39,-72.77,-2.92,0.06,0.07,72.97,72.97,57.88
253,2022,밀양시하수도,1353057.71,100.0,0.0,-90.13,-1.66,-208.04,-1.66,0.02,0.02,71.1,71.1,32.46
254,2022,통영시하수도,9.07,44.02,127.18,-446.58,-23.55,-482.45,-10.29,0.02,0.05,33.31,33.31,17.17
255,2022,거창군하수도,290.27,8881.0,12.6,-241.59,-2.04,-916.57,-1.8,0.01,0.01,77.85,77.85,9.84
256,2022,사천시하수도,0.0,100.0,0.0,-101.81,-4.27,-123.0,-4.27,0.04,0.04,54.36,54.36,44.84
257,2022,김해시하수도,544.95,80.69,23.94,-24.72,-1.99,-35.05,-1.58,0.06,0.08,82.73,82.73,74.05
258,2022,진주시하수도,373.69,78.2,28.18,-179.0,-7.85,-179.0,-6.05,0.03,0.04,43.57,43.57,33.79
259,2022,창원시하수도,-57629.0,89.09,12.24,-38.25,-3.96,-40.31,-3.51,0.09,0.1,73.38,73.38,71.27
260,2022,영주시하수도,69.0,47.0,112.7,-515.5,-16.8,-660.7,-7.8,0.02,0.03,40.1,40.1,13.1
261,2022,상주시하수도,188.74,33.82,195.72,-999.4,-54.21,-958.1,-16.23,0.02,0.05,16.47,16.47,9.45
262,2022,경산시하수도,0.0,100.0,0.0,-50.41,-3.39,-83.47,-3.39,0.07,0.07,72.53,72.53,54.5
263,2022,영천시하수도,113.521,100.0,0.0,-234.04,-4.0,-388.65,-4.0,0.02,0.02,52.1,52.1,20.46
264,2022,안동시하수도,656682.27,100.0,0.0,-234.73,-5.95,-282.68,-5.95,0.03,0.03,38.68,38.68,26.13
265,2022,구미시하수도,131337.09,85.92,10.68,-37.2,-3.18,-57.85,-2.92,0.08,0.09,76.51,76.51,63.35
266,2022,경주시하수도,134.34,71.86,39.16,-261.6,-13.02,-342.88,-9.18,0.04,0.05,43.78,43.78,22.58
267,2022,영암군하수도,0.0,100.0,0.0,-180.09,-4.0,-280.65,-4.0,0.02,0.02,52.69,52.69,26.27
268,2022,나주시하수도,246.82,83.54,19.7,-643.93,-8.4,-718.39,-6.96,0.01,0.01,29.72,29.72,12.22
269,2022,순천시하수도,494.02,87.52,14.26,-81.33,-4.57,-85.91,-3.98,0.06,0.05,58.1,58.1,53.79
270,2022,목포시하수도,368.24,81.67,22.44,-116.46,-5.99,-105.05,-4.84,0.04,0.05,49.16,49.16,48.77
271,2022,정읍시하수도,32953.8,88.76,12.66,-113.75,-7.5,-183.98,-6.61,0.06,0.07,59.94,59.94,35.21
272,2022,익산시하수도,325.87,78.29,27.73,-102.59,-7.01,-149.89,-5.43,0.05,0.07,62.11,62.11,40.02
273,2022,완주군하수도,0.0,100.0,0.0,-19.19,-2.46,-21.88,-2.46,0.13,0.13,86.94,86.94,85.11
274,2022,전주시하수도,583.79,88.89,12.5,-10.54,-12.41,-133.0,-1.18,0.11,0.09,89.07,89.07,90.46
275,2022,서산시하수도,554.34,84.85,17.86,-203.82,-6.54,-230.93,-5.51,0.03,0.03,42.0,42.0,30.22
276,2022,아산시하수도,313.15,92.19,8.47,-41.96,-1.66,-154.95,-1.52,0.04,0.04,83.86,83.86,39.22
277,2022,천안시하수도,1095.83,85.79,16.56,-56.27,-4.68,-56.07,-3.97,0.07,0.08,65.3,65.3,64.07
278,2022,공주시하수도,124759.95,99.97,0.03,-457.95,-5.07,-749.96,-4.94,0.01,0.01,46.22,46.22,11.77
279,2022,청주시하수도,2684.84,98.04,2.0,-12.31,-0.66,-12.31,-0.64,0.11,0.11,94.94,95.03,89.04
280,2022,속초시하수도,43509.0,96.74,3.37,-79.11,-4.82,-81.53,-4.66,0.06,0.06,59.39,59.39,57.86
281,2022,춘천시하수도,926.76,8484.0,17.86,18718.0,-6.42,-248.55,-5.39,0.03,0.03,48.51,48.51,28.69
282,2022,가평군하수도,20253.17,99.97,0.03,-211.88,-3.95,-362.65,-3.95,0.02,0.02,55.4,55.4,21.61
283,2022,김포시하수도,255.39,68.43,46.14,-83.62,-9.24,-80.18,-6.18,0.07,0.11,56.48,56.48,55.5
284,2022,안양시하수도,185611.52,99.01,1.0,-39.6,-2.75,-43.19,-2.72,0.07,0.07,72.38,72.38,69.84
285,2022,평택시하수도,498.83,85.8,11.5,-67.87,-3.66,-66.99,-3.27,0.05,0.05,61.43,61.43,59.88
286,2022,광주시하수도,105830.17,99.98,0.02,-12.98,-0.85,-80.34,-0.85,0.07,0.07,92.98,92.98,55.45
287,2022,안성시하수도,895.21,88.01,13.62,-128.47,-4.16,-219.29,-3.64,0.03,0.03,61.71,61.71,31.32
288,2022,남양주시하수도,140152.49,99.93,0.007,-58.5,-4.09,-114.57,-4.08,0.07,0.07,73.81,73.81,46.61
289,2022,의왕시하수도,124491.24,99.64,0.36,8.38,1.18,6.02,1.17,0.14,0.14,108.9,108.9,106.4
290,2022,용인시하수도,853.09,91.25,9.59,-70.58,-4.26,-90.68,-3.89,0.06,0.06,63.88,63.88,52.44
291,2022,군포시하수도,48646.36,99.76,0.24,-47.4,-6.49,-56.98,-6.48,0.14,0.14,70.07,70.07,63.7
292,2022,여주시하수도,1129.46,99.77,0.23,-190.84,-2.08,-1281.92,-2.08,0.01,0.01,86.2,86.2,7.24
293,2022,오산시하수도,34731.22,99.95,0.05,-42.9,-3.99,-44.56,-3.99,0.09,0.09,70.51,70.51,69.17
294,2022,포천시하수도,159590.0,100.0,0.0,-193.48,-4.45,-295.46,-4.45,0.02,0.02,51.96,51.96,25.29
295,2022,시흥시하수도,111.79,87.98,13.66,-18.3,-1.92,-20.34,-1.67,0.09,0.1,85.17,85.17,83.1
296,2022,구리시하수도,169504.41,99.88,0.12,-2.63,-0.19,-50.84,-0.19,0.07,0.07,98.26,98.26,66.3
297,2022,성남시하수도,31020.44,99.72,0.28,-38.0,-4.09,-40.38,-4.07,0.11,0.11,73.09,73.09,71.23
298,2022,과천시하수도,1049.0,83.08,20.37,-47.67,-7.2,-36.87,-6.04,0.13,0.15,67.93,67.93,73.06
299,2022,안산시하수도,19707.01,99.74,0.26,-0.23,-0.03,1.48,-0.03,0.14,0.14,100.23,100.23,98.54
300,2022,부천시하수도,244836.03,99.92,0.08,3.82,0.28,-1.28,0.28,7.31,7.31,103.65,103.65,98.74
301,2022,광명시하수도,2402.42,99.1,0.91,-28.98,-5.59,-30.33,-5.54,0.19,0.19,77.76,77.76,76.73
302,2022,의정부시하수도,11257.0,99.98,0.02,-60.54,-4.49,-65.62,-4.49,0.07,0.07,63.45,63.45,60.38
303,2022,수원시하수도,60390.1,99.79,0.21,-10.48,-1.0,-18.61,-0.99,0.09,0.09,91.42,91.42,84.31
304,2022,울산광역시하수도,232.9,86.5,15.5,-0.6,-0.1,-8.8,-0.1,0.149,0.173,99.4,99.4,91.9
305,2022,대전광역시하수도,634.98,80.49,24.24,-21.18,-3.0,-19.93,-2.38,0.11,0.14,83.11,83.11,83.38
306,2022,광주광역시하수도,81762.0,83.77,19.37,-18.39,-2.08,-19.94,-1.72,0.09,0.11,85.45,85.45,83.38
307,2022,인천광역시하수도,372.63,94.72,5.58,0.0,0.0,0.0,0.0,0.14,0.15,88.89,88.89,85.35
308,2022,대구광역시하수도,0.0,87.38,14.44,-4.77,-0.44,-25.08,-0.38,0.08,0.09,96.19,96.19,79.95
309,2022,부산광역시하수도,634.44,84.17,18.81,-25.42,-2.44,-21.27,-2.05,0.08,0.1,80.28,80.28,82.46
310,2022,제주특별자치도상수도,270.25,86.72,15.31,0.56,0.06,-1.93,0.06,0.1,0.12,100.49,100.49,98.07
311,2022,거창군상수도,0.0,99.93,0.07,-54.06,-2.08,-87.49,-2.08,0.04,0.04,72.35,72.35,53.16
312,2022,창녕군상수도,0.0,99.64,0.36,-55.84,-4.47,-67.79,-4.46,0.08,0.08,68.1,68.1,59.44
313,2022,양산시상수도,7628.8,99.85,0.15,-11.42,-1.49,-14.01,-1.49,0.13,0.13,90.3,90.3,88.1
314,2022,거제시상수도,362.01,94.54,5.77,-25.54,-2.79,-27.43,-2.62,0.1,0.11,80.86,80.86,78.31
315,2022,밀양시상수도,189534.36,99.6,0.4,-103.4,-5.87,-107.74,-5.85,0.06,0.06,51.93,51.93,48.5
316,2022,김해시상수도,829.89,98.94,1.07,3.61,0.35,0.69,0.35,0.1,0.1,103.51,103.51,100.81
317,2022,사천시상수도,0.0,100.0,0.0,-9.6,-1.2,-17.57,-1.2,0.12,0.13,92.13,92.13,85.04
318,2022,통영시상수도,0.0,100.0,0.0,6.65,1.42,-0.21,1.42,0.21,0.21,106.42,106.42,99.86
319,2022,진주시상수도,17469.0,99.83,0.17,3.65,0.34,20.16,0.34,0.09,0.09,97.12,97.12,83.23
320,2022,창원시상수도,31323.3,99.71,0.29,-17.98,-2.04,-26.66,-2.06,0.11,0.12,85.98,85.98,78.98
321,2022,경산시상수도,10824.39,98.02,2.02,-11.21,-1.14,-19.89,-1.12,0.1,0.1,91.02,91.02,84.37
322,2022,문경시상수도,0.0,99.73,0.27,-25.94,-1.34,-51.82,-1.34,0.05,0.05,83.49,83.49,65.83
323,2022,상주시상수도,482316.39,99.95,0.05,-69.4,-1.98,66.01,-1.98,0.03,0.03,62.63,62.63,59.06
324,2022,칠곡군상수도,0.0,100.0,0.0,-24.16,-2.49,-55.91,-2.49,0.1,0.1,85.51,85.51,64.08
325,2022,울진군상수도,3779.89,99.9,0.1,-132.54,-2.6,-207.67,-2.6,0.02,0.02,59.34,59.34,33.27
326,2022,영천시상수도,15693.1,99.97,0.03,55.24,2.39,94.65,2.39,0.04,0.04,73.27,73.27,51.41
327,2022,영주시상수도,2366.0,99.3,0.7,-59.7,-3.0,-62.4,-3.0,0.0,0.0,64.3,64.3,62.4
328,2022,구미시상수도,14938.55,97.05,1.51,11.56,2.79,5.43,2.74,0.24,0.24,111.88,111.88,105.78
329,2022,안동시상수도,77319.44,99.98,0.02,-2.38,-0.14,-12.02,-0.14,0.06,0.06,97.96,97.96,89.25
330,2022,김천시상수도,25394.0,99.94,0.06,-0.46,-0.03,-19.91,-0.03,0.07,0.07,99.63,99.63,83.46
331,2022,경주시상수도,1921.49,99.58,0.43,-10.85,-1.53,-16.16,-1.52,0.14,0.14,91.13,91.13,85.74
332,2022,포항시상수도,3102.3,99.4,0.6,-19.1,-2.9,-24.6,-2.9,0.2,0.2,85.2,85.2,81.0
333,2022,영암군상수도,0.0,99.99,0.01,-42.24,-2.75,-81.27,-2.75,0.07,0.07,77.29,77.29,55.07
334,2022,광양시상수도,2863.68,99.69,0.31,-5.22,-0.47,-4.5,-0.47,0.09,0.09,95.4,95.4,97.11
335,2022,나주시상수도,70978.0,92.86,7.69,-48.99,-3.9,-69.25,-3.59,0.07,0.08,73.04,73.04,59.18
336,2022,순천시상수도,54772.33,99.95,0.05,15.91,1.59,9.21,1.59,0.1,0.1,116.72,116.72,111.81
337,2022,여수시상수도,4111.03,99.51,0.49,-21.51,-2.1,-24.7,-2.09,0.1,0.1,83.7,83.7,82.97
338,2022,목포시상수도,8899.53,99.63,0.37,-20.23,-2.37,-23.98,-2.36,0.12,0.12,83.95,83.95,80.72
339,2022,고창군상수도,4501.66,99.94,0.06,11.78,0.56,132.24,0.56,0.05,0.05,95.29,95.29,44.58
340,2022,완주군상수도,22901.0,99.8,0.19,9.71,1.9,8.28,1.89,0.19,0.2,110.26,110.26,108.85
341,2022,김제시상수도,12357.0,99.4,0.64,-25.1,-2.3,-35.3,-2.2,0.1,0.1,82.1,82.1,73.9
342,2022,남원시상수도,0.0,99.45,0.55,-94.08,-4.33,-95.2,-4.3,0.05,0.05,55.1,55.1,52.96
343,2022,정읍시상수도,564.34,90.84,10.09,-5.03,-0.81,-35.44,-0.73,0.14,0.16,96.41,96.41,73.81
344,2022,익산시상수도,15322.4,99.8,0.2,-23.51,-3.73,-24.98,-3.72,0.16,0.16,81.79,81.79,80.99
345,2022,군산시상수도,16959.65,99.8,0.2,14.85,2.52,2.14,2.51,0.17,0.17,114.75,114.75,102.21
346,2022,전주시상수도,430.59,96.63,3.49,4.26,0.81,2.62,0.78,0.19,0.18,104.25,104.25,103.44
347,2022,홍성군상수도,1406.93,99.92,0.08,-46.75,-3.67,-47.86,-3.66,0.08,0.08,69.98,69.98,66.95
348,2022,당진시상수도,50737.58,99.65,0.35,4.9,0.63,0.28,0.62,0.13,0.13,104.66,104.66,100.62
349,2022,예산군상수도,1.1473E7,100.0,0.0,-19.49,-1.74,-39.94,-1.74,-0.09,-0.09,87.05,87.05,70.92
350,2022,논산시상수도,0.0,100.0,0.0,-0.81,-0.07,-16.17,-0.07,0.09,0.09,99.37,99.37,85.72
351,2022,서산시상수도,59380.01,99.97,0.03,-16.15,-1.64,-31.58,-1.64,0.1,0.1,88.56,88.56,75.92
352,2022,아산시상수도,4397.99,99.88,0.12,11.18,1.6,8.66,1.6,0.14,0.14,111.48,111.48,108.58
353,2022,보령시상수도,2754.96,99.56,0.44,-30.03,-1.94,-46.07,-1.91,0.06,0.06,80.95,80.95,68.31
354,2022,공주시상수도,10908.86,99.39,0.62,-42.55,-2.87,-95.72,-2.85,0.07,0.07,79.08,79.08,51.11
355,2022,천안시상수도,7456.34,99.5,0.5,-14.31,-1.98,-18.0,-1.97,0.14,0.14,88.42,88.42,84.67
356,2022,옥천군상수도,20618.02,99.99,0.01,-76.41,-2.7,-79.22,-2.7,3.53,3.53,59.65,59.65,55.7
357,2022,제천시상수도,40884.0,99.61,0.39,-15.35,-1.35,-14.78,-1.35,0.09,0.09,87.81,87.81,87.15
358,2022,충주시상수도,49037.39,99.81,0.19,1.46,0.14,5.64,0.14,0.1,0.1,98.74,98.74,86.27
359,2022,청주시상수도,5724.8,99.31,0.7,14.52,2.15,11.27,2.13,14.67,14.79,115.61,115.61,112.62
360,2022,고성군상수도,87.94,90.5,10.49,-43.74,-2.47,-50.45,-2.3,5.27,5.64,73.01,73.01,66.47
361,2022,철원군상수도,1356.61,99.53,0.47,-29.43,-1.49,-32.78,-1.49,0.05,0.05,78.94,78.94,74.86
362,2022,정선군상수도,0.0,100.0,0.0,-40.46,-2.77,103.57,2.77,0.07,0.07,80.37,80.37,49.44
363,2022,홍천군상수도,10105.01,99.88,0.12,-67.55,-2.79,-82.56,-2.79,0.04,0.04,65.05,65.05,54.79
364,2022,삼척시상수도,0.0,100.0,0.0,69.24,3.87,71.74,3.87,0.06,0.06,61.12,61.12,57.78
365,2022,속초시상수도,27286.59,99.64,0.36,12.42,1.19,9.52,1.19,0.1,0.1,112.94,112.94,110.34
366,2022,태백시상수도,11662.51,99.83,0.17,40.66,1.36,214.2,0.0,3.34,3.34,87.43,87.43,32.43
367,2022,동해시상수도,2083.13,98.94,1.07,-27.26,-3.34,-36.61,-3.3,0.12,0.12,80.05,80.05,72.09
368,2022,강릉시상수도,4218.29,99.62,0.38,9.45,1.01,7.94,1.01,0.11,0.11,109.44,109.44,109.73
369,2022,원주시상수도,1826.79,99.58,0.43,11.78,1.64,3.95,1.63,0.14,0.14,111.29,111.29,103.26
370,2022,춘천시상수도,2041.41,97.66,2.39,-13.6,-0.99,-21.34,-0.97,0.07,0.07,89.91,89.91,82.7
371,2022,인제군상수도,559.31,97.99,2.06,-93.96,-2.98,-103.77,-2.92,3.11,3.17,57.44,57.44,49.08
372,2022,평창군상수도,133659.87,0.0,0.0,-165.57,-3.61,-176.65,-3.61,0.02,0.02,42.83,42.83,36.08
373,2022,영월군상수도,29122.95,99.96,0.04,-90.69,-2.28,-195.67,-2.28,0.03,0.03,71.09,71.09,33.68
374,2022,가평군상수도,30698.93,99.34,0.66,-43.64,-2.33,-46.34,-2.32,0.05,0.05,73.06,73.06,68.44
375,2022,여주시상수도,26672.44,99.98,0.02,-16.75,-0.93,-19.48,-0.92,0.06,0.06,88.43,88.43,79.39
376,2022,양평군상수도,4094.33,99.62,0.38,-4.61,-0.22,-15.35,-0.22,0.05,0.05,96.79,96.79,86.69
377,2022,포천시상수도,859.82,98.83,1.18,-41.33,-3.74,-46.64,-3.71,0.09,0.09,74.42,74.42,69.46
378,2022,안성시상수도,5201.83,99.5,0.5,-9.31,-0.99,-19.09,-0.99,0.11,0.11,92.84,92.84,82.93
379,2022,연천군상수도,25819.0,99.96,0.04,-9.44,-0.48,-41.06,-0.48,0.05,0.05,93.61,93.61,73.92
380,2022,광주시상수도,286058.19,99.98,0.02,-19.33,-1.16,-41.42,-1.16,0.06,0.06,88.82,88.82,71.02
381,2022,화성시상수도,5285.25,99.41,0.6,-0.68,-0.09,-2.04,-0.09,0.14,0.14,99.39,99.39,98.0
382,2022,이천시상수도,16029.93,99.75,0.25,11.85,1.18,12.53,1.16,0.1,0.1,111.14,111.14,114.63
383,2022,파주시상수도,80336.67,99.96,0.04,1.54,0.81,5.94,0.81,0.14,0.14,106.02,106.02,101.57
384,2022,용인시상수도,652.95,99.06,0.95,-15.14,-1.9,-18.72,-1.88,0.12,0.13,88.53,88.53,84.14
385,2022,하남시상수도,54520.21,99.95,0.05,-7.01,-0.64,-8.39,-0.64,0.09,0.09,94.16,94.16,90.75
386,2022,양주시상수도,770.05,9.69,0.31,-6.54,-0.77,-9.25,-0.77,0.12,0.12,94.5,94.5,91.54
387,2022,의왕시상수도,64004.49,99.95,0.05,7.91,1.03,3.13,1.03,0.13,0.13,107.97,107.97,104.01
388,2022,군포시상수도,12381.36,99.69,0.31,-4.95,-0.52,-14.64,-0.52,0.11,0.11,95.76,95.76,87.19
389,2022,시흥시상수도,39721.42,99.9,0.1,-8.87,-1.32,-12.85,-1.32,0.15,0.15,92.44,92.44,88.33
390,2022,오산시상수도,2700.61,99.46,0.54,-7.23,-1.29,-10.15,-1.29,0.18,0.18,93.81,93.81,91.25
391,2022,남양주시상수도,20176.86,99.72,0.28,-10.06,-1.5,-13.97,-1.5,0.15,0.15,91.21,91.21,87.74
392,2022,평택시상수도,4912.07,98.67,0.46,1.75,0.16,-14.81,0.16,0.1,0.1,101.41,101.41,86.29
393,2022,김포시상수도,7126.57,99.86,0.14,4.19,0.34,1.49,0.34,0.08,0.08,103.88,103.88,101.82
394,2022,구리시상수도,15766.7,99.61,0.39,-43.42,-4.72,-50.61,-4.71,0.11,0.11,72.06,72.06,66.53
395,2022,과천시상수도,1011021.71,100.0,0.0,-12.09,-1.27,-15.17,-1.27,0.1,0.1,90.07,90.07,86.87
396,2022,고양시상수도,1865.0,99.03,0.98,-18.9,-4.56,-20.91,-4.51,0.24,0.24,85.2,85.2,82.15
397,2022,안산시상수도,1393.01,99.1,0.91,-22.85,-3.85,-25.46,-3.83,0.17,0.17,96.8,96.8,92.99
398,2022,동두천시상수도,1863.78,84.69,18.08,-29.32,-3.4,-34.55,-2.81,0.1,0.12,78.55,78.55,74.55
399,2022,광명시상수도,1296.72,97.54,2.52,2.41,0.38,-1.56,0.37,0.15,0.16,102.3,102.3,98.36
400,2022,부천시상수도,1553.06,98.88,1.13,-9.57,-1.19,-23.47,-1.18,0.12,0.12,92.43,92.43,81.01
401,2022,안양시상수도,4447.17,99.75,0.25,5.88,0.67,0.86,0.67,0.11,0.11,105.8,105.8,100.86
402,2022,의정부시상수도,402285.0,99.94,0.0,-37.95,-7.82,-44.99,-7.82,0.21,0.21,74.38,74.38,76.65
403,2022,성남시상수도,47812.65,99.67,0.33,-42.83,-4.07,-47.04,-4.06,0.09,0.1,71.54,71.54,67.94
404,2022,수원시상수도,5411.86,99.67,0.33,-11.59,-2.12,-14.74,-2.11,0.18,0.18,90.18,90.18,87.09
405,2022,울산광역시상수도,255.6,96.6,3.6,-13.7,-1.8,-19.1,-1.7,0.12,0.13,88.9,88.9,87.3
406,2022,대전광역시상수도,1404.44,96.19,3.96,-7.59,-0.99,-11.97,-0.95,0.13,0.13,93.48,93.48,89.96
407,2022,광주광역시상수도,1402.9,98.68,1.33,-10.31,-8.72,-1.13,-1.12,0.13,0.128,92.55,92.55,92.2
408,2022,인천광역시상수도,1081.14,89.62,3.26,-15.81,-2.0,-25.99,-1.95,0.13,0.13,88.09,88.09,79.49
409,2022,대구광역시상수도,765.22,94.49,5.83,-9.15,-1.2,-15.67,-1.14,0.13,0.13,92.4,92.29,86.6
410,2022,부산광역시상수도,1445.58,99.14,0.86,-3.73,-0.51,-5.54,-0.5,0.13,0.14,97.02,97.02,96.55
411,2022,서울특별시상수도,561.57,97.53,2.53,-1.82,-0.25,-13.47,-0.24,0.13,0.13,98.46,98.46,88.48
1,2023,여주도시공사,574.08,83.32,20.02,0.0,0.0,0.0,0.0,8.285,10.93,100.0,100.0,100.0
2,2023,구미도시공사,104.74,34.77,187.63,0.0,0.0,0.0,0.0,8.6,32.6,100.0,100.0,100.0
3,2023,천안도시공사,253.44,93.2,93.94,0.09,1.46,0.0,0.85,9.77,16.81,100.1,100.0,100.0
4,2023,익산시도시관리공단,125.88,15.6,540.9,0.0,0.0,0.0,0.0,2.56,16.38,100.0,100.0,100.0
5,2023,부산광역시남구시설관리공단,206.0,51.0,93.0,0.0,0.0,0.0,0.0,4.28,13.81,100.0,100.0,100.0
6,2023,양주도시공사,1561.35,93.6,6.84,2.65,4.23,-0.17,3.9,1.47,1.6,102.61,102.62,99.83
7,2023,합천군시설관리공단,104.91,6.35,1473.85,0.0,0.0,0.0,0.0,5.32,65.63,100.0,100.0,98.83
8,2023,단양관광공사,677.69,85.31,17.22,1.38,4.04,0.96,3.88,2.53,2.53,106.07,107.55,100.97
9,2023,전남광주통합특별시 서구시설관리공단,123.0,4.04,2373.2,0.0,0.0,0.0,0.0,403.0,10040.0,100.0,100.0,100.0
10,2023,전남광주통합특별시북구시설관리공단,112.7,12.0,731.6,0.0,0.0,0.0,0.0,5.7,53.7,100.0,100.0,100.0
11,2023,김천시시설관리공단,158.4,37.91,163.77,0.0,0.0,0.0,0.0,19.94,44.55,100.0,100.0,100.0
12,2023,예산군하수도,533952.76,100.0,0.0,-380.91,-3.19,-1031.7,-3.19,0.01,0.01,66.34,66.34,8.84
13,2023,평창군시설관리공단,155.83,35.83,179.11,0.0,0.0,0.0,0.0,9.32,32.33,100.0,100.0,100.0
14,2023,금산군하수도,129.72,82.26,21.56,-1566.71,-9.09,-2651.84,-7.43,0.0,0.01,44.92,44.92,3.63
15,2023,서울물재생시설공단,109.5,18.3,444.6,0.0,0.0,0.0,0.0,12.7,77.8,100.0,100.0,100.0
16,2023,경기교통공사,143.99,33.39,199.47,-35.81,-26.69,-40.48,-8.7,0.24,0.66,74.51,74.51,71.19
17,2023,원주시시설관리공단,118.5,15.62,540.4,0.0,0.0,0.0,0.0,22.71,115.2,100.0,100.0,100.0
18,2023,김포도시공사,429.59,91.06,9.81,3.15,1.6,2.5,1.49,0.47,0.51,103.18,104.05,102.57
19,2023,파주도시공사,630.79,81.86,22.17,2.65,2.42,-4.49,2.09,0.79,0.91,102.53,102.53,95.71
20,2023,영천시시설관리공단,141.15,40.31,148.09,0.0,0.0,0.0,0.0,4.47,9.76,100.0,100.0,100.0
21,2023,과천도시공사,569.01,41.35,141.86,0.3,0.01,-1.61,0.01,0.05,0.13,98.42,98.42,98.42
22,2023,울산광역시북구시설관리공단,276.4,63.8,56.6,0.0,0.0,0.0,0.0,43.36,62.01,100.0,100.0,100.0
23,2023,포천도시공사,660.89,85.03,17.61,2.5,0.89,-2.73,0.82,0.33,0.09,102.44,102.44,97.35
24,2023,안양도시공사,3616.18,100.67,0.87,1.92,0.63,-0.98,0.63,0.33,0.33,101.89,101.89,99.03
25,2023,예천군하수도,148.28,63.67,57.05,-575.0,-10.86,-1076.23,-6.75,0.01,0.02,55.84,55.84,8.5
26,2023,예천군상수도,0.0,99.98,0.0,-95.88,-3.02,-212.09,-3.02,0.03,0.03,70.14,70.14,32.04
27,2023,고성군하수도,6675.21,100.0,0.0,-588.57,-5.35,-899.12,-5.35,0.01,0.01,41.1,41.1,10.01
28,2023,고성군상수도,9498.59,99.75,0.25,9.5,0.75,-39.42,0.75,0.08,0.08,106.47,106.47,72.19
29,2023,세종도시교통공사,321.07,78.32,27.67,1.82,2.29,-0.15,1.59,0.87,1.25,101.82,101.82,99.85
30,2023,사천시시설관리공단,145.93,14.9,571.12,0.0,0.0,-0.3,0.0,7.21,45.35,100.0,100.0,99.7
31,2023,제주특별자치도공영버스,2772.04,86.43,15.7,-120.93,-10.12,-1911.81,-8.65,0.07,0.08,94.01,94.01,4.97
32,2023,서울특별시하수도,2983.3,99.86,0.14,-5.87,-0.65,-34.71,-0.65,0.11,0.11,95.64,95.64,74.23
33,2023,경주시시설관리공단,110.62,34.19,192.52,0.0,0.0,-0.27,0.0,47.07,140.08,100.0,100.0,99.73
34,2023,인천광역시연수구시설안전관리공단,119.4,40.1,149.39,0.0,0.0,0.0,0.0,13.79,30.36,100.0,100.0,100.0
35,2023,서울교통공사,65.6,56.39,77.33,-27.65,-5.84,-45.18,-3.33,0.12,0.21,81.88,81.88,68.88
36,2023,태안군하수도,66788.68,100.0,0.0,-401.82,-4.83,-770.81,-4.83,0.01,0.01,56.73,56.73,11.48
37,2023,태안군상수도,2596.4,99.7,0.3,-110.84,-5.26,-114.77,-5.25,0.05,0.05,51.65,51.65,46.95
38,2023,김제시하수도,124.4,70.1,42.7,1300.7,13.8,826.4,9.5,0.02,0.011,44.2,44.2,7.1
39,2023,부여군하수도,10478.59,99.95,0.05,-345.87,-6.69,-355.28,-6.69,0.02,0.02,24.06,24.06,21.96
40,2023,하남시하수도,125665.26,99.93,0.07,-35.27,-2.73,-58.04,-2.73,0.08,0.08,77.69,77.69,63.27
41,2023,서울에너지공사,94.22,36.44,174.43,-28.93,-30.35,-24.83,-11.97,0.41,1.05,77.66,77.66,80.11
42,2023,충주시시설관리공단,34.12,18.11,452.2,0.0,0.0,0.0,0.0,23.22,117.98,100.0,100.0,100.0
43,2023,세종특별자치시시설관리공단,152.5,33.3,200.4,0.0,0.0,0.0,0.0,7.1,23.2,100.0,100.0,100.0
44,2023,밀양시시설관리공단,101.52,40.81,145.04,0.0,0.0,-1.74,0.0,25.8,70.34,100.0,100.0,98.29
45,2023,군산시하수도,426.66,90.99,9.91,-26.31,-2.71,-30.9,-2.45,0.09,0.1,80.31,80.31,76.39
46,2023,홍성군하수도,34.24,62.4,60.26,-405.29,-11.24,-752.65,-6.78,0.02,0.03,56.17,56.17,11.73
47,2023,동해시하수도,31377.49,99.99,0.01,-59.87,-3.96,-62.59,-4.0,0.07,0.07,63.19,63.19,63.39
48,2023,원주시하수도,261.57,85.04,17.59,-108.92,-5.76,-165.68,-4.86,0.04,0.05,61.92,61.92,37.64
49,2023,양주시하수도,1642.91,99.53,0.47,-88.45,-4.8,-117.37,-4.78,0.05,0.05,59.55,59.55,46.0
50,2023,서천군상수도,3283.2,98.83,1.18,-106.94,-83.33,-4.93,-4.93,0.06,0.06,59.74,59.74,48.32
51,2023,부여군상수도,7023.97,99.54,0.46,-81.48,-3.86,-85.05,-3.84,0.05,0.05,59.79,59.79,54.81
52,2023,금산군상수도,350.82,97.3,2.78,-43.05,-2.25,-120.51,-2.22,0.05,0.05,82.93,82.93,45.44
53,2023,인천관광공사,198.8,93.87,6.54,6.1,2.13,0.0,1.92,31.47,34.92,104.94,0.0,82.1
54,2023,광명도시공사,252.0,61.0,65.0,1.0,1.0,-2.0,1.0,59.0,98.0,101.0,98.0,102.0
55,2023,영덕군하수도,90.84,80.18,24.71,-201.16,-13.88,-364.52,-11.13,0.06,0.07,58.79,58.79,21.53
56,2023,문경시하수도,168.96,60.97,64.01,-334.24,-1158.0,-536.61,-7.05,0.02,-0.03,53.69,53.69,15.71
57,2023,논산시하수도,337.32,95.58,4.62,304.67,4.56,549.03,4.34,0.01,0.01,53.6,53.6,15.41
58,2023,과천시지식정보타운조성사업,57275.05,99.94,0.0,0.0,-3.34,-3.34,0.0,0.0,0.0,46.82,46.82,0.0
59,2023,아산시시설관리공단,53.99,22.01,354.26,0.0,0.0,0.0,0.0,14.98,49.94,100.0,100.0,100.0
60,2023,장수한우지방공사,183.76,63.81,56.72,-27.36,-32.3,-27.14,-20.61,0.75,1.18,78.97,78.97,78.65
61,2023,광주광역시광산구시설관리공단,100.0,10.5,852.2,0.0,0.0,0.0,0.0,14.6,123.9,100.0,100.0,100.0
62,2023,대구광역시달성군시설관리공단,112.13,10.89,818.12,0.0,0.0,0.0,0.0,12.87,88.97,100.0,100.0,100.0
63,2023,김해시도시개발공사,397.62,77.69,28.71,2.42,1.87,1.18,1.37,0.57,0.77,102.42,103.08,101.2
64,2023,합천군상수도,28222.7,98.95,1.06,-100.25,-5.54,-177.67,-5.48,0.05,0.06,66.53,66.53,36.03
65,2023,성남도시개발공사,1836.5,90.87,10.05,1.86,2.03,-1.41,1.83,1.09,0.96,101.83,102.45,98.61
66,2023,부여군시설관리공단,197.98,49.49,102.06,0.0,0.0,0.1,0.0,10.64,22.42,100.0,100.0,100.1
67,2023,세종특별자치시하수도,377.5,98.91,1.1,179.02,5.09,-167.33,5.04,0.03,0.03,40.18,40.18,35.84
68,2023,진천군하수도,466.45,88.29,13.26,-564.54,-7.43,-931.29,-6.45,0.01,0.01,36.6,36.6,9.7
69,2023,진천군상수도,14815.0,99.86,0.14,10.18,1.8,9.33,1.8,18.0,18.0,110.81,110.81,110.24
70,2023,울산광역시중구도시관리공단,222.0,47.0,112.0,0.0,0.0,0.0,0.0,32.0,85.0,100.0,100.0,100.0
71,2023,이천시시설관리공단,160.74,45.34,120.55,0.0,0.0,0.0,0.0,11.06,20.61,100.0,100.0,100.0
72,2023,부산관광공사,366.9,79.1,26.5,5.4,18.1,3.5,13.4,250.6,338.6,105.6,105.6,5.2
73,2023,구리도시공사,889.14,89.56,11.66,-8.52,-1.0,-19.7,-0.91,0.11,0.12,92.96,92.96,83.54
74,2023,경상북도문화관광공사,428.65,86.72,15.31,27.74,2.64,12.64,2.28,0.08,0.1,128.99,149.53,114.47
75,2023,제주에너지공사,221.14,95.26,4.97,5.21,0.64,13.84,0.59,0.11,0.12,106.96,105.13,116.06
76,2023,광양시하수도,60212.06,99.99,0.01,-170.69,-5.11,-183.02,-5.11,3.0,3.0,39.7,39.7,35.33
77,2023,세종특별자치시상수도,435.24,78.1,28.04,-9.55,-1.09,-0.45,-0.82,0.09,0.11,92.34,92.34,99.55
78,2023,여수시하수도,410.65,89.3,11.98,-120.67,-6.2,-114.14,-5.49,0.05,0.05,49.43,49.43,50.39
79,2023,옥천군하수도,141.28,93.76,6.66,458.38,4.41,1048.46,4.1,0.01,0.01,60.9,60.9,8.71
80,2023,남원시하수도,0.0,99.81,0.19,-78.17,-1.38,-433.03,-1.37,0.02,0.02,85.34,85.34,18.76
81,2023,영광군하수도,34378.64,99.99,0.01,-1229.03,-7.32,-1668.18,-7.32,0.01,0.01,30.49,30.49,5.66
82,2023,영광군상수도,10521.84,99.87,0.13,-171.96,-6.19,-191.08,-6.18,0.04,0.04,44.39,44.39,34.31
83,2023,거제해양관광개발공사,189.56,92.7,7.88,2.71,1.65,-7.01,1.52,0.56,0.61,102.53,102.53,93.45
84,2023,대전관광공사,500.65,88.4,13.12,11.29,2.85,9.25,2.51,0.22,0.25,112.37,112.37,110.19
85,2023,양평군하수도,27752.02,99.95,0.05,-205.71,-4.85,-431.99,-4.85,0.02,0.02,61.38,61.38,18.8
86,2023,영월군시설관리공단,120.56,17.05,486.4,0.0,0.0,0.0,0.0,13.41,78.03,100.0,100.0,100.0
87,2023,계룡시하수도,83.41,72.23,38.45,-450.96,-20.09,-446.31,-14.23,0.03,0.04,21.09,21.09,18.3
88,2023,의왕도시공사,1889.28,95.64,4.56,-29.3,-4.7,-20.63,-4.24,0.15,0.16,80.97,93.71,82.9
89,2023,고양도시관리공사,692.49,43.76,128.51,1.58,0.3,-1.88,0.16,10.36,18.82,101.49,101.49,98.15
90,2023,양양군상수도,4010.2,99.61,0.39,-30.24,1.95,-36.8,-1.94,0.06,0.06,79.81,79.81,73.97
91,2023,계룡시상수도,5777.7,99.27,0.73,-2.75,-0.24,-32.26,-0.24,0.09,0.09,97.96,97.96,75.71
92,2023,증평군하수도,179.47,89.94,11.18,-42.78,-1.71,-177.32,-1.52,0.036,0.04,85.22,85.22,36.06
93,2023,고양시하수도,80551.9,99.74,0.26,-28.16,-2.42,-32.94,-2.41,0.09,0.09,78.83,78.83,75.22
94,2023,음성군하수도,154.83,89.29,12.0,485.43,5.1,959.53,4.5,0.009,0.011,55.98,55.98,9.44
95,2023,김천시하수도,27260.59,99.98,0.02,-48.88,-3.8,-117.49,-3.8,0.08,0.08,77.53,77.53,45.98
96,2023,화순군하수도,0.0,100.0,0.0,-244.33,-2.41,-713.27,-2.41,0.01,0.01,69.96,69.96,12.3
97,2023,화순군상수도,23714.45,99.93,0.1,-91.52,-3.28,-127.6,-3.27,0.04,0.04,61.8,61.8,43.83
98,2023,영동군상수도,548245.34,99.77,0.23,101.81,3.59,109.66,3.58,0.04,0.04,52.79,52.79,47.98
99,2023,포항시시설관리공단,130.65,23.46,326.28,0.0,0.0,0.0,0.0,37.45,148.57,100.0,100.0,100.0
100,2023,춘천도시공사,197.64,67.51,48.12,1.06,1.99,-0.41,1.37,1.29,1.87,101.05,101.25,99.59
101,2023,이천시하수도,158457.79,99.97,0.03,-121.07,-11.94,-132.33,-11.94,0.1,0.1,47.91,47.91,43.04
102,2023,강릉관광개발공사,149.99,78.92,26.7,-0.76,-2.23,0.99,-1.76,2.311,2.93,94.94,94.94,107.67
103,2023,보령시시설관리공단,119.51,16.33,512.47,0.0,0.0,0.0,0.0,10.39,54.18,100.0,100.0,100.0
104,2023,당진도시공사,467.35,92.64,7.94,-2.37,-0.01,-8.97,-0.01,0.25,0.286,186.99,186.99,11.57
105,2023,연천군하수도,80653.22,99.99,0.01,-212.33,2.74,-524.37,-2.74,0.01,0.01,66.1,66.1,16.02
106,2023,칠곡군하수도,162.11,80.99,23.47,-132.7,-3.94,-430.96,-3.16,0.02,0.03,76.14,76.14,18.83
107,2023,의령친환경골프장관리사업소,3337.5,99.49,0.05,-14.69,-0.88,19.34,-1.75,5.94,5.96,114.33,87.47,80.66
108,2023,경기도고덕국제화계획지구조성사업,107.9,0.0,0.0,0.0,0.0,0.0,0.16,0.0,0.0,503.3,503.3,0.0
109,2023,인천광역시제물포구시설관리공단,234.0,57.0,75.0,0.0,0.0,0.02,0.0,19.0,35.0,100.0,100.0,100.02
110,2023,여수시도시관리공단,132.15,22.62,342.1,0.0,0.0,0.0,0.0,31.41,101.19,100.0,0.0,0.0
111,2023,단양군상수도,0.0,99.15,0.85,12.51,0.76,-33.26,0.75,0.06,0.06,108.86,108.86,72.39
112,2023,영덕군상수도,3971.96,98.51,1.52,-17.8,-1.44,-32.25,-1.42,0.08,0.08,86.59,86.59,75.36
113,2023,양산시시설관리공단,167.29,40.22,148.61,0.0,0.0,0.01,0.0,48.2,119.82,100.0,100.0,100.01
114,2023,동두천시하수도,56952.17,99.98,0.02,-38.45,-3.34,-45.04,-3.34,0.09,0.09,74.02,74.02,68.95
115,2023,부산광역시기장군도시관리공단,129.42,35.04,185.37,0.0,0.0,0.0,0.0,21.2,55.36,100.0,100.0,100.0
116,2023,함안지방공사,520.67,79.79,25.33,5.59,8.89,3.13,7.59,135.7,159.04,105.69,107.01,103.23
117,2023,의성군상수도,32205.57,100.0,0.0,-161.28,-3.22,-283.1,-3.22,0.02,0.02,61.35,61.35,25.58
118,2023,안산도시공사,752.98,54.9,82.14,1.21,0.47,0.51,0.29,0.24,0.39,101.2,101.52,100.51
119,2023,파주시하수도,523.46,86.59,15.48,-61.21,-3.65,-59.73,-3.13,0.05,0.06,63.95,63.95,62.61
120,2023,포항시하수도,323.1,71.97,38.94,-106.51,-3.27,-291.39,-2.32,0.02,0.03,77.48,77.48,27.21
121,2023,보령시하수도,690.4,90.1,10.99,-170.0,-4.62,-286.92,-4.13,0.02,0.03,57.52,57.52,25.84
122,2023,제주관광공사,312.47,70.73,41.38,0.16,0.26,0.03,0.17,1.0,1.6,100.13,100.13,100.03
123,2023,울주군시설관리공단,126.0,21.0,378.0,0.0,0.0,0.0,0.0,45.0,230.0,100.0,100.0,100.0
124,2023,양평공사,296.25,67.36,48.46,9.48,50.03,8.44,33.7,4.44,7.04,110.35,110.35,109.22
125,2023,당진시하수도,1119.3,93.59,6.85,-90.34,-2.94,-195.3,-2.74,0.03,0.03,69.98,69.98,33.86
126,2023,평택도시공사,230.24,36.74,172.18,21.31,9.22,11.53,3.39,0.16,0.43,122.53,129.57,113.03
127,2023,강화군시설관리공단,391.57,74.4,34.4,0.0,0.0,0.0,0.0,10.32,13.59,100.0,100.0,100.0
128,2023,군포도시공사,1305.75,92.65,7.94,0.83,1.01,0.0,0.0,1.16,1.22,100.0,100.0,97.67
129,2023,전주시시설관리공단,56.63,29.72,236.45,0.0,0.0,-0.91,0.0,5.27,56.17,100.0,100.0,99.1
130,2023,화성도시공사,273.54,71.15,40.55,3.03,1.87,-1.87,1.36,0.45,0.62,102.94,103.08,98.17
131,2023,화성시하수도,61698.0,99.98,0.02,-44.92,-4.14,-54.07,-4.14,0.09,0.09,70.87,70.87,64.91
132,2023,울산광역시남구도시관리공단,103.6,41.6,140.2,0.0,0.0,0.0,0.0,54.0,108.1,100.0,100.0,100.0
133,2023,강릉시하수도,393.92,90.57,10.41,-81.31,-5.2,-77.41,-4.66,0.06,0.06,55.6,55.6,56.37
134,2023,인천경제자유구역청,1374.85,98.66,1.35,0.0,0.0,0.0,0.0,0.003,0.003,52.62,52.62,18.91
135,2023,거제시하수도,3879.62,97.02,3.07,-107.28,-1.98,-291.26,-1.92,0.02,0.02,72.77,72.77,25.56
136,2023,노원구시설관리공단,129.12,100.0,343.41,0.0,0.0,0.0,0.0,11.98,47.87,100.0,100.0,100.0
137,2023,남양주도시공사,160.88,51.62,93.73,0.97,0.8,-1.88,0.41,0.43,0.82,100.95,100.99,98.16
138,2023,중구시설관리공단,99.81,17.1,484.68,0.0,0.0,0.0,0.0,12.55,69.38,100.0,100.0,100.0
139,2023,함안군상수도,9772.83,99.94,0.06,-46.95,-2.95,-71.18,-2.95,0.06,0.06,73.48,73.48,58.37
140,2023,통영관광개발공사,1120.95,96.55,3.58,-50.94,-11.42,-38.54,-11.08,0.22,0.22,73.48,68.54,72.18
141,2023,영양고추유통공사,125.34,39.05,156.1,0.0,0.0,3.97,0.0,0.43,1.06,100.0,100.0,104.14
142,2023,음성군상수도,10162.76,99.95,0.05,-11.53,-1.43,-17.07,-1.43,12.43,12.44,90.79,90.79,83.98
143,2023,울산광역시도시공사,190.7,45.8,118.5,0.5,8.1,2.1,0.9,0.26,0.12,107.4,110.5,100.5
144,2023,문경관광진흥공단(폐지),135.11,25.99,284.81,0.0,0.0,0.0,0.0,26.42,101.68,100.0,100.0,100.0
145,2023,부안군상수도,832.91,98.74,1.28,-22.79,-3.16,-52.68,-3.13,0.14,0.14,85.58,85.58,65.5
146,2023,관악구시설관리공단,122.12,43.19,131.55,0.0,0.0,0.0,0.0,12.15,26.42,100.0,100.0,100.0
147,2023,안동시시설관리공단,144.79,30.93,223.28,0.0,0.0,0.0,0.0,40.79,132.16,100.0,100.0,100.0
148,2023,인천환경공단,170.4,41.0,142.0,0.0,0.0,0.0,0.0,11.0,24.8,100.0,100.0,100.0
149,2023,제천시하수도,170.77,72.65,37.64,-124.86,-4.23,-367.01,-2.98,0.02,0.03,75.88,75.88,21.41
150,2023,은평구시설관리공단,205.86,58.171,71.9,0.0,0.0,0.0,0.0,15.32,25.8,100.0,100.0,100.0
151,2023,충주시하수도,630.84,87.8,13.89,-25.28,-1.72,-58.56,-1.49,0.06,0.07,84.97,84.97,63.07
152,2023,충청남도개발공사,291.42,62.06,61.13,6.65,2.39,2.93,1.41,0.21,0.36,106.56,110.02,103.01
153,2023,창원레포츠파크,191.19,53.99,85.2,0.0,0.0,-0.94,0.0,25.04,47.09,100.0,100.0,99.06
154,2023,광주환경공단,96.17,8.14,1128.47,0.0,0.0,0.0,0.0,13.66,154.46,100.0,100.0,99.1
155,2023,대구공공시설관리공단,164.36,97.05,3.04,0.27,0.12,0.0,0.11,0.421,0.434,100.27,100.27,100.0
156,2023,부산환경공단,99.66,0.0,0.0,0.0,0.0,0.0,0.0,18.09,0.0,100.0,100.0,100.0
157,2023,창원시설공단,149.81,37.84,164.27,0.0,0.0,0.0,0.0,4.24,45.2,100.0,100.0,100.0
158,2023,청주시시설관리공단,104.2,15.88,529.86,0.0,0.0,0.0,0.0,0.0,0.0,0.0,0.0,0.0
159,2023,정선군시설관리공단,114.42,12.6,693.69,0.0,0.0,0.0,0.0,31.14,142.44,100.0,100.0,100.0
160,2023,동해시시설관리공단,119.04,41.09,138.67,0.0,0.0,0.0,0.0,2.04,19.57,100.0,100.0,100.0
161,2023,속초시시설관리공단,132.85,24.81,303.14,0.0,0.0,0.0,0.0,69.86,19.65,100.0,100.0,100.0
162,2023,연천군시설관리공단,154.0,31.0,216.0,0.0,0.0,0.0,0.0,40.0,61.0,100.0,100.0,100.0
163,2023,가평군시설관리공단,108.3,8.23,1115.6,0.0,0.0,0.0,0.0,72.2,6.5,100.0,100.0,100.0
164,2023,의정부시시설관리공단(폐지),166.35,22.0,354.46,0.0,0.0,0.02,0.0,3.92,16.81,100.0,100.0,100.02
165,2023,오산시시설관리공단(폐지),2798.0,96.5,3.6,0.0,0.0,0.0,0.0,3.2,3.4,100.0,100.0,100.0
166,2023,안성시시설관리공단,107.1,1.24,7967.8,0.0,0.0,0.0,0.0,7.12,512.65,100.0,108.22,108.22
167,2023,시흥도시공사,3902.93,81.57,22.59,4.65,4.21,4.99,3.23,0.69,0.9,104.8,106.52,105.25
168,2023,부천도시공사,378.9,45.8,118.5,1.1,1.0,0.9,0.5,0.47,0.9,101.1,101.1,100.9
169,2023,수원도시공사,184.35,46.67,114.28,-2.19,-2.1,-4.05,-1.13,0.51,0.96,97.9,97.9,96.11
170,2023,울산시설공단,138.38,30.33,229.75,0.0,0.0,0.0,0.0,34.91,111.26,100.0,100.0,100.0
171,2023,대전광역시시설관리공단,121.89,18.12,451.99,0.09,3.62,-1.04,0.79,8.31,38.34,100.09,100.11,98.98
172,2023,인천광역시서구시설관리공단,196.11,49.01,104.04,0.0,0.0,0.0,0.0,19.55,39.71,100.0,100.0,100.0
173,2023,인천광역시계양구시설관리공단,212.26,54.51,83.44,0.0,0.0,0.0,0.0,14.34,26.69,100.0,0.0,0.0
174,2023,인천광역시부평구시설관리공단,166.81,40.05,149.68,0.0,0.0,0.0,0.0,22.0,56.98,100.0,100.0,100.0
175,2023,남동구도시관리공단,188.41,47.03,111.65,0.0,0.0,0.0,0.0,18.85,38.2,100.0,100.0,100.0
176,2023,인천광역시미추홀구시설관리공단,205.71,53.0,88.66,0.0,0.0,0.0,0.0,17.23,32.96,100.0,100.0,100.0
177,2023,인천시설공단,112.43,35.25,183.65,0.0,0.0,0.0,0.0,4.7,11.97,100.0,100.0,100.0
178,2023,부산시설공단,127.05,8.63,1059.35,-0.3,-9.89,0.55,-0.85,3.25,28.06,99.7,99.7,100.55
179,2023,중랑구시설관리공단,167.98,39.49,153.22,0.0,0.0,0.0,0.0,15.14,42.4,100.0,100.0,100.0
180,2023,종로구시설관리공단,167.62,42.46,135.53,0.0,0.0,0.0,0.0,9.02,20.8,100.0,100.0,100.0
181,2023,용산구시설관리공단,154.16,35.11,184.83,0.0,0.0,0.0,0.0,14.91,42.41,100.0,100.0,100.0
182,2023,영등포구시설관리공단,209.35,61.11,63.63,0.0,0.0,0.0,0.0,6.23,10.17,100.0,100.0,100.0
183,2023,양천구시설관리공단,164.64,56.19,77.98,0.0,0.0,0.0,0.0,10.82,18.61,96.54,100.0,100.0
184,2023,송파구시설관리공단,54.25,66.7,49.93,0.0,0.0,0.0,0.0,5.24,8.03,100.0,100.0,100.0
185,2023,성북구도시관리공단,119.68,17.98,481.37,0.0,0.0,0.0,0.0,11.14,61.96,100.0,100.0,100.0
186,2023,성동구도시관리공단,163.2,42.89,133.13,0.0,0.0,0.42,0.0,13.02,36.57,100.0,100.0,100.0
187,2023,서대문구도시관리공단,122.6,34.38,190.86,0.0,0.0,0.0,0.0,9.75,24.97,100.0,100.0,100.0
188,2023,마포구시설관리공단,165.38,29.62,237.65,0.0,0.0,9.1,0.0,8.38,29.2,100.0,100.0,110.01
189,2023,동작구시설관리공단,145.1,41.1,143.4,0.0,0.0,0.0,0.0,737.9,1796.0,100.0,100.0,100.0
190,2023,동대문구시설관리공단,220.0,54.8,82.4,0.0,0.0,0.0,0.0,12.13,23.63,100.0,100.0,100.0
191,2023,도봉구시설관리공단,139.67,28.52,250.59,0.0,0.0,0.0,0.0,0.0,0.0,100.0,100.0,0.0
192,2023,금천구시설관리공단,174.5,44.44,125.03,0.0,0.0,0.0,0.0,14.06,31.27,100.0,100.0,100.0
193,2023,구로구시설관리공단,109.0,17.0,470.0,0.0,0.0,0.0,0.0,6.0,27.0,100.0,100.0,0.0
194,2023,광진구시설관리공단,145.27,31.16,220.88,0.0,0.0,0.0,0.0,26.79,67.16,100.0,100.0,100.0
195,2023,강서구시설관리공단,153.59,35.26,183.64,0.0,0.0,0.0,0.0,13.89,5.07,87.37,87.37,85.97
196,2023,강북구도시관리공단,108.9,15.75,534.72,0.0,0.0,0.0,0.0,12.57,75.32,100.0,100.0,100.0
197,2023,강동구도시관리공단,171.31,40.67,145.86,0.0,0.0,0.0,0.0,11.18,32.24,100.0,100.0,100.0
198,2023,강남구도시관리공단,125.93,47.35,111.18,0.0,0.0,0.0,0.0,12.57,29.21,100.0,100.0,100.0
199,2023,서울시설공단,202.9,10.6,844.5,0.0,0.0,-1.6,0.0,1.6,13.6,100.0,100.0,98.44
200,2023,창녕군시설관리공단,102.27,13.35,649.25,0.0,0.0,-1.02,0.0,6.82,53.23,100.0,100.0,98.99
201,2023,청도공영사업공사,246.17,48.0,53.96,2.5,20.39,-21.68,12.99,5.2,8.16,102.05,102.05,82.18
202,2023,하남도시공사,259.26,52.45,90.64,44.09,9.73,47.77,4.97,0.11,0.22,167.06,206.68,191.47
203,2023,용인도시공사,317.78,37.78,164.7,9.15,2.86,-5.09,1.21,0.13,0.31,108.52,109.72,95.15
204,2023,경기평택항만공사,175.52,88.32,13.22,8.93,1.12,7.83,0.99,0.11,0.13,109.52,111.28,108.5
205,2023,광주도시관리공사,405.84,73.37,36.3,4.25,5.71,1.46,4.03,0.95,1.34,104.33,103.9,101.48
206,2023,경기관광공사,315.39,96.86,3.24,0.24,0.08,1.72,0.08,0.31,0.32,99.76,99.76,98.31
207,2023,구리농수산물공사,3528.8,93.64,6.79,16.13,1.19,8.57,1.11,0.07,0.07,116.71,121.8,109.38
208,2023,광주광역시 관광공사,137.0,96.91,3.19,-9.2,-1.64,-23.81,-1.6,0.17,0.18,92.57,92.57,80.77
209,2023,서울특별시농수산식품공사,208.29,83.16,20.24,7.12,0.68,7.87,0.57,0.08,0.1,106.79,108.52,128.11
210,2023,제주특별자치도개발공사,487.93,75.13,33.11,20.26,11.78,23.32,8.93,0.44,0.58,123.77,131.72,130.4
211,2023,경남개발공사,197.8,38.5,159.7,6.3,1.6,0.1,0.6,24.9,9.5,106.1,107.9,100.1
212,2023,경상북도개발공사,477.93,69.62,43.61,15.7,2.67,21.03,1.92,12.27,17.02,117.65,124.03,126.63
213,2023,전남개발공사,367.44,67.91,47.26,31.85,7.67,32.85,5.05,0.16,0.24,139.42,155.41,148.91
214,2023,전북개발공사,771.72,41.32,142.02,-2.45,-0.58,-8.99,-0.48,0.1,0.24,97.83,98.53,91.75
215,2023,충북개발공사,286.81,36.9,171.03,12.64,3.89,11.16,1.48,0.12,0.31,113.63,118.18,112.57
216,2023,강원개발공사,122.61,12.4,706.45,7.33,9.43,3.22,1.17,0.16,1.29,107.24,107.33,103.33
217,2023,경기주택도시공사,215.16,27.97,257.53,18.52,4.93,21.5,1.49,0.08,0.27,121.5,129.53,127.39
218,2023,대전도시공사,299.12,50.88,96.53,6.08,5.1,7.05,2.45,0.4,0.84,106.35,108.24,107.59
219,2023,광주광역시도시공사,251.38,29.31,241.14,14.59,6.08,16.72,1.85,0.13,0.42,116.21,121.39,120.08
220,2023,인천도시공사,214.8,33.94,194.61,11.08,3.8,24.45,1.28,0.12,0.34,111.91,118.03,139.62
221,2023,대구도시개발공사,262.9,43.45,130.13,22.65,7.97,26.69,3.38,14.92,35.21,128.14,139.95,136.41
222,2023,부산도시공사,725.13,64.03,56.19,12.14,3.56,12.57,2.25,0.19,0.29,113.09,117.43,114.37
223,2023,서울주택도시개발공사,207.16,35.94,178.27,8.22,1.08,4.24,0.38,0.05,0.13,107.95,110.92,104.43
224,2023,대전교통공사,195.86,96.43,3.7,-32.25,-1.58,-116.12,-1.53,0.05,0.05,85.08,85.08,46.27
225,2023,광주교통공사,287.5,94.97,5.3,-128.77,-3.26,-348.6,-3.11,0.02,0.03,71.97,71.97,22.29
226,2023,인천교통공사,147.31,90.99,9.9,-62.97,-4.18,-104.66,-3.83,6.08,6.64,69.65,69.65,48.86
227,2023,대구교통공사,56.0,83.93,19.15,-91.16,-4.73,-169.04,-3.99,0.04,0.05,66.56,66.56,37.17
228,2023,부산교통공사,-3.72,58.82,70.0,-129.3,-14.13,-189.25,-8.77,0.07,0.11,58.82,58.82,34.57
229,2023,진주시공영개발,0.0,100.0,0.0,71.54,2.91,-1.31,2.91,4.07,4.07,169.59,169.59,98.71
230,2023,창원시주택건설사업,-11127.5,49.31,102.79,-148.44,-7.92,-150.56,-3.97,0.03,0.05,43.34,43.34,39.91
231,2023,광양시공영개발,0.0,100.0,0.0,88.08,5.64,82.82,5.64,0.06,0.06,612.56,612.56,581.93
232,2023,순천시공영개발,645627.68,100.0,0.0,0.0,1.53,0.0,1.53,0.0,0.0,429.98,429.98,0.0
233,2023,목포시공영개발,50895.96,99.82,0.18,-44.28,-321.0,-76.53,-0.2,0.01,0.01,74.92,74.92,56.65
234,2023,익산시공영개발,231.65,84.74,18.01,-170.55,-0.45,-221.57,-0.38,0.002,0.003,46.96,46.96,31.1
235,2023,계룡시공영개발,690.15,87.07,14.85,61.47,5.24,-7.91,3.46,0.05,0.06,156.97,156.97,93.62
236,2023,세종특별자치시공영개발,610.35,93.24,7.25,-2262.47,-0.16,-19337.63,-0.15,0.0,0.0,89.08,89.08,0.51
237,2023,아산시공영개발,0.0,100.0,0.0,-232.62,-2.19,-1793.22,-2.19,0.009,0.0,87.71,87.71,5.28
238,2023,천안시공영개발,0.0,100.0,0.0,0.0,1.72,0.0,1.72,0.0,0.0,498.8,0.0,457.6
239,2023,음성군공영개발,85871.36,84.34,18.57,1.48,0.36,-0.98,0.31,0.21,0.24,101.43,101.43,99.03
240,2023,충주시공영개발,1.15656187826E11,100.0,0.0,15.68,3.05,13.86,3.05,0.19,0.19,118.21,118.21,116.09
241,2023,강릉시공영개발,1017.81,96.63,3.49,-23.0,-0.69,-38.92,-0.66,0.03,0.03,84.99,84.99,71.98
242,2023,원주시공영개발,343.31,80.3,24.53,436.92,0.83,-27.89,0.66,0.0,0.0,441.65,441.65,78.19
243,2023,춘천시공영개발,214415.46,100.0,0.0,43500.98,5.16,-66.03,5.16,0.0,0.0,26301.43,26301.43,60.23
244,2023,경기도판교테크노밸리조성사업,667565.0,99.9,0.004,204.2,2.1,203.0,2.1,0.01,0.01,54.7,73.9,35.0
245,2023,안성시공영개발,0.0,99.83,0.17,0.0,1.68,0.0,1.68,0.0,0.0,419.39,419.39,0.0
246,2023,의왕시공영개발,5753.9,98.61,1.41,0.0,-1.58,0.0,-1.57,0.0,0.0,26.02,26.02,0.0
247,2023,시흥시공영개발,354.23,85.01,17.63,13.95,2.02,2.97,1.62,0.12,0.15,114.38,114.38,103.06
248,2023,의정부시공영개발,0.0,100.0,0.0,796.51,7.32,41.86,7.32,0.01,0.01,321.49,321.49,172.0
249,2023,성남시공영개발,142718.1,93.6,6.84,-1.09,-0.01,-3.54,-0.65,0.01,0.01,75.9,75.9,22.01
250,2023,제주특별자치도하수도,168.43,66.85,49.6,-164.35,-12.4,-169.83,-8.19,0.05,0.08,43.62,43.62,37.06
251,2023,창녕군하수도,0.0,100.0,0.0,-506.9,-3.05,-988.25,-3.05,0.01,0.01,53.42,53.42,9.19
252,2023,양산시하수도,0.0,88.02,13.62,-45.24,-3.1,-69.16,-2.71,0.06,0.07,74.75,74.75,59.11
253,2023,밀양시하수도,441215.66,100.0,0.0,-73.84,-1.42,-175.14,-1.42,0.02,0.02,73.16,73.16,36.34
254,2023,통영시하수도,7.32,44.49,124.76,-362.48,-24.12,-379.58,-10.67,0.03,0.07,34.98,34.98,20.85
255,2023,거창군하수도,189.66,89.92,11.21,-295.97,-2.28,-963.29,-2.04,0.01,0.01,73.84,73.84,9.4
256,2023,사천시하수도,0.0,100.0,0.0,-97.17,-4.33,-122.48,-4.33,0.04,0.04,56.33,56.33,44.95
257,2023,김해시하수도,655.83,83.74,19.41,-30.53,-2.42,-38.09,-1.99,0.07,0.08,79.36,79.36,72.42
258,2023,진주시하수도,217.99,79.55,25.71,-185.35,-8.56,-185.37,-6.75,0.04,0.05,39.06,39.06,35.04
259,2023,창원시하수도,-31248.0,89.92,11.21,-33.16,-3.59,-53.73,-3.22,0.1,0.11,78.83,78.83,65.05
260,2023,영주시하수도,60.8,49.3,103.0,-566.9,-18.5,-744.5,-8.9,0.02,0.03,39.6,39.6,11.8
261,2023,상주시하수도,216.68,41.02,143.81,-959.2,-47.71,-934.46,-17.84,0.02,0.05,16.01,16.01,9.67
262,2023,경산시하수도,0.0,100.0,0.0,-61.71,-4.18,-90.76,-4.18,0.07,0.07,67.66,67.66,52.42
263,2023,영천시하수도,0.0,100.0,0.0,229.9,-3.67,-416.09,-3.67,0.02,0.02,55.47,55.47,19.38
264,2023,안동시하수도,140343.78,99.99,0.01,-227.77,-6.32,-282.54,-6.32,0.03,0.03,40.48,40.48,26.14
265,2023,구미시하수도,250317.71,85.69,10.51,-55.34,-4.68,-8.99,-4.23,0.08,0.08,69.64,69.64,55.25
266,2023,경주시하수도,191.62,72.4,38.12,-215.87,-11.17,-349.71,-8.05,0.04,0.05,54.33,54.33,22.24
267,2023,영암군하수도,0.0,100.0,0.0,-192.66,-4.05,-304.31,-4.05,0.02,0.02,52.37,52.37,24.73
268,2023,나주시하수도,226.11,85.55,16.88,-442.54,-5.58,-740.96,-4.72,0.01,0.01,52.65,52.65,11.89
269,2023,순천시하수도,372.67,87.48,14.31,-108.2,-6.33,-109.48,-5.5,0.06,0.05,50.59,50.59,47.74
270,2023,목포시하수도,352.87,83.76,19.38,-119.46,-5.88,-110.78,-4.86,0.04,0.05,49.28,49.28,47.44
271,2023,정읍시하수도,29668.54,89.39,11.87,-135.12,-9.0,-211.04,-8.01,0.06,0.07,56.56,56.56,32.21
272,2023,익산시하수도,303.33,79.4,25.95,-133.06,-8.52,-169.26,-6.72,0.05,0.06,55.67,55.67,39.54
273,2023,완주군하수도,0.0,100.0,0.0,-6.9,-0.93,-13.28,-0.93,0.14,0.14,95.12,95.12,90.61
274,2023,전주시하수도,568.33,90350.0,10.49,-21.94,-22.59,-2.33,-2.09,0.1,0.09,81.88,81.88,82.01
275,2023,서산시하수도,212.34,84.44,18.42,-200.33,-8.18,-218.58,-6.93,0.03,0.04,40.77,40.77,31.39
276,2023,아산시하수도,303.14,92.6,7.99,52.33,2.06,179.05,0.0,0.04,0.04,81.58,81.58,35.84
277,2023,천안시하수도,743.11,86.84,15.16,-69.53,-5.98,-71.6,-5.16,0.07,0.09,60.91,60.91,58.27
278,2023,공주시하수도,306658.78,99.97,0.03,-351.6,-4.65,-694.48,-4.65,0.01,0.01,55.74,55.74,12.59
279,2023,청주시하수도,3093.79,98.38,1.65,6.48,0.76,-2.66,0.76,0.12,0.12,106.21,106.43,97.41
280,2023,속초시하수도,77625.18,96.83,3.27,-54.46,-3.7,-86.11,-3.58,0.07,0.07,72.09,72.09,55.73
281,2023,춘천시하수도,483.75,86.17,16.05,-181.17,-6.08,-246.13,-5.2,0.03,0.03,50.13,50.13,28.89
282,2023,가평군하수도,43526.79,99.97,0.03,-241.62,-4.46,-377.11,-4.46,0.02,0.02,49.53,49.53,20.96
283,2023,김포시하수도,391.51,72.38,38.15,-87.6,-8.69,-86.97,-6.12,0.07,0.1,55.79,55.79,53.49
284,2023,안양시하수도,15793.13,98.88,1.14,-44.4,-3.21,-51.42,-3.18,0.07,0.07,70.78,70.78,66.04
285,2023,평택시하수도,359.44,87.01,10.24,-82.25,-4.54,-89.08,-4.1,0.05,0.06,58.37,58.37,52.89
286,2023,광주시하수도,5580.51,99.62,0.38,-37.03,-2.27,-100.68,-2.27,0.06,0.06,81.57,81.57,49.83
287,2023,안성시하수도,907.73,89.22,12.08,-114.02,-3.87,-196.25,-3.43,0.03,0.03,63.44,63.44,33.75
288,2023,남양주시하수도,134729.62,99.93,0.007,59.38,4.32,113.94,4.32,0.07,0.07,72.26,72.26,46.74
289,2023,의왕시하수도,151657.35,99.59,0.41,-13.78,-1.59,-18.38,-1.58,0.11,0.12,88.47,88.47,84.47
290,2023,용인시하수도,511.95,91.71,9.04,-75.79,-4.51,-101.05,-4.12,0.05,0.06,63.37,63.37,49.74
291,2023,군포시하수도,19062.25,99.82,0.18,-58.08,-8.21,-68.9,-8.2,0.14,0.14,65.76,65.76,59.21
292,2023,여주시하수도,122583.4,100.0,0.0,222.82,-2.92,-1216.35,-2.91,0.01,0.01,83.14,83.14,7.6
293,2023,오산시하수도,134768.36,99.98,0.02,-40.64,-3.8,-47.33,-3.8,0.09,0.09,72.42,72.42,67.88
294,2023,포천시하수도,4991.83,99.94,0.06,-185.65,-4.26,-297.99,-4.25,0.02,0.02,54.48,54.48,25.13
295,2023,시흥시하수도,70.17,88.44,13.07,12.95,1.38,-16.32,-1.22,0.09,0.11,89.2,89.2,85.97
296,2023,구리시하수도,151910.17,99.87,0.13,-19.32,-1.19,-81.43,-1.19,0.06,0.06,89.4,89.4,55.12
297,2023,성남시하수도,48610.28,99.6,0.4,-24.01,-2.93,-27.0,-2.92,0.12,0.12,81.18,81.18,78.74
298,2023,과천시하수도,25782.87,99.22,0.78,27.74,4.5,-44.65,4.08,0.15,0.16,119.18,119.18,69.13
299,2023,안산시하수도,116428.06,99.76,0.24,-15.16,-1.89,-19.59,-1.89,0.12,0.12,87.51,87.51,83.62
300,2023,부천시하수도,586740.41,99.92,0.08,15.69,1.25,-1.64,1.25,0.08,0.08,115.03,115.03,98.38
301,2023,광명시하수도,2605.95,95.41,4.82,-58.46,-11.73,-61.3,-11.41,0.2,0.2,63.88,63.88,62.0
302,2023,의정부시하수도,6179.0,100.0,0.0,-73.28,-5.75,-79.59,-5.75,0.08,0.08,59.24,59.24,55.68
303,2023,수원시하수도,92657.8,99.81,0.19,-18.32,-1.57,-33.79,-1.56,0.09,0.09,86.65,86.65,74.74
304,2023,울산광역시하수도,389.6,87.0,14.9,-4.9,-0.8,-12.7,-0.7,0.145,0.167,95.7,95.7,88.7
305,2023,대전광역시하수도,627.54,80.96,23.51,-14.51,-2.21,-13.57,-1.79,0.12,0.15,87.7,87.7,88.05
306,2023,인천광역시하수도,621.52,95.4,4.83,0.0,0.0,0.0,0.0,0.15,0.16,84.72,84.72,83.58
307,2023,대구광역시하수도,0.0,87.94,13.71,-4.8,-0.42,-24.53,-0.37,0.08,0.09,96.14,96.14,80.3
308,2023,부산광역시하수도,572.89,84.78,17.95,-33.48,-3.26,-28.7,-2.75,0.08,0.1,75.55,75.55,77.7
309,2023,제주특별자치도상수도,269.33,86.27,15.92,-7.06,-0.75,-10.6,-0.65,0.09,0.11,94.3,94.3,90.38
310,2023,거창군상수도,81138.88,99.97,0.03,-66.31,-2.39,-95.79,-2.39,0.04,0.04,67.22,67.22,51.17
311,2023,창녕군상수도,0.0,99.58,0.42,-59.86,-4.77,-76.92,-4.75,0.08,0.08,66.98,66.98,56.54
312,2023,양산시상수도,8490.84,99.81,0.19,-11.25,-1.49,-13.82,-1.48,0.13,0.13,90.44,90.44,87.83
313,2023,거제시상수도,0.0,100.0,0.0,-28.25,-2.94,-41.92,-2.86,0.1,0.1,80.86,80.86,70.56
314,2023,밀양시상수도,83249.84,99.59,0.41,-72.08,-4.06,-79.64,-4.04,0.06,0.06,59.91,59.91,53.82
315,2023,김해시상수도,87538.87,99.99,0.01,10.57,1.08,5.5,1.08,0.1,0.1,110.97,110.97,105.74
316,2023,사천시상수도,0.0,100.0,0.0,-14.24,-1.75,-22.67,-1.75,0.12,0.12,88.74,88.74,81.4
317,2023,통영시상수도,0.0,100.0,0.0,3.45,0.71,-2.81,0.71,0.21,0.21,103.28,103.28,97.03
318,2023,진주시상수도,11512.0,99.78,0.22,12.74,1.18,16.78,1.18,0.09,0.09,89.42,89.42,85.99
319,2023,창원시상수도,9943.72,99.59,0.42,-23.21,-2.71,-29.8,-2.7,0.12,0.12,82.36,82.36,76.97
320,2023,경산시상수도,9167.11,98.1,1.94,-24.61,-2.39,-31.83,-2.35,0.1,0.1,81.95,81.95,76.87
321,2023,문경시상수도,0.0,99.73,0.27,-39.59,-1.71,-67.52,-1.7,0.04,0.04,76.96,76.96,59.91
322,2023,상주시상수도,340874.93,99.94,0.06,-72.02,-1.99,-79.37,-1.99,0.03,0.03,60.88,60.88,55.72
323,2023,칠곡군상수도,0.0,100.0,0.0,23.82,2.19,-59.66,2.19,0.09,0.09,114.33,114.33,62.62
324,2023,울진군상수도,263.1,97.66,2.4,-97.99,-2.01,-202.22,-1.98,0.02,0.02,76.77,76.77,33.98
325,2023,영천시상수도,4890.86,99.91,0.09,-89.92,-3.67,-111.78,-3.66,0.04,0.04,59.29,59.29,47.37
326,2023,영주시상수도,21715.0,99.32,0.68,-55.47,-2.65,-60.09,-2.63,0.05,0.05,66.14,66.14,62.51
327,2023,구미시상수도,9882.35,97.32,1.37,9.66,2.15,2.42,2.12,0.22,0.22,109.66,109.66,102.61
328,2023,안동시상수도,33105.36,99.95,0.05,-5.3,-0.29,-19.89,-0.29,0.05,0.05,95.72,95.72,83.28
329,2023,김천시상수도,25475.42,99.94,0.06,-12.35,-0.78,-35.28,-0.78,0.06,0.06,91.28,91.28,73.71
330,2023,경주시상수도,9866.04,99.89,0.11,-6.08,-0.81,-12.77,-0.81,0.13,0.13,94.84,94.84,88.45
331,2023,포항시상수도,10178.2,99.4,0.6,7.3,1.1,-28.6,1.1,0.1,0.1,105.5,105.5,77.6
332,2023,영암군상수도,0.0,99.99,0.01,-31.91,-1.89,-79.67,-1.89,0.06,0.06,82.63,82.63,55.62
333,2023,광양시상수도,1693.83,99.66,0.34,-6.15,-0.52,-8.13,-0.52,0.08,0.08,94.63,94.63,93.58
334,2023,나주시상수도,166426.38,92.98,7.55,-37.24,-2.79,-57.43,-2.59,0.07,0.07,77.91,77.91,63.53
335,2023,순천시상수도,23954.78,99.97,0.03,11.65,1.06,4.18,1.06,0.09,0.09,111.8,111.8,105.77
336,2023,여수시상수도,65537.02,99.79,0.21,-25.21,-2.21,-28.54,-2.2,0.09,0.09,81.46,81.46,77.85
337,2023,목포시상수도,18198.79,99.62,0.38,-24.18,-2.64,-30.49,-2.63,0.11,0.11,81.94,81.94,76.57
338,2023,고창군상수도,2097.52,99.89,0.06,-18.86,-0.98,-119.16,-98.0,0.05,0.05,91.69,91.69,46.81
339,2023,완주군상수도,25941.0,99.83,0.17,14.58,2.87,8.91,2.87,0.2,0.2,115.51,115.51,109.6
340,2023,김제시상수도,9714.7,99.4,0.61,-36.2,-3.0,-44.2,-3.0,0.1,0.1,75.7,75.7,69.4
341,2023,남원시상수도,492.48,97.55,2.51,-83.65,-3.76,-96.26,-3.7,0.04,0.04,58.61,58.61,52.04
342,2023,정읍시상수도,879.5,94.03,6.35,-19.97,-2.93,-51.3,-2.71,0.14,0.15,87.11,87.11,66.06
343,2023,익산시상수도,1187608.39,0.16,0.21,-22.44,-3.5,-29.21,-3.49,0.16,0.16,83.24,83.24,78.15
344,2023,군산시상수도,32148.27,99.77,0.23,8.44,1.38,2.39,1.38,0.163,0.164,108.46,108.46,102.44
345,2023,전주시상수도,832.05,97.45,2.62,0.96,0.17,-2.1,0.17,0.18,0.18,100.91,100.91,98.38
346,2023,홍성군상수도,1215.09,99.69,0.31,-41.5,-3.56,-42.89,-3.56,0.09,0.09,71.98,71.98,69.82
347,2023,당진시상수도,36936.78,99.64,0.37,5.86,0.73,-0.74,0.73,0.12,0.12,105.62,105.62,99.57
348,2023,예산군상수도,0.0,100.0,0.0,13.56,1.74,11.65,1.74,0.13,0.13,113.29,113.29,109.65
349,2023,논산시상수도,2641.85,99.88,0.12,1240.7405,-1.04,-40.05,-1.04,0.08,0.08,91.42,91.42,71.19
350,2023,서산시상수도,7989.0,99.91,0.09,-13.18,-1.47,-20.02,-1.47,0.11,0.11,89.57,89.57,84.13
351,2023,아산시상수도,4252.0,99.84,0.16,12.34,2.03,9.56,2.03,0.16,0.16,113.11,113.11,110.55
352,2023,보령시상수도,12207.45,99.9,0.1,-29.26,-1.63,-40.98,-1.62,0.06,0.06,80.32,80.32,71.69
353,2023,공주시상수도,18220.83,99.39,0.61,-5.66,-0.4,-51.67,-0.4,0.07,0.07,96.47,96.47,65.78
354,2023,천안시상수도,2913.21,99.45,0.55,-18.15,-2.58,-22.76,-2.56,0.14,0.14,85.79,85.79,81.65
355,2023,옥천군상수도,5009.86,99.9,0.1,-95.07,-3.16,-99.23,-3.16,3.32,3.32,54.86,54.86,50.07
356,2023,제천시상수도,40433.0,99.63,0.37,-2.69,-0.22,-7.97,-0.22,0.08,0.08,97.95,97.95,82.98
357,2023,충주시상수도,20188.37,96.86,3.24,1.43,0.13,2.68,0.13,0.09,0.09,101.3,101.3,92.07
358,2023,청주시상수도,6360.08,99.36,0.64,16.99,2.6,12.17,2.58,15.17,15.27,118.76,118.76,113.68
359,2023,고성군상수도,32.2,90.57,10.41,-77.56,-3.62,-86.07,-3.28,4.23,4.67,61.95,61.95,53.74
360,2023,철원군상수도,690.66,99.39,0.62,-74.77,-3.52,-77.91,-3.5,0.05,0.05,61.09,61.09,55.68
361,2023,정선군상수도,0.0,100.0,0.0,-57.13,-3.78,-84.15,-3.78,0.07,0.07,69.59,69.59,54.43
362,2023,홍천군상수도,12367.71,99.92,0.08,-76.33,-3.1,-89.04,-3.1,0.04,0.04,61.39,61.39,52.86
363,2023,삼척시상수도,82218.24,99.85,0.16,-72.0,-3.68,-75.17,-3.68,0.05,0.05,59.88,58.13,57.19
364,2023,속초시상수도,120775.77,99.68,0.32,12.99,1.19,7.94,1.19,0.09,0.09,113.32,113.32,108.14
365,2023,태백시상수도,11925.98,99.85,0.15,-49.72,-1.82,-190.1,-1.82,3.66,3.67,83.3,87.43,34.54
366,2023,동해시상수도,1778.53,99.07,0.94,-32.62,-3.65,-32.63,-3.61,0.11,0.11,76.12,76.12,74.25
367,2023,강릉시상수도,6726.66,99.65,0.35,9.07,0.98,8.82,0.97,0.11,0.11,109.07,109.07,109.62
368,2023,원주시상수도,2368.76,99.67,0.33,12.58,1.71,3.57,1.7,0.14,0.14,112.18,112.18,103.79
369,2023,춘천시상수도,22991.14,98.19,1.84,-22.62,-1.53,-38.84,-1.5,0.07,0.07,84.83,84.83,71.93
370,2023,인제군상수도,289.07,97.88,2.16,-52.28,-1.51,-110.19,-1.48,2.83,2.89,75.66,75.66,47.51
371,2023,평창군상수도,118882.0,100.0,0.0,-180.86,-3.95,-193.33,-3.95,0.02,0.02,40.46,40.46,34.36
372,2023,영월군상수도,29668.75,99.96,0.04,-141.48,-3.01,-239.86,-3.01,0.02,0.02,59.95,59.95,29.33
373,2023,가평군상수도,15930.71,99.18,0.82,-50.37,-2.63,-56.51,-2.61,0.05,0.05,70.15,70.15,63.87
374,2023,여주시상수도,531.47,99.21,0.8,-48.82,-2.23,-50.21,-2.22,0.05,0.05,70.81,70.81,65.3
375,2023,양평군상수도,7921.3,99.74,0.26,10.6,0.49,-10.17,0.48,0.05,0.05,107.89,107.89,90.11
376,2023,포천시상수도,453.33,97.2,2.88,-41.88,-3.59,-50.07,-3.52,0.08,0.09,73.95,73.95,67.31
377,2023,안성시상수도,3155.37,99.54,0.46,-12.95,-135.0,-24.37,-1.35,0.1,0.1,90.43,90.43,80.49
378,2023,연천군상수도,6213.0,99.91,0.09,-18.65,-0.94,-28.76,-0.94,0.05,0.05,86.07,86.07,80.52
379,2023,광주시상수도,153971.25,99.99,0.01,-18.54,-1.1,-38.83,-1.1,0.06,0.06,87.98,87.98,71.98
380,2023,화성시상수도,4992.27,99.76,0.24,-2.29,-0.3,-7.19,-0.29,0.13,0.13,98.01,98.01,93.47
381,2023,이천시상수도,24011.9,99.73,0.27,11.78,1.08,3.85,1.08,0.09,0.09,110.85,110.85,103.55
382,2023,파주시상수도,102462.79,99.97,0.03,4.88,0.66,-0.92,0.66,0.14,0.14,104.82,10.482,99.08
383,2023,용인시상수도,806.06,99.12,0.89,-21.15,-2.6,-24.54,-2.58,0.12,0.12,84.36,84.36,80.32
384,2023,하남시상수도,18682.67,99.88,0.12,7.59,0.73,-5.28,0.73,0.1,0.1,106.73,106.73,94.65
385,2023,양주시상수도,57219.44,99.99,0.01,-5.37,-0.65,-6.22,-0.65,0.12,0.12,95.24,95.24,94.14
386,2023,의왕시상수도,15467.86,99.79,0.21,7.63,0.97,1.91,0.97,0.13,0.13,107.6,107.6,101.99
387,2023,군포시상수도,4619.65,99.43,0.57,-8.59,-0.93,-17.17,-0.93,0.11,0.11,92.75,92.75,85.33
388,2023,시흥시상수도,11807.67,99.78,0.22,-2.16,-0.34,-7.79,-0.34,0.16,0.16,98.04,98.04,92.86
389,2023,오산시상수도,450.58,96.95,3.15,-8.71,-1.5,-12.91,-1.48,0.17,0.17,92.66,92.66,88.37
390,2023,남양주시상수도,19648.69,99.74,0.26,-13.59,-2.05,-18.17,-2.04,0.15,0.15,88.55,88.55,84.61
391,2023,평택시상수도,5235.56,98.66,0.42,-5.17,-0.5,-7.47,-0.5,0.1,0.1,95.49,95.49,93.34
392,2023,김포시상수도,29773.64,99.98,0.02,-7.76,-0.63,-10.43,-0.63,0.08,0.08,93.38,93.38,90.93
393,2023,구리시상수도,13605.59,99.56,0.44,-50.08,-5.45,-60.64,-5.42,0.11,0.11,69.48,69.48,62.16
394,2023,과천시상수도,6632.37,99.8,0.2,-15.08,-1.66,-19.12,-1.65,0.11,0.11,88.2,88.2,84.2
395,2023,고양시상수도,854.0,98.91,1.1,-9.1,-2.29,-16.65,-2.26,0.25,0.25,92.5,92.5,85.44
396,2023,안산시상수도,20287.99,99.67,0.33,-16.72,-2.94,-19.59,-2.92,0.17,0.18,86.34,86.34,83.69
397,2023,동두천시상수도,2330.72,83.42,19.87,-44.69,-4.85,-52.02,-4.07,0.09,0.11,71.0,71.0,66.0
398,2023,광명시상수도,1402.04,97.54,2.52,25.39,4.39,20.69,4.28,0.17,0.17,131.2,131.2,125.95
399,2023,부천시상수도,3115.55,98.81,1.2,2.83,0.36,-19.59,0.35,0.13,0.12,102.33,102.33,83.56
400,2023,안양시상수도,12878.71,99.8,0.2,8.43,0.88,2.69,0.88,0.1,0.1,108.3,108.3,102.76
401,2023,의정부시상수도,401671.0,100.0,0.0,-14.72,-3.4,-21.46,-3.39,0.23,0.23,88.09,88.09,93.76
402,2023,성남시상수도,2356.25,99.33,0.68,19.77,2.2,-20.44,2.19,0.11,0.11,116.1,116.1,82.94
403,2023,수원시상수도,4116.41,99.66,0.34,-14.05,-2.62,-17.71,-2.61,0.19,0.19,88.39,88.39,84.97
404,2023,울산광역시상수도,919.0,96.5,3.7,9.0,1.3,-9.9,1.2,0.14,0.14,107.8,107.8,93.2
405,2023,대전광역시상수도,1359.96,96.44,3.69,-4.72,-0.16,-8.77,-0.15,0.03,0.03,95.79,95.79,92.19
406,2023,광주광역시상수도,808.37,98.51,1.51,-30.05,-3.46,-34.85,-3.41,0.11,0.12,78.91,78.91,75.33
407,2023,인천광역시상수도,1516.52,81.06,5.96,-26.17,-3.3,-30.1,-3.15,0.12,0.13,80.67,80.67,76.57
408,2023,대구광역시상수도,928.81,94.73,5.56,-7.68,-1.14,-10.46,-1.08,0.14,0.15,93.36,93.93,90.32
409,2023,부산광역시상수도,1057.5,99.1,0.91,-11.93,-1.6,-15.71,-1.58,0.13,0.13,90.37,90.37,87.31
410,2023,서울특별시상수도,847.81,97.25,2.82,3.87,0.62,-2.78,0.61,0.16,0.16,103.66,103.66,98.39
1,2024,안양시공영개발,69159.0,23.3,329.2,0.0,0.25,0.0,0.06,0.0,0.0,109.18,109.18,0.0
2,2024,문경관광공사,134.82,25.83,287.15,0.0,0.0,0.0,0.0,34.95,135.3,100.0,100.0,100.0
3,2024,완도해양치유관리공단,125.12,20.08,398.07,0.24,9.48,0.22,1.9,7.894,39.315,100.24,100.24,100.22
4,2024,완주군시설관리공단,881.2,96.11,4.05,0.0,15.81,0.0,15.2,0.0,0.0,153.86,153.86,0.0
5,2024,오산도시공사,2037.0,95.2,5.0,1.6,2.8,0.0,2.7,1.7,1.8,101.6,101.6,100.0
6,2024,의정부도시공사,198.64,45.23,121.11,7.96,4.9,5.15,1.86,0.62,0.23,100.76,100.76,100.5
7,2024,진주시시설관리공단,520.0,81.0,24.0,0.0,0.0,0.0,0.0,4.13,3.33,0.0,0.0,100.0
8,2024,동두천시시설관리공단,136.18,26.57,276.46,0.0,0.0,0.0,0.0,7.44,1.98,100.0,100.0,100.0
9,2024,대구농수산물유통관리공사,965.52,99.82,0.18,23.83,0.47,27.19,0.47,0.02,0.02,128.31,133.92,137.34
10,2024,여주도시공사,119.64,17.81,462.93,0.05,0.34,-0.1,0.1,1.87,6.41,100.05,100.06,99.9
11,2024,구미도시공사,543.67,83.54,19.7,-0.44,-1.61,-0.57,-1.2,2.7,3.7,98.46,98.46,99.44
12,2024,태백시시설관리공단,0.0,0.0,0.0,0.0,0.0,0.0,0.0,0.0,0.0,0.0,0.0,0.0
13,2024,천안도시공사,200.0,52.8,89.38,-0.55,-5.77,-0.83,-3.32,6.08,10.56,99.46,99.17,99.17
14,2024,익산시도시관리공단,149.19,32.97,203.3,0.0,0.0,0.0,0.0,14.89,45.15,100.0,100.0,100.0
15,2024,부산광역시남구시설관리공단,97.4,37.58,166.1,0.0,0.0,0.0,0.0,7.3,16.78,100.0,100.0,100.0
16,2024,양주도시공사,1483.16,91.46,9.33,1.86,2.45,-0.7,2.27,1.22,1.32,101.81,101.81,99.31
17,2024,합천군시설관리공단,106.3,8.0,1149.9,0.0,0.0,0.0,0.0,5.38,75.92,100.0,100.0,99.98
18,2024,단양관광공사,886.96,89.01,12.35,1.56,2.64,7.65,5.38,2.9,2.53,102.69,102.16,101.58
19,2024,전남광주통합특별시 서구시설관리공단,121.0,5.63,1676.0,0.0,0.0,0.0,0.0,487.0,10349.0,100.0,100.0,100.0
20,2024,전남광주통합특별시북구시설관리공단,100.0,4.7,2010.4,0.0,0.0,0.0,0.0,10.8,158.6,100.0,100.0,100.0
21,2024,김천시시설관리공단,139.32,30.71,255.66,0.0,0.0,0.0,0.0,20.14,59.34,100.0,100.0,100.0
22,2024,예산군하수도,547063.26,100.0,0.0,549.15,5.0,1045.2,5.0,0.01,0.01,52.05,52.05,8.73
23,2024,평창군시설관리공단,138.99,28.05,256.51,0.0,0.0,0.0,0.0,12.42,39.47,100.0,100.0,100.0
24,2024,금산군하수도,250.61,87.32,14.52,-1351.33,7.61,-2727.47,-6.46,0.0,0.01,53.42,53.42,3.54
25,2024,서울물재생시설공단,103.1,10.8,820.2,0.0,0.0,0.0,0.0,9.6,88.7,100.0,100.0,100.0
26,2024,경기교통공사,113.11,12.68,688.91,19.46,37.45,18.65,6.35,0.33,1.92,123.96,123.96,122.92
27,2024,원주시시설관리공단,116.43,14.07,610.55,0.0,0.0,0.0,0.0,17.38,117.37,100.0,100.0,100.0
28,2024,김포도시공사,587.89,93.69,6.73,3.88,1.21,1.34,1.11,0.29,0.31,103.88,104.92,101.35
29,2024,파주도시공사,704.71,85.46,17.02,2.11,1.96,-2.62,1.64,0.78,0.93,102.05,102.46,97.44
30,2024,영천시시설관리공단,141.68,46.1,116.91,0.0,0.0,0.0,0.0,3.88,9.03,100.0,100.0,100.0
31,2024,과천도시공사,292.78,44.87,122.88,0.22,0.03,0.05,0.01,0.06,0.15,100.22,100.28,100.05
32,2024,울산광역시북구시설관리공단,297.2,66.3,50.7,0.0,0.0,0.0,0.0,45.8,70.39,100.0,100.0,100.0
33,2024,포천도시공사,256.36,61.6,62.33,4.57,2.29,-1.95,1.37,0.3,0.5,105.15,105.15,98.09
34,2024,안양도시공사,172.1,99.49,29.16,3.5,1.18,-0.76,1.03,0.29,0.34,104.39,104.39,99.25
35,2024,예천군하수도,388.84,68.11,46.82,-513.0,-9.07,-976.77,-5.98,0.01,0.02,56.91,56.91,9.29
36,2024,예천군상수도,0.0,99.98,0.0,-93.89,-3.14,-219.25,-3.14,0.03,0.03,71.58,71.58,31.32
37,2024,고성군하수도,0.0,100.0,0.0,-451.99,-3.61,-1096.97,-3.61,0.01,0.01,62.24,62.24,0.0
38,2024,고성군상수도,25.58,89.96,11.17,-5.17,-0.43,-45.31,-0.4,0.08,0.08,96.76,96.76,69.9
39,2024,세종도시교통공사,540.27,86.71,15.32,-2.04,-1.38,-5.85,-1.16,0.59,0.67,98.07,98.26,94.48
40,2024,사천시시설관리공단,120.83,14.28,600.33,0.0,0.0,-0.37,0.0,7.34,50.31,100.0,100.0,99.63
41,2024,제주특별자치도공영버스,793.92,87.69,14.04,-159.97,-9.71,-2238.95,-8.46,0.05,0.06,93.19,93.19,4.28
42,2024,서울특별시하수도,3762.17,99.88,0.12,-8.12,-0.93,-38.65,-0.93,0.11,0.11,94.15,94.15,72.12
43,2024,경주시시설관리공단,132.59,34.41,190.62,0.0,0.0,0.0,0.0,148.3,50.86,100.0,100.0,99.7
44,2024,인천광역시연수구시설안전관리공단,228.9,56.31,77.58,0.0,0.0,0.0,0.0,15.07,32.17,100.0,100.0,100.0
45,2024,서울교통공사,47.84,53.51,86.89,-35.01,-8.38,-45.72,-4.6,0.13,0.24,77.07,77.07,68.63
46,2024,태안군하수도,0.0,100.0,0.0,-855.78,-10.88,-904.73,-10.84,0.01,0.01,18.07,181.07,9.95
47,2024,태안군상수도,1422.06,99.72,0.28,-83.83,-4.2,-94.85,-4.19,0.05,0.05,60.24,60.24,50.83
48,2024,김제시하수도,109.6,72.8,37.4,1217.8,814.4,16.5,11.8,0.02,0.014,41.7,41.7,7.6
49,2024,부여군하수도,219843.21,100.0,0.0,-410.07,-7.88,-412.49,-7.88,0.02,0.02,21.13,21.13,19.51
50,2024,하남시하수도,35597.06,99.91,0.09,-28.87,-2.74,-49.2,-2.74,0.09,0.09,80.65,80.65,67.02
51,2024,서울에너지공사,65.95,33.37,199.67,-9.74,-11.92,-5.28,-4.16,0.43,1.22,91.17,91.17,94.99
52,2024,충주시시설관리공단,24.19,14.69,580.82,0.0,0.0,0.0,0.0,21.8,134.42,100.0,100.0,100.0
53,2024,세종특별자치시시설관리공단,162.3,37.0,170.4,0.0,0.0,0.0,0.0,7.3,20.8,100.0,100.0,100.0
54,2024,밀양시시설관리공단,166.11,28.58,249.92,0.0,0.0,-1.35,0.0,28.67,85.28,100.0,100.0,98.67
55,2024,군산시하수도,323.43,92.16,8.51,-30.02,-2.47,-33.41,-2.45,0.08,0.09,80.24,80.24,68.47
56,2024,홍성군하수도,29.73,64.75,54.45,-465.08,-12.79,-735.37,-8.13,0.02,0.03,49.89,49.89,11.97
57,2024,동해시하수도,1.221448433E7,100.0,0.0,-54.71,-3.38,-61.25,-3.0,0.06,0.06,66.07,66.07,62.02
58,2024,원주시하수도,334.0,86.61,15.47,-114.13,-6.15,-166.14,-5.28,0.05,0.05,59.6,59.6,37.57
59,2024,양주시하수도,698.64,99.2,0.8,-82.17,-4.43,-88.96,-4.41,0.05,0.05,56.94,56.94,52.92
60,2024,서천군상수도,7096.98,98.88,1.13,-74.05,-4.62,-108.28,-4.44,0.06,0.06,64.66,64.66,48.01
61,2024,부여군상수도,748.74,98.96,1.05,-100.63,-4.45,-100.27,-4.41,0.04,0.04,52.48,52.48,49.93
62,2024,금산군상수도,1543.79,99.32,0.68,-10.05,-0.56,-110.76,-0.55,0.05,0.06,95.53,95.53,47.43
63,2024,인천관광공사,184.51,94.14,6.23,3.33,0.78,0.0,0.73,21.91,23.31,102.57,0.0,77.7
64,2024,광명도시공사,486.0,68.0,48.0,45.0,2.0,0.0,1.0,2.0,4.0,137.0,40.0,40.0
65,2024,영덕군하수도,202.23,83.74,19.42,-325.68,-14.47,205.87,-12.11,0.06,0.07,54.1,54.1,23.49
66,2024,문경시하수도,251.5,68.65,45.68,-288.83,-10.0,-503.83,-6.51,0.02,0.03,57.28,57.28,16.56
67,2024,논산시하수도,357.19,96.36,3.77,533.12,247.78,3.7,3.55,0.01,0.01,61.37,61.37,15.79
68,2024,아산시시설관리공단,176.64,43.83,128.14,0.0,0.0,0.0,0.0,17.87,60.97,100.0,100.0,100.0
69,2024,장수한우지방공사,126.25,52.27,91.31,-27.26,-44.48,-26.45,-23.25,0.85,1.63,79.02,79.02,79.08
70,2024,광주광역시광산구시설관리공단,100.0,22.1,352.8,0.0,0.0,0.0,0.0,20.3,142.7,100.0,100.0,100.0
71,2024,대구광역시달성군시설관리공단,66.07,13.99,614.67,0.0,0.0,0.0,0.0,11.53,94.16,100.0,100.0,100.0
72,2024,김해시도시개발공사,711.37,77.01,29.85,-0.69,-0.49,-2.06,-0.38,0.55,0.72,99.35,99.35,97.98
73,2024,합천군상수도,14258.32,0.99,0.9,-116.13,-7.27,-221.01,-7.21,0.06,0.06,64.74,64.74,31.47
74,2024,성남도시개발공사,851.44,86.83,15.16,1.46,1.86,-0.75,1.6,1.12,1.26,101.44,101.78,99.25
75,2024,부여군시설관리공단,223.74,55.31,80.81,0.0,0.0,0.09,0.0,11.31,21.66,100.0,100.0,100.09
76,2024,세종특별자치시하수도,1319.3,99.12,0.89,-110.23,-4.6,-111.7,-4.55,0.04,0.04,48.36,48.36,47.24
77,2024,진천군하수도,612.51,90.64,10.33,-323.24,-4.84,-702.5,-4.33,0.01,0.01,56.91,56.91,12.46
78,2024,진천군상수도,7737.0,99.81,0.19,17.7,3.43,15.59,3.42,0.19,0.19,120.36,120.36,119.01
79,2024,울산광역시중구도시관리공단,265.0,36.0,178.0,0.0,0.0,0.0,0.0,36.0,89.0,100.0,100.0,100.0
80,2024,이천시시설관리공단,156.46,45.34,129.69,0.0,0.0,0.0,0.0,9.23,20.78,100.0,100.0,100.0
81,2024,부산관광공사,501.5,83.8,19.3,5.3,14.8,3.4,12.0,225.0,275.9,105.5,105.5,103.5
82,2024,구리도시공사,762.28,88.77,12.65,52.01,8.96,-2.75,7.99,0.15,0.17,148.63,152.39,97.32
83,2024,경상북도문화관광공사,467.2,87.67,14.06,9.4,0.91,2.76,0.79,0.79,9.6,109.33,48.17,102.84
84,2024,제주에너지공사,445.75,98.3,1.73,-20.13,-1.89,-21.39,-1.83,0.09,0.09,79.14,84.83,82.38
85,2024,광양시하수도,35327.52,99.99,0.01,-153.62,-4.96,-160.03,-4.96,0.03,0.03,40.94,40.94,38.46
86,2024,세종특별자치시상수도,262.81,79.11,26.4,-0.97,-0.12,-0.04,-0.1,0.1,0.13,99.14,99.14,99.46
87,2024,여수시하수도,321.19,90.57,1041.0,-125.28,-6.46,-122.44,-5.81,0.05,0.05,48.76,48.76,47.94
88,2024,옥천군하수도,268.73,94.62,5.69,-563.67,-4.99,-1267.28,-4.7,0.01,0.01,59.46,59.46,7.31
89,2024,남원시하수도,81909.19,99.87,0.13,-86.28,-1.64,-429.29,-1.64,0.02,0.02,84.0,84.0,18.89
90,2024,영광군하수도,917.41,99.54,0.46,-1043.4,-6.12,-1476.62,-6.1,0.01,0.01,33.85,33.85,6.34
91,2024,영광군상수도,10665.71,99.86,0.14,-75.4,-2.82,134.8,-2.82,0.04,0.04,70.05,70.05,42.77
92,2024,거제해양관광개발공사,79.25,84.47,18.39,3.02,2.15,-1.2,1.9,0.63,0.71,102.98,102.98,98.81
93,2024,대전관광공사,272.77,83.72,19.45,11.54,2.97,9.66,2.54,0.22,0.26,112.7,112.7,110.69
94,2024,양평군하수도,57728.41,99.96,0.04,-135.93,3.03,345.58,3.03,0.02,0.02,69.78,69.78,22.44
95,2024,영월군시설관리공단,124.02,19.37,416.39,0.0,0.0,0.0,0.0,15.87,86.75,100.0,100.0,100.0
96,2024,계룡시하수도,218.94,77.65,28.78,-441.08,-17.99,-443.79,-13.5,0.03,0.04,22.08,22.08,18.39
97,2024,의왕도시공사,2225.84,96.34,3.8,-8.06,-1.69,-18.53,-1.62,0.2,0.21,93.41,93.41,84.36
98,2024,고양도시관리공사,436.96,44.35,125.48,0.73,0.14,0.07,0.06,8.57,19.46,100.69,100.69,100.07
99,2024,양양군상수도,7100.72,99.71,0.29,-49.33,-2.81,-46.64,-2.8,0.06,0.006,71.13,71.13,66.37
100,2024,계룡시상수도,5790.74,9.36,0.65,-38.42,-3.24,-72.46,-3.22,0.08,0.08,77.95,77.95,58.02
101,2024,증평군하수도,184.57,91.67,9.09,-115.14,-4.27,-190.88,-3.88,0.034,0.037,61.82,61.82,34.38
102,2024,고양시하수도,27037.47,99.72,0.28,-9.0,-0.88,-14.22,-0.88,0.1,0.1,92.12,92.12,87.55
103,2024,음성군하수도,200.05,91.35,9.47,409.65,5.01,889.42,4.53,0.011,0.012,59.81,59.81,10.11
104,2024,김천시하수도,23924.34,99.97,0.03,-99.2,-6.85,-126.65,-6.85,0.07,0.07,56.26,56.26,44.12
105,2024,화순군하수도,0.0,100.0,0.0,-382.55,-3.55,-905.46,0.0,0.01,0.01,61.97,61.97,9.95
106,2024,화순군상수도,16164.94,99.81,0.19,-51.48,-1.74,-99.9,-1.73,0.03,0.03,75.37,75.37,49.79
107,2024,영동군상수도,640161.04,99.75,0.25,-116.0,-4.36,-121.58,-4.35,0.04,0.04,48.45,48.45,45.14
108,2024,포항시시설관리공단,125.54,20.35,391.52,0.0,0.0,0.0,0.0,36.68,168.32,100.0,100.0,100.0
109,2024,춘천도시공사,168.57,56.33,77.51,5.7,12.17,-0.69,7.44,1.31,2.14,105.97,100.46,99.31
110,2024,이천시하수도,1458.77,99.82,0.18,-100.06,-9.85,-125.98,-9.84,0.1,0.1,55.75,55.75,44.25
111,2024,강릉관광개발공사,132.61,60.59,65.04,4.26,7.93,3.53,5.41,1.27,1.86,122.01,122.01,103.7
112,2024,보령시시설관리공단,116.47,14.14,607.2,0.0,0.0,0.0,0.0,8.51,56.16,100.0,100.0,100.0
113,2024,당진도시공사,335.21,88.76,12.66,-19.94,-0.06,-23.14,-0.05,0.3,0.27,152.65,152.65,4.73
114,2024,연천군하수도,33998.11,99.99,0.01,-144.26,-1.85,-493.74,-1.85,0.01,0.01,75.72,75.72,16.84
115,2024,칠곡군하수도,177.42,83.09,20.35,-114.76,-3.44,-426.85,-2.82,0.02,0.03,79.06,79.06,18.98
116,2024,의령친환경골프장관리사업소,6497.94,99.76,0.24,-0.85,-0.05,32.25,-0.11,6.25,6.28,100.83,99.17,67.75
117,2024,경기도고덕국제화계획지구조성사업,118.0,0.0,0.0,0.0,0.0,0.0,0.42,0.0,0.0,643.08,643.08,0.0
118,2024,인천광역시제물포구시설관리공단,225.0,56.0,80.0,0.0,0.0,0.02,0.0,21.0,38.0,100.0,100.0,100.2
119,2024,여수시도시관리공단,207.32,51.72,93.33,0.0,0.0,0.0,0.0,29.34,91.91,100.0,0.0,0.0
120,2024,단양군상수도,987.42,99.35,0.65,24.08,1.25,68.73,1.24,0.05,0.05,86.22,86.22,63.87
121,2024,영덕군상수도,1476.46,98.36,1.67,-24.98,-1.91,-37.65,-1.88,0.08,0.08,81.98,81.98,72.16
122,2024,양산시시설관리공단,150.34,33.49,198.63,0.0,0.0,0.01,0.0,41.8,124.83,100.0,100.0,100.01
123,2024,동두천시하수도,43140.86,99.97,0.03,-23.27,-1.98,-44.2,-1.98,0.09,0.09,84.18,84.18,69.35
124,2024,부산광역시기장군도시관리공단,112.77,32.87,204.25,0.0,0.0,0.0,0.0,19.4,61.64,100.0,100.0,100.0
125,2024,함안지방공사,440.06,75.36,32.7,3.13,5.22,0.45,4.04,129.13,166.72,103.11,104.07,100.45
126,2024,의성군상수도,37065.46,100.0,0.02,-182.6,-4.37,-260.91,-4.37,0.02,0.02,52.08,52.08,27.61
127,2024,안산도시공사,171.23,56.81,76.02,2.07,0.64,1.29,0.36,0.17,0.31,102.07,102.7,101.31
128,2024,파주시하수도,571.64,88.17,13.42,-65.68,-3.98,-72.04,-3.48,0.05,0.06,63.41,63.41,58.13
129,2024,포항시하수도,466.0,76.08,31.45,-46.14,-1.53,-271.07,-1.13,0.02,0.03,88.58,88.58,58.56
130,2024,보령시하수도,652.32,92.64,7.95,-263.18,-6.53,-281.88,-5.97,0.02,0.02,33.07,33.07,26.19
131,2024,제주관광공사,285.84,69.45,43.98,-2.8,-6.11,-4.24,-4.28,1.5,2.2,97.34,97.34,95.94
132,2024,울주군시설관리공단,138.0,28.0,263.0,0.0,0.0,0.0,0.0,24.0,90.0,100.0,100.0,100.0
133,2024,양평공사,206.02,54.19,84.55,10.63,44.72,9.15,26.22,2.47,4.21,111.7,111.7,110.08
134,2024,당진시하수도,622.25,94.45,5.88,-109.44,-3.56,-208.54,-3.35,0.03,0.03,65.9,65.9,32.41
135,2024,평택도시공사,216.23,40.44,147.31,16.34,7.42,10.44,2.86,0.18,0.45,115.34,120.35,110.28
136,2024,강화군시설관리공단,385.37,73.4,35.25,0.0,0.0,0.0,0.0,9.81,13.23,100.0,100.0,100.0
137,2024,군포도시공사,1303.2,92.58,8.01,0.51,0.63,0.0,0.58,1.15,1.24,100.0,100.0,97.85
138,2024,전주시시설관리공단,26.57,17.06,486.28,0.0,0.0,0.74,0.0,3.32,61.34,100.0,100.0,99.26
139,2024,화성도시공사,252.01,67.63,47.86,0.81,0.47,-5.31,0.33,0.4,0.58,100.76,100.97,94.96
140,2024,화성시하수도,576719.12,100.0,0.0,-47.43,-4.53,-56.85,-4.53,0.1,0.1,69.78,69.78,63.76
141,2024,울산광역시남구도시관리공단,104.6,47.7,109.6,0.0,0.0,0.0,0.0,45.2,101.6,100.0,100.0,100.0
142,2024,강릉시하수도,408.12,92.47,8.15,-78.8,-4.86,-76.48,-4.45,0.06,0.06,56.34,56.34,56.66
143,2024,인천경제자유구역청,1653.06,98.69,1.32,3.34,0.04,0.0,0.04,0.014,0.014,101.93,101.93,60.8
144,2024,거제시하수도,3709.09,97.28,2.8,66.39,1.75,-164.73,1.7,0.03,0.03,124.92,124.92,37.77
145,2024,노원구시설관리공단,129.07,100.0,354.52,0.0,0.0,0.0,0.0,13.76,54.96,100.0,100.0,100.0
146,2024,남양주도시공사,167.12,53.08,88.41,2.76,2.39,0.36,1.25,0.46,0.87,102.75,103.48,100.36
147,2024,중구시설관리공단,109.22,21.83,358.0,0.0,0.0,0.0,0.0,10.52,54.82,100.0,100.0,100.0
148,2024,함안군상수도,1217.98,99.85,0.15,-54.01,-3.53,-73.72,-3.53,0.07,0.07,69.79,69.79,58.53
149,2024,통영관광개발공사,769.42,94.76,5.53,4.16,1.08,-16.01,1.04,0.25,0.26,103.11,103.75,86.2
150,2024,영양고추유통공사,148.44,49.92,100.32,3.92,5.35,4.58,2.35,0.6,1.36,104.2,104.2,104.8
151,2024,음성군상수도,417764.99,99.98,0.02,612.52,-0.88,-12.35,-0.88,13.51,13.52,94.48,94.48,90.16
152,2024,울산광역시도시공사,219.9,51.9,92.6,17.5,3.5,3.1,1.7,0.1,0.2,117.1,120.3,103.2
153,2024,부안군상수도,5789.65,99.17,0.84,-29.31,-4.13,-69.23,-4.09,0.14,0.14,82.98,82.98,59.09
154,2024,관악구시설관리공단,126.4,46.99,112.82,0.0,0.0,0.0,0.0,12.99,30.08,100.0,100.0,100.0
155,2024,안동시시설관리공단,126.15,20.73,382.47,0.0,0.0,0.0,0.0,38.16,153.73,100.0,100.0,100.0
156,2024,인천환경공단,193.4,48.0,107.1,0.0,0.0,0.0,0.0,12.0,26.1,100.0,100.0,100.0
157,2024,제천시하수도,245.44,75.8,31.93,-220.66,-7.27,-336.24,-5.4,0.03,0.02,54.01,54.01,22.92
158,2024,은평구시설관리공단,206.28,57.93,72.61,0.0,0.0,0.0,0.0,17.17,29.58,100.0,100.0,100.0
159,2024,충주시하수도,779.97,85.06,17.56,-21.45,-1.64,-69.82,-1.42,0.07,0.08,87.98,87.98,58.88
160,2024,충청남도개발공사,291.76,59.54,67.97,8.82,1.8,3.89,1.09,0.12,0.2,108.84,111.77,104.05
161,2024,창원레포츠파크,236.76,59.0,69.49,0.0,0.0,-1.12,0.0,26.76,47.47,100.0,100.0,98.89
162,2024,광주환경공단,98.62,6.6,1414.83,0.0,0.0,0.0,0.0,11.27,154.58,100.0,100.0,99.1
163,2024,대구공공시설관리공단,166.07,92.89,7.66,-2.66,-2.63,-2.7,-2.44,0.92,0.99,98.13,98.13,97.37
164,2024,부산환경공단,100.0,0.0,0.0,0.0,0.0,0.0,0.0,17.16,0.0,100.0,100.0,100.0
165,2024,창원시설공단,55.26,29.03,244.5,0.0,0.0,0.0,0.0,15.11,45.99,100.0,100.0,100.0
166,2024,청주시시설관리공단,121.17,16.97,489.25,0.0,0.0,0.0,0.0,0.0,0.0,0.0,0.0,0.0
167,2024,정선군시설관리공단,113.94,12.24,717.2,0.0,0.0,0.0,0.0,19.2,154.62,100.0,100.0,100.0
168,2024,동해시시설관리공단,113.37,42.36,136.06,0.21,4.21,0.21,1.77,8.41,19.96,100.21,100.21,100.21
169,2024,속초시시설관리공단,131.26,23.81,319.93,0.0,0.0,0.0,0.0,16.8,69.12,100.0,100.0,100.0
170,2024,연천군시설관리공단,153.0,34.0,186.0,0.0,0.0,0.0,0.0,35.0,64.0,100.0,100.0,100.0
171,2024,가평군시설관리공단,112.24,9.03,986.38,0.0,0.0,0.0,0.0,78.13,6.73,100.0,100.0,100.0
172,2024,안성시시설관리공단,86.7,1.32,7480.13,0.0,0.0,0.0,0.0,7.5,586.53,100.0,109.19,109.19
173,2024,시흥도시공사,790.1,87.3,14.54,7.69,5.12,2.26,4.32,0.56,0.67,107.71,109.9,102.31
174,2024,부천도시공사,238.9,36.3,175.3,1.4,1.3,1.6,0.5,0.36,0.89,101.7,101.7,101.6
175,2024,수원도시공사,189.57,46.96,112.96,0.67,0.7,-3.24,0.33,0.49,1.05,100.65,100.66,96.86
176,2024,울산시설공단,124.24,21.63,362.38,0.0,0.0,0.0,0.0,28.16,111.53,100.0,100.0,100.0
177,2024,대전광역시시설관리공단,129.64,22.98,335.25,0.08,2.95,-0.9,0.6,7.92,39.03,100.07,100.08,99.11
178,2024,인천광역시서구시설관리공단,189.15,47.13,112.17,0.0,0.0,0.0,0.0,21.05,43.82,100.0,100.0,100.0
179,2024,인천광역시계양구시설관리공단,179.0,45.24,121.03,0.0,0.0,0.0,0.0,14.28,28.88,100.0,0.0,0.0
180,2024,인천광역시부평구시설관리공단,157.83,36.68,172.65,0.0,0.0,0.0,0.0,24.34,63.57,100.0,100.0,100.0
181,2024,남동구도시관리공단,57.44,16.27,514.6,0.0,0.0,0.0,0.0,9.01,37.27,100.0,100.0,100.0
182,2024,인천광역시미추홀구시설관리공단,196.8,50.73,97.13,0.0,0.0,0.0,0.0,17.55,33.85,100.0,100.0,100.0
183,2024,인천시설공단,128.49,40.1,149.35,0.0,0.0,0.0,0.0,5.3,13.16,100.0,100.0,100.0
184,2024,부산시설공단,120.86,7.64,1209.7,0.03,1.12,1.14,0.09,3.0,37.07,100.03,100.03,101.15
185,2024,중랑구시설관리공단,179.84,43.41,130.35,0.0,0.0,0.0,0.0,13.3,32.02,100.0,100.0,100.0
186,2024,종로구시설관리공단,179.45,45.98,117.5,0.0,0.0,0.0,0.0,10.1,22.88,100.0,100.0,100.0
187,2024,용산구시설관리공단,153.87,35.01,185.63,0.0,0.0,0.0,0.0,16.29,46.46,100.0,100.0,100.0
188,2024,영등포구시설관리공단,184.73,57.54,73.79,0.0,0.0,0.0,0.0,6.23,10.52,100.0,100.0,100.0
189,2024,양천구시설관리공단,241.22,65.62,52.4,0.0,0.0,0.0,0.0,11.88,19.62,92.24,100.0,100.0
190,2024,송파구시설관리공단,63.21,59.05,69.35,0.0,0.0,0.0,0.0,5.25,8.38,100.0,100.0,100.0
191,2024,성북구도시관리공단,110.18,16.57,503.46,0.0,0.0,0.0,0.0,10.95,64.88,100.0,100.0,100.0
192,2024,성동구도시관리공단,153.41,43.62,129.27,0.0,0.0,0.1,0.0,13.98,32.32,100.0,100.0,100.1
193,2024,서대문구도시관리공단,122.23,34.561,189.31,0.0,0.0,0.0,0.0,8.94,25.92,100.0,100.0,100.0
194,2024,마포구시설관리공단,159.23,28.07,256.31,0.0,0.0,8.03,0.0,8.54,29.63,100.0,100.0,108.82
195,2024,동작구시설관리공단,142.7,42.3,136.5,0.0,0.0,0.0,0.0,904.7,2140.0,100.0,100.0,100.0
196,2024,동대문구시설관리공단,241.0,49.7,101.4,0.0,0.0,0.0,0.0,13.17,25.27,100.0,100.0,100.0
197,2024,도봉구시설관리공단,91.24,18.04,454.24,0.0,0.0,0.0,0.0,0.0,0.0,100.0,100.0,0.0
198,2024,금천구시설관리공단,177.71,44.03,127.12,0.0,0.0,0.0,0.0,14.64,33.1,100.0,100.0,100.0
199,2024,구로구시설관리공단,128.0,36.0,177.0,0.0,0.0,0.0,0.0,7.0,29.0,100.0,100.0,0.0
200,2024,광진구시설관리공단,141.3,29.23,242.12,0.0,0.0,0.0,0.0,22.52,74.65,100.0,100.0,100.0
201,2024,강서구시설관리공단,159.41,36.39,174.77,0.0,0.0,0.0,0.0,5.52,15.41,68.92,68.92,68.42
202,2024,강북구도시관리공단,123.94,17.44,473.24,0.0,0.0,0.0,0.0,11.87,71.68,100.0,100.0,100.0
203,2024,강동구도시관리공단,112.67,45.73,118.66,0.0,0.0,0.0,0.0,14.59,33.89,100.0,100.0,100.0
204,2024,강남구도시관리공단,160.08,53.28,87.68,0.0,0.0,0.0,0.0,16.04,31.99,100.0,100.0,100.0
205,2024,서울시설공단,212.8,10.3,868.6,0.0,0.0,-1.8,0.0,1.4,13.8,100.0,100.0,98.21
206,2024,창녕군시설관리공단,100.19,11.21,792.09,-0.66,0.0,0.0,0.0,63.1,7.69,100.0,100.0,99.34
207,2024,청도공영사업공사,353.0,73.89,35.33,0.19,1.58,-22.38,1.09,5.67,8.2,100.16,100.16,81.71
208,2024,하남도시공사,224.02,58.72,70.29,-45.71,-2.24,-69.43,-1.24,0.03,0.05,71.58,65.9,59.02
209,2024,용인도시공사,162.68,39.31,154.37,28.22,8.17,-4.26,3.15,0.11,0.29,125.51,131.81,95.92
210,2024,경기평택항만공사,144.24,87.11,14.79,5.96,1.02,4.66,0.89,0.15,0.17,106.2,107.06,104.88
211,2024,광주도시관리공사,410.79,75.19,33.0,2.72,3.67,1.13,2.73,1.0,1.35,102.73,103.45,101.14
212,2024,경기관광공사,186.5,96.97,3.12,-4.3,-1.34,-5.44,-1.3,0.3,0.31,94.77,94.77,94.84
213,2024,구리농수산물공사,4519.9,93.84,6.56,8.37,0.61,-3.34,0.57,0.07,0.07,107.88,109.97,96.77
214,2024,광주광역시 관광공사,190.41,97.86,2.19,-8.85,-1.58,-28.17,-1.54,0.17,0.18,93.09,93.09,78.02
215,2024,서울특별시농수산식품공사,181.4,82.18,21.68,8.89,0.95,11.58,0.78,0.09,0.11,109.12,113.12,132.61
216,2024,제주특별자치도개발공사,507.18,74.78,33.72,18.14,9.51,18.99,7.13,0.39,0.53,120.68,128.22,123.45
217,2024,경남개발공사,176.9,38.4,160.5,-5.7,-1.2,-9.6,-0.5,8.2,21.3,94.8,93.6,91.3
218,2024,경상북도개발공사,557.5,65.33,53.05,23.2,3.19,27.57,2.07,8.92,13.76,128.27,140.84,138.07
219,2024,전남개발공사,653.88,79.07,26.47,15.1,3.63,19.47,2.65,0.18,0.24,115.75,121.44,124.18
220,2024,전북개발공사,281.45,44.7,123.69,2.2,1.0,3.88,0.43,0.2,0.45,102.17,102.73,104.04
221,2024,충북개발공사,274.1,36.47,174.21,5.12,1.46,9.25,0.53,0.1,0.28,105.18,106.84,110.19
222,2024,강원개발공사,70.91,23.81,319.91,3.04,4.54,3.87,0.82,0.27,1.49,103.06,103.05,104.02
223,2024,경기주택도시공사,232.32,27.2,267.6,19.53,5.39,22.36,1.49,0.08,0.28,122.65,132.04,128.79
224,2024,대전도시공사,218.2,52.47,90.59,9.27,5.63,11.01,2.91,0.31,0.61,110.02,113.19,112.37
225,2024,광주광역시도시공사,287.88,27.57,262.72,5.01,1.22,4.28,0.34,0.07,0.24,104.95,106.2,104.47
226,2024,인천도시공사,228.67,33.64,197.3,2.95,1.0,14.28,0.34,0.11,0.34,112.92,133.32,122.66
227,2024,대구도시개발공사,504.73,51.6,93.81,16.37,9.03,20.39,4.24,25.89,55.15,119.26,126.35,125.61
228,2024,부산도시공사,1109.56,59.74,67.4,13.29,4.06,13.24,2.51,0.19,0.31,114.48,119.67,115.26
229,2024,서울주택도시개발공사,221.95,33.92,194.82,11.82,1.51,10.29,0.53,0.04,0.13,111.96,116.48,111.47
230,2024,대전교통공사,224.78,96.42,3.71,-42.8,-2.7,-87.44,-2.6,0.06,0.06,77.18,84.65,53.35
231,2024,광주교통공사,253.3,94.47,5.85,-149.3,-3.97,-351.44,-3.76,0.025,0.03,68.94,68.94,22.15
232,2024,인천교통공사,80.31,89.88,11.26,-53.77,-3.95,-93.4,-3.57,6.64,7.34,72.58,72.58,51.71
233,2024,대구교통공사,62.53,83.97,19.1,-84.9,-5.0,-161.08,-4.2,0.05,0.06,67.77,67.77,38.3
234,2024,부산교통공사,-1.46,55.96,78.71,-38.26,-5.18,-160.1,-2.97,0.08,0.14,85.78,85.78,38.45
235,2024,진주시공영개발,0.0,100.0,0.0,0.0,2.77,0.0,2.77,0.0,0.0,1424.0,1424.0,0.0
236,2024,창원시주택건설사업,18944.7,47.52,110.43,-148.88,-8.37,-153.71,-4.05,0.03,0.06,43.9,43.9,39.41
237,2024,광양시공영개발,0.0,95.54,4.66,-12.25,-0.02,-90.83,-0.02,0.0,0.0,93.58,93.58,52.4
238,2024,순천시공영개발,4516108.27,100.0,0.0,0.0,1.48,0.0,1.48,0.0,0.0,409.45,409.45,0.0
239,2024,목포시공영개발,0.0,100.0,0.0,-3.09,-0.08,-15.68,-0.08,0.0,0.02,97.33,97.33,86.45
240,2024,익산시공영개발,261.36,84.91,17.77,22.87,0.53,8.18,0.45,0.02,0.023,124.91,124.91,108.91
241,2024,계룡시공영개발,714.27,87.5,14.29,-31.0,1.0,-76.0,-1.0,0.03,0.03,82.37,82.37,56.85
242,2024,세종특별자치시공영개발,394.88,91.08,9.79,0.0,0.7,0.0,0.64,0.0,0.0,501.54,501.54,0.0
243,2024,아산시공영개발,0.0,100.0,0.0,-854.35,-7.63,-1719.66,-7.63,0.009,0.009,53.05,53.05,5.5
244,2024,천안시공영개발,0.0,100.0,0.0,0.0,1.72,0.0,1.72,0.0,0.0,9226.13,0.0,0.0
245,2024,음성군공영개발,65116.73,68.84,14.43,94.14,7.45,62.65,6.48,0.07,0.08,209.04,209.04,267.75
246,2024,충주시공영개발,1.0512293795E11,99.47,0.54,6.63,0.46,0.49,0.46,0.07,0.07,106.48,106.48,100.49
247,2024,강릉시공영개발,1919.85,97.8,2.25,-127.24,-3.03,-44.13,-2.95,0.02,0.02,50.81,50.81,69.38
248,2024,원주시공영개발,244.95,80.88,23.63,28.47,8.56,15.29,6.9,0.24,0.3,133.61,133.61,118.05
249,2024,춘천시공영개발,0.0,100.0,0.0,-49471.42,-5.45,-51.28,-5.45,0.0,0.0,27.48,27.48,66.1
250,2024,경기도판교테크노밸리조성사업,663083.0,99.9,0.004,-237.4,-2.89,-196.0,-2.89,0.012,0.012,40.5,40.5,33.8
251,2024,안성시공영개발,0.0,100.0,0.0,0.0,2.14,0.0,2.14,0.0,0.0,419.39,419.39,0.0
252,2024,의왕시공영개발,524.5,92.31,8.33,0.0,0.69,0.0,0.65,0.0,0.0,224.11,224.11,0.0
253,2024,시흥시공영개발,441.57,85.06,17.56,-377.89,-4.59,-479.04,-3.91,0.01,0.01,34.74,34.74,17.27
254,2024,의정부시공영개발,0.0,100.0,0.0,0.0,1.09,0.0,1.09,0.0,0.0,338.75,338.75,0.0
255,2024,성남시공영개발,220.89,59.54,67.94,-0.63,0.0,-3.66,-0.27,0.01,0.01,86.47,86.47,21.47
256,2024,제주특별자치도하수도,126.55,67.5,48.16,-166.53,-12.17,-160.34,-8.17,0.05,0.07,43.9,43.9,38.41
257,2024,창녕군하수도,0.0,100.0,0.0,-387.93,-2.44,-928.88,-2.44,0.01,0.01,62.3,62.3,9.72
258,2024,양산시하수도,0.0,89.61,11.6,-33.2,-2.29,-58.21,-2.04,0.06,0.07,80.1,80.1,63.21
259,2024,밀양시하수도,3531.54,99.95,0.05,-131.54,-2.42,-234.82,0.0,0.02,0.02,60.71,60.71,29.87
260,2024,통영시하수도,29.3,46.94,113.02,-269.53,-23.49,-277.53,-10.73,0.04,0.09,38.99,38.99,26.49
261,2024,거창군하수도,226.33,90.99,9.9,-232.94,-1.76,-966.6,-1.59,0.01,0.01,79.31,79.31,9.38
262,2024,사천시하수도,0.0,100.0,0.0,-93.86,-4.38,-121.87,-4.38,0.05,0.05,57.85,57.85,45.07
263,2024,김해시하수도,680.01,85.81,16.54,-32.73,-2.52,-41.46,-2.14,0.08,0.07,78.26,78.26,70.69
264,2024,진주시하수도,322.36,81.55,22.63,-195.27,-8.9,-193.8,-7.17,0.04,0.05,37.75,37.75,34.04
265,2024,창원시하수도,-44103.0,90.34,10.69,-18.98,-2.44,-30.22,-2.2,0.12,0.13,85.83,85.83,76.79
266,2024,영주시하수도,718.0,53.8,858.0,-545.9,-16.9,-799.1,-8.7,0.02,0.03,46.3,46.3,11.1
267,2024,상주시하수도,167.05,45.69,118.84,-752.96,-45.56,-756.48,-19.72,0.03,0.06,18.7,18.7,11.68
268,2024,경산시하수도,0.0,100.0,0.0,-72.39,-4.93,-98.15,-4.93,0.07,0.07,63.47,63.47,50.47
269,2024,영천시하수도,0.0,100.0,0.0,-256.81,-3.77,-452.26,-3.77,0.02,0.02,53.59,53.59,18.11
270,2024,안동시하수도,256258.31,100.0,0.0,-234.52,-6.76,-302.71,-6.76,0.03,0.03,42.17,42.17,24.83
271,2024,구미시하수도,257466.12,85.56,9.86,-61.82,-5.32,-87.36,-4.83,0.08,0.09,67.09,67.09,53.37
272,2024,경주시하수도,222.15,75.42,32.59,-246.6,-13.57,-329.72,-10.03,0.04,0.06,45.87,45.87,23.27
273,2024,영암군하수도,0.0,100.0,0.0,-244.33,-5.34,-302.8,-5.34,0.02,0.02,39.36,39.36,24.83
274,2024,나주시하수도,158.46,86.71,15.32,-298.17,-5.64,-465.05,-4.86,0.02,0.02,52.11,52.11,17.7
275,2024,순천시하수도,119.78,87.48,14.31,-112.91,-6.98,-113.65,-6.1,0.06,0.05,49.82,49.82,46.8
276,2024,목포시하수도,405.04,85.69,16.7,-119.57,-126.64,-6.18,-5.24,0.04,0.05,48.28,48.48,45.54
277,2024,정읍시하수도,22823.7,90.59,10.38,-151.222215,-10.51,-222.65,-9.46,0.07,0.06,53.13,53.13,30.99
278,2024,익산시하수도,210.25,79.12,26.39,-101.68,-7.08,-172.41,-5.61,0.06,0.07,66.26,66.26,35.18
279,2024,완주군하수도,0.0,100.0,0.0,-7.26,-1.07,-14.41,-1.07,0.15,0.15,94.9,94.9,89.88
280,2024,전주시하수도,419.07,91.79,8.94,-22.47,-2.29,-24.46,-2.09,0.1,0.09,82.34,82.34,80.35
281,2024,서산시하수도,342.36,86.82,15.19,-201.88,-7.79,-232.92,-6.68,0.03,0.04,42.6,42.6,30.04
282,2024,아산시하수도,294.67,94.32,6.02,-39.26,-1.58,-171.22,-1.48,0.04,0.04,85.79,85.79,36.87
283,2024,천안시하수도,775.52,88.36,13.17,-64.91,-57.76,-66.72,-5.01,0.08,0.09,62.27,62.27,59.98
284,2024,공주시하수도,511.74,98.51,1.51,-333.61,-5.73,-584.04,-5.69,0.02,0.02,51.23,51.23,14.62
285,2024,청주시하수도,2616.73,98.71,1.31,-5.88,-0.67,-11.17,-0.66,0.11,0.11,94.78,94.9,89.95
286,2024,속초시하수도,9229.2,97.04,3.05,-56.52,-4.34,-63.52,-4.2,0.07,0.08,67.47,67.47,63.33
287,2024,춘천시하수도,757.94,87.8,13.89,-113.59,-4.71,-176.16,-4.09,0.04,0.04,60.29,60.29,36.21
288,2024,가평군하수도,43567.49,99.96,0.04,-255.85,-4.41,-420.25,-4.41,0.02,0.02,50.84,50.84,19.22
289,2024,김포시하수도,373.71,74.77,33.73,-90.54,-8.68,-86.97,-6.39,0.07,0.1,55.21,55.21,52.54
290,2024,안양시하수도,953.8,99.32,0.69,-28.43,-2.32,-37.12,-2.3,0.08,0.08,79.29,79.29,72.93
291,2024,평택시하수도,297.8,87.81,9.34,-104.01,-5.81,-102.94,-5.29,0.05,0.06,51.33,51.33,49.28
292,2024,광주시하수도,31185.24,99.64,0.36,-40.28,-2.42,-100.54,-2.41,0.06,0.06,80.05,80.05,49.87
293,2024,안성시하수도,880.27,89.76,11.41,-195.44,-7.17,-194.99,-6.41,0.03,0.04,37.2,37.2,33.9
294,2024,의왕시하수도,110306.3,99.53,0.47,-33.6,-4.0,-39.82,-3.98,0.12,0.12,75.97,75.97,71.52
295,2024,용인시하수도,680.13,93.79,6.63,-84.51,-4.94,-112.09,-4.59,0.05,0.06,60.76,60.76,47.15
296,2024,군포시하수도,64497.38,99.86,0.14,-67.99,-9.75,-77.88,-9.74,0.14,0.14,61.85,61.85,56.22
297,2024,오산시하수도,213328.87,99.95,0.05,-8.79,-1.0,-15.21,-1.0,0.11,0.11,92.39,92.39,86.8
298,2024,포천시하수도,4446.72,99.95,0.05,-222.23,-5.13,-323.4,-5.12,0.02,0.02,48.12,48.12,23.62
299,2024,시흥시하수도,80.53,80.12,24.81,-15.42,-2.0,-14.12,-1.67,0.11,0.13,87.21,87.21,87.63
300,2024,구리시하수도,126590.14,99.91,0.09,-70.55,-1.94,-0.13,-0.07,0.07,0.07,98.86,98.86,58.63
301,2024,성남시하수도,21844.83,95.58,4.63,-10.37,-1.52,-11.0,-1.48,0.14,0.15,90.78,90.78,90.09
302,2024,과천시하수도,147214.0,98.99,1.02,-30.28,-5.14,-31.14,-5.09,0.17,0.17,76.91,76.91,76.25
303,2024,안산시하수도,84886.04,99.72,0.28,-23.66,-2.85,-27.48,-2.84,0.12,0.12,81.77,81.77,78.44
304,2024,부천시하수도,302136.09,99.92,0.08,8.58,0.71,-0.41,0.71,0.08,0.08,108.32,108.32,99.59
305,2024,광명시하수도,1858.22,94.33,6.01,-63.99,-14.16,-68.05,-13.44,0.21,0.22,61.92,61.92,59.51
306,2024,의정부시하수도,1410854.0,99.09,0.92,-50.81,-4.76,-56.37,-4.74,0.09,0.09,67.63,67.63,63.95
307,2024,수원시하수도,105705.07,99.81,0.19,-32.67,-2.79,-39.06,-2.78,0.09,0.09,77.08,77.08,71.91
308,2024,울산광역시하수도,394.5,88.5,13.0,-11.2,-1.8,-19.2,-1.6,0.143,0.163,90.8,90.8,83.9
309,2024,대전광역시하수도,737.19,83.05,20.41,-0.26,-0.04,1.23,-0.04,0.14,0.17,99.75,99.75,101.24
310,2024,광주광역시하수도,624.58,85.46,17.02,-41.66,-4.78,-41.52,-4.07,0.1,0.11,72.05,72.05,70.66
311,2024,인천광역시하수도,799.24,96.09,4.07,0.0,0.0,0.0,0.0,0.16,0.17,78.85,78.85,76.42
312,2024,대구광역시하수도,0.0,100.0,0.0,-4.45,-0.33,-26.22,-0.33,0.08,0.08,96.48,96.48,79.23
313,2024,부산광역시하수도,576.38,83.17,20.24,-21.19,-2.41,-17.08,-2.03,0.1,0.11,82.93,82.93,85.41
314,2024,제주특별자치도상수도,498.64,87.37,14.45,-1.6,-0.15,-12.72,-0.13,0.1,0.08,98.72,98.72,88.71
315,2024,거창군상수도,177037.81,99.91,0.09,-52.66,-1.91,-85.0,-1.91,0.04,0.04,73.17,73.17,53.98
316,2024,창녕군상수도,0.0,99.52,0.48,-58.67,-4.58,-72.41,-4.56,0.08,0.08,66.81,66.81,58.25
317,2024,양산시상수도,8895.1,99.77,0.23,-8.54,-1.07,-13.78,-1.07,0.13,0.13,92.75,92.75,87.58
318,2024,거제시상수도,0.0,100.0,0.0,-13.66,-1.55,-39.8,-1.55,0.11,0.11,90.48,90.48,71.89
319,2024,밀양시상수도,36501.52,99.58,0.42,-82.7,-4.01,-90.26,-3.99,0.05,0.05,60.28,60.28,52.28
320,2024,김해시상수도,473054.35,100.0,0.0,1.34,0.14,-4.47,0.14,0.1,0.1,101.26,101.26,96.23
321,2024,사천시상수도,0.0,100.0,0.0,-14.24,-1.75,-22.67,-1.75,0.12,0.12,88.74,88.74,81.4
322,2024,통영시상수도,0.0,100.0,0.0,3.72,0.76,-4.41,0.76,0.2,0.2,103.38,103.38,95.9
323,2024,진주시상수도,52266.0,99.87,0.13,15.21,1.27,21.54,1.26,0.08,0.08,88.39,88.39,81.65
324,2024,창원시상수도,73335.22,97.9,2.15,-18.43,-2.53,-22.94,-2.49,0.14,0.14,85.19,85.19,81.37
325,2024,경산시상수도,4120.82,98.23,1.81,-29.45,-2.79,-35.46,-2.74,0.09,0.09,78.86,78.86,74.92
326,2024,문경시상수도,0.0,99.73,0.28,-54.09,-2.54,-90.56,-2.53,0.05,0.05,72.42,72.42,52.59
327,2024,상주시상수도,357251.75,99.96,0.04,-60.89,-1.82,-69.25,-1.81,0.03,0.03,65.08,65.08,59.1
328,2024,칠곡군상수도,0.0,100.0,0.0,-21.88,-1.84,-65.54,-1.84,0.08,0.08,87.33,87.33,60.39
329,2024,울진군상수도,1250.88,99.85,0.15,-88.57,-1.87,-167.18,-1.84,0.02,0.02,78.8,78.8,37.71
330,2024,영천시상수도,9599.78,99.95,0.05,-85.48,-3.31,-114.07,-3.31,0.04,0.04,61.76,61.76,46.78
331,2024,영주시상수도,45277.0,99.37,0.63,-63.7,-2.96,-69.26,-2.94,0.05,0.05,63.65,63.65,59.12
332,2024,구미시상수도,3023.65,97.45,1.34,8.84,1.91,0.85,1.89,0.21,0.22,108.7,108.7,101.44
333,2024,안동시상수도,66883.43,99.98,0.02,-3.91,-0.21,-23.53,-0.21,0.05,0.05,96.95,96.95,80.64
334,2024,김천시상수도,21299.0,99.94,0.06,-40.83,-2.53,-44.94,-2.53,0.06,0.06,73.12,73.12,68.87
335,2024,경주시상수도,4929.6,99.79,0.21,-6.65,-0.83,-13.41,-0.83,0.12,0.12,94.48,94.48,88.28
336,2024,포항시상수도,7781.3,99.4,0.6,7.3,1.1,-28.6,1.1,0.1,0.1,105.5,105.5,77.6
337,2024,영암군상수도,0.0,99.99,0.01,-26.26,-1.51,-79.18,-1.51,0.06,0.06,85.62,85.62,55.95
338,2024,광양시상수도,6008.64,99.89,0.11,-10.65,-0.89,-16.41,-0.88,0.08,0.08,91.2,91.2,87.5
339,2024,나주시상수도,139546.84,93.79,6.62,-28.99,-2.55,-35.47,-2.38,0.08,0.09,79.69,79.69,73.86
340,2024,순천시상수도,96946.0,99.99,0.01,13.02,1.09,5.27,1.09,0.08,0.08,113.28,113.28,105.83
341,2024,여수시상수도,52947.59,99.74,0.26,-21.83,-1.88,-25.97,-1.88,0.09,0.09,83.75,83.75,75.25
342,2024,목포시상수도,6857.16,99.54,0.46,-31.36,-3.46,-37.12,-3.44,0.11,0.11,77.41,77.41,73.05
343,2024,고창군상수도,2791.78,99.92,0.0,3.04,0.04,-166.52,0.04,0.06,0.06,51.15,51.15,38.28
344,2024,완주군상수도,7293.0,99.44,0.57,18.47,3.5,12.24,3.48,0.19,0.19,120.25,120.25,114.2
345,2024,김제시상수도,6510.5,99.4,0.59,-40.7,-3.1,-49.1,-3.1,0.1,0.1,73.4,73.4,67.1
346,2024,남원시상수도,1125.69,98.97,1.04,-99.2,-3.94,-120.28,-3.88,0.04,0.04,56.16,56.16,44.19
347,2024,정읍시상수도,895.13,98.0,2.04,-22.15,-3.03,-41.03,-2.91,0.13,0.14,84.73,84.73,71.05
348,2024,익산시상수도,1188356.68,99.75,0.25,-32.76,-5.11,-32.07,-5.1,0.16,0.16,76.53,76.53,75.34
349,2024,군산시상수도,32289.18,99.81,0.19,7.38,1.21,1.01,1.2,0.163,0.163,107.31,107.31,100.93
350,2024,전주시상수도,1085.47,97.91,2.13,-1.53,-0.27,-5.37,-0.26,0.18,0.17,98.58,98.58,95.24
351,2024,홍성군상수도,887.47,99.6,0.4,-52.82,-4.83,-54.99,-4.81,0.09,0.09,66.82,66.82,64.49
352,2024,당진시상수도,27487.25,99.58,0.42,2.86,0.35,-1.24,0.35,0.12,0.12,102.72,102.72,98.46
353,2024,예산군상수도,0.0,100.0,0.0,-4.77,-0.6,-18.97,-0.6,0.13,0.13,96.31,96.31,84.28
354,2024,논산시상수도,4022.22,99.7,0.3,31.67,-24.18,-1.92,-1.92,0.08,0.08,82.4,82.4,76.57
355,2024,서산시상수도,6822.82,99.91,0.09,-16.85,-1.86,-23.16,-1.86,0.11,0.11,86.88,86.88,81.16
356,2024,아산시상수도,1549.36,99.46,0.54,7.34,1.18,4.29,1.17,0.16,0.16,107.45,107.45,107.36
357,2024,보령시상수도,2558.44,99.64,0.36,-55.08,-2.81,-67.34,-2.81,0.05,0.05,68.71,68.71,59.74
358,2024,공주시상수도,4048.44,99.32,0.69,7.45,0.53,-42.45,0.52,0.07,0.07,105.07,105.07,70.54
359,2024,천안시상수도,142.71,93.97,6.42,-7.47,-1.16,-10.31,-1.12,0.15,0.15,93.56,93.56,90.61
360,2024,옥천군상수도,4248.48,99.86,0.14,-133.13,-4.43,-135.91,-4.43,0.03,0.03,47.24,47.24,42.17
361,2024,제천시상수도,61655.0,99.63,0.38,-0.76,-0.06,-2.31,-0.06,0.08,0.08,99.43,99.43,79.73
362,2024,충주시상수도,9259.76,93.02,7.51,2.24,0.19,-1.76,0.18,0.08,0.08,102.05,102.05,92.82
363,2024,청주시상수도,2662.45,99.15,0.86,14.66,2.13,7.84,2.12,14.45,14.56,115.52,115.52,108.81
364,2024,고성군상수도,23.75,90.14,10.94,-78.44,-3.63,-81.59,-3.28,4.18,4.62,60.63,60.63,55.02
365,2024,철원군상수도,690.66,99.39,0.62,-66.54,-3.1,-66.42,-3.09,0.05,0.05,62.1,62.1,60.1
366,2024,정선군상수도,0.0,100.0,0.0,-80.82,-4.7,-107.76,-4.7,0.06,0.06,62.02,62.02,48.4
367,2024,홍천군상수도,11873.72,99.89,0.11,-122.85,-4.7,-126.97,-4.7,0.04,0.04,48.22,48.22,44.04
368,2024,삼척시상수도,38359.78,99.83,0.17,102.88,4.57,100.0,4.56,0.05,0.05,51.56,49.98,49.4
369,2024,속초시상수도,67263.81,99.67,0.33,13.74,1.26,8.73,1.26,0.09,0.09,114.58,114.58,109.22
370,2024,태백시상수도,6012.67,99.75,0.25,-81.29,-3.2,-169.69,-3.19,3.93,3.93,70.43,70.43,37.23
371,2024,동해시상수도,913.25,99.0,1.01,-17.54,-1.82,-20.48,-1.8,0.1,0.1,85.44,85.44,82.16
372,2024,강릉시상수도,3463.53,99.5,0.5,7.26,0.76,4.8,0.75,0.1,0.1,107.13,107.13,105.32
373,2024,원주시상수도,2061.49,99.59,0.41,12.2,1.65,5.49,1.65,0.13,0.14,112.34,112.34,105.77
374,2024,춘천시상수도,35458.04,98.23,1.8,-3.76,-0.26,-13.48,-0.26,0.07,0.07,96.95,96.95,87.95
375,2024,인제군상수도,101.73,98.19,1.85,-131.35,-3.55,-143.24,-3.48,2.65,2.7,47.13,47.13,41.11
376,2024,평창군상수도,197710.65,100.0,0.0,-178.31,-3.94,-192.06,-3.94,0.02,0.02,41.94,41.94,34.15
377,2024,영월군상수도,14236.56,99.95,0.05,-122.71,-2.77,-221.93,-2.77,0.02,0.02,63.05,63.05,31.2
378,2024,가평군상수도,7736.54,99.08,0.93,-74.78,-3.65,-80346.0,-3.62,0.05,0.05,61.23,61.23,56.18
379,2024,여주시상수도,7926.19,99.93,0.07,-48.41,-2.35,-48.94,-2.34,0.05,0.05,69.78,69.78,66.82
380,2024,양평군상수도,90980.61,99.88,0.12,-4.79,-0.21,-27.82,-0.21,0.04,0.04,96.59,96.59,78.74
381,2024,포천시상수도,15886.94,99.93,0.07,-30.36,-2.67,-37.85,-2.63,0.09,0.09,79.57,79.57,71.82
382,2024,안성시상수도,2040.85,99.48,0.52,-6.65,-0.7,-16.59,-0.7,0.11,0.11,94.68,94.68,86.27
383,2024,연천군상수도,6457.0,99.88,0.12,-25.91,-1.22,-39.2,-1.22,0.05,0.05,82.03,82.03,72.04
384,2024,광주시상수도,31980.96,99.96,0.04,-17.46,-1.07,-26.38,-1.07,0.06,0.06,87.28,87.28,79.24
385,2024,화성시상수도,3679.32,99.76,0.25,-5.98,-0.74,-10.66,-0.74,0.12,0.12,94.83,94.83,90.61
386,2024,이천시상수도,17886.54,99.76,0.31,8.15,0.68,2.48,0.68,0.08,0.08,107.35,107.35,87.37
387,2024,파주시상수도,3703.26,99.24,0.76,10.65,1.57,4.64,1.57,0.15,0.15,111.14,111.14,104.88
388,2024,용인시상수도,1029.01,98.97,1.04,-23.83,-2.93,-27.76,-2.9,0.12,0.12,82.35,82.35,78.62
389,2024,하남시상수도,21576.3,99.91,0.09,-5.69,-0.58,-19.54,-0.58,0.1,0.1,95.48,95.48,83.5
390,2024,양주시상수도,195956.74,100.0,0.0,-7.04,-0.83,-7.76,-0.83,0.12,0.12,93.78,93.78,92.8
391,2024,의왕시상수도,8569.97,99.66,0.34,10.41,1.4,4.43,1.4,0.13,0.13,110.64,110.64,104.49
392,2024,군포시상수도,5051.01,99.46,0.54,-0.27,-0.03,-12.08,-0.03,0.11,0.11,99.76,99.76,89.19
393,2024,시흥시상수도,13222.35,99.76,0.24,3.68,0.63,-0.22,0.63,0.17,0.17,103.62,103.62,100.05
394,2024,오산시상수도,2870.67,99.47,0.53,-10.73,-1.86,-15.86,-1.82,0.17,0.17,91.14,91.14,86.35
395,2024,남양주시상수도,12951.81,99.67,0.33,-17.72,-2.75,-22.46,-2.74,0.16,0.15,85.57,85.57,81.66
396,2024,평택시상수도,5176.11,98.46,0.44,0.75,0.07,-2.83,0.07,0.1,0.1,100.7,100.7,97.37
397,2024,김포시상수도,66633.16,99.62,0.38,-18.48,-1.52,-19.37,-1.52,0.08,0.08,85.5,85.5,83.34
398,2024,구리시상수도,26721.7,99.49,0.51,-49.35,-5.95,-62.02,-5.92,0.12,0.12,69.94,69.94,61.73
399,2024,과천시상수도,3205.56,99.69,0.31,-7.29,-0.88,-12.32,-0.88,0.12,0.12,93.96,93.96,88.88
400,2024,고양시상수도,1200.0,98.89,1.13,-4.17,-1.19,-5.93,-1.17,0.28,0.28,96.17,96.17,94.16
401,2024,안산시상수도,1436.1,99.14,0.87,-11.65,-2.24,-14.59,-2.23,0.19,0.19,90.02,90.02,90.11
402,2024,동두천시상수도,2769.79,82.05,21.88,-56.15,-6.06,-61.45,-5.01,0.09,0.11,65.78,65.78,61.82
403,2024,광명시상수도,3515.65,98.68,1.34,18.46,3.0,10.5,2.95,0.16,0.16,120.23,120.23,111.14
404,2024,부천시상수도,1797.79,98.71,1.3,2.48,0.33,-8.82,0.32,0.13,0.13,102.24,102.24,91.88
405,2024,안양시상수도,6668.13,99.57,0.43,18.55,1.69,2.75,1.68,0.09,0.09,118.63,118.63,102.82
406,2024,의정부시상수도,45364.0,99.98,0.02,-0.46,-0.11,-7.99,-0.11,0.25,0.25,99.58,99.58,92.68
407,2024,성남시상수도,622.17,99.03,0.98,-7.27,-0.96,-11.85,-0.95,0.13,0.13,93.6,93.6,89.36
408,2024,수원시상수도,1275.25,99.43,0.57,-7.05,-1.36,-9.86,-1.35,0.19,0.19,93.69,93.69,90.97
409,2024,울산광역시상수도,1501.3,96.8,3.3,4.1,0.6,3.0,0.6,0.15,0.16,104.0,104.0,106.0
410,2024,대전광역시상수도,999.63,96.7,3.42,-0.9,-0.14,-3.93,-0.13,0.15,0.15,99.16,99.16,96.41
411,2024,광주광역시상수도,892.38,98.37,1.65,-18.58,-2.34,-21.93,-2.3,0.12,0.13,85.31,85.31,82.78
412,2024,인천광역시상수도,1516.46,79.42,5.9,-24.89,-3.5,-30.25,-3.3,0.12,0.14,81.7,81.7,76.56
413,2024,대구광역시상수도,909.7,95.54,4.67,-4.7,-0.74,-7.03,-0.7,0.15,0.16,95.79,96.17,93.57
414,2024,부산광역시상수도,1966.98,99.25,0.76,-18.32,-2.5,-21.38,-2.48,0.14,0.14,85.55,85.55,84.56
415,2024,서울특별시상수도,921.54,97.99,2.05,0.73,0.1,-5.48,0.1,0.14,0.14,100.67,100.67,95.74
